local_filename,suggested_period,period_confirmed,motif_type,keep,width,height,license,page_url,url,description,author,categories
Boddhi_leaves_with_phoenix_motif_architectural_decoration_Ly-Tran_dynasties_11th-14th_century_AD_terracotta_-_National_Museum_of_Vietnamese_History_-_Hanoi_Vietnam_-_DSC05505.JPG,Ly-Tran,,,,5407,3242,CC0,https://commons.wikimedia.org/wiki/File%3ABoddhi_leaves_with_phoenix_motif%2C_architectural_decoration%2C_Ly-Tran_dynasties%2C_11th-14th_century_AD%2C_terracotta_-_National_Museum_of_Vietnamese_History_-_Hanoi%2C_Vietnam_-_DSC05505.JPG,https://upload.wikimedia.org/wikipedia/commons/4/49/Boddhi_leaves_with_phoenix_motif%2C_architectural_decoration%2C_Ly-Tran_dynasties%2C_11th-14th_century_AD%2C_terracotta_-_National_Museum_of_Vietnamese_History_-_Hanoi%2C_Vietnam_-_DSC05505.JPG,"Exhibit in the National Museum of Vietnamese History, Hanoi, Vietnam. Photography was permitted in the museum without restriction. This artwork is old enough so that it is in the public domain.","<a href=""//commons.wikimedia.org/wiki/User:Daderot"" title=""User:Daderot"">Daderot</a>",CC-Zero|Self-published work|Files uploaded by Daderot|Trần dynasty ceramics in the National Museum of Vietnamese History|Bodhi leaves in art|Lý dynasty ceramics in the National Museum of Vietnamese Hi
Bowl_for_domestic_use_Ly-Tran_dynasty_11th-14th_centuries_AD_glazed_ceramic_-_National_Museum_of_Vietnamese_History_-_Hanoi_Vietnam_-_DSC05516.JPG,Ly-Tran,,,,5472,3648,CC0,https://commons.wikimedia.org/wiki/File%3ABowl_for_domestic_use%2C_Ly-Tran_dynasty%2C_11th-14th_centuries_AD%2C_glazed_ceramic_-_National_Museum_of_Vietnamese_History_-_Hanoi%2C_Vietnam_-_DSC05516.JPG,https://upload.wikimedia.org/wikipedia/commons/a/a9/Bowl_for_domestic_use%2C_Ly-Tran_dynasty%2C_11th-14th_centuries_AD%2C_glazed_ceramic_-_National_Museum_of_Vietnamese_History_-_Hanoi%2C_Vietnam_-_DSC05516.JPG,"Exhibit in the National Museum of Vietnamese History, Hanoi, Vietnam. Photography was permitted in the museum without restriction. This artwork is old enough so that it is in the public domain.","<a href=""//commons.wikimedia.org/wiki/User:Daderot"" title=""User:Daderot"">Daderot</a>",CC-Zero|Self-published work|Files uploaded by Daderot|Trần dynasty ceramics in the National Museum of Vietnamese History|Lý dynasty ceramics in the National Museum of Vietnamese History
Bowl_for_domestic_use_Ly-Tran_dynasty_11th-14th_century_AD_glazed_ceramic_-_National_Museum_of_Vietnamese_History_-_Hanoi_Vietnam_-_DSC05518.JPG,Ly-Tran,,,,4601,3312,CC0,https://commons.wikimedia.org/wiki/File%3ABowl_for_domestic_use%2C_Ly-Tran_dynasty%2C_11th-14th_century_AD%2C_glazed_ceramic_-_National_Museum_of_Vietnamese_History_-_Hanoi%2C_Vietnam_-_DSC05518.JPG,https://upload.wikimedia.org/wikipedia/commons/f/f8/Bowl_for_domestic_use%2C_Ly-Tran_dynasty%2C_11th-14th_century_AD%2C_glazed_ceramic_-_National_Museum_of_Vietnamese_History_-_Hanoi%2C_Vietnam_-_DSC05518.JPG,"Exhibit in the National Museum of Vietnamese History, Hanoi, Vietnam. Photography was permitted in the museum without restriction. This artwork is old enough so that it is in the public domain.","<a href=""//commons.wikimedia.org/wiki/User:Daderot"" title=""User:Daderot"">Daderot</a>",CC-Zero|Self-published work|Files uploaded by Daderot|Trần dynasty ceramics in the National Museum of Vietnamese History|Lý dynasty ceramics in the National Museum of Vietnamese History
Bowls_for_domestic_use_Ly-Tran_dynasty_11th-14th_century_AD_celadon_glazed_ceramic_-_National_Museum_of_Vietnamese_History_-_Hanoi_Vietnam_-_DSC05522.JPG,Ly-Tran,,,,5245,2508,CC0,https://commons.wikimedia.org/wiki/File%3ABowls_for_domestic_use%2C_Ly-Tran_dynasty%2C_11th-14th_century_AD%2C_celadon_glazed_ceramic_-_National_Museum_of_Vietnamese_History_-_Hanoi%2C_Vietnam_-_DSC05522.JPG,https://upload.wikimedia.org/wikipedia/commons/e/e0/Bowls_for_domestic_use%2C_Ly-Tran_dynasty%2C_11th-14th_century_AD%2C_celadon_glazed_ceramic_-_National_Museum_of_Vietnamese_History_-_Hanoi%2C_Vietnam_-_DSC05522.JPG,"Exhibit in the National Museum of Vietnamese History, Hanoi, Vietnam. Photography was permitted in the museum without restriction. This artwork is old enough so that it is in the public domain.","<a href=""//commons.wikimedia.org/wiki/User:Daderot"" title=""User:Daderot"">Daderot</a>",CC-Zero|Self-published work|Files uploaded by Daderot|Trần dynasty ceramics in the National Museum of Vietnamese History|Lý dynasty ceramics in the National Museum of Vietnamese History
Dish_for_domestic_use_Ly-Tran_dynasty_11th-14th_century_AD_celadon_glazed_ceramic_-_National_Museum_of_Vietnamese_History_-_Hanoi_Vietnam_-_DSC05519.JPG,Ly-Tran,,,,3236,2603,CC0,https://commons.wikimedia.org/wiki/File%3ADish_for_domestic_use%2C_Ly-Tran_dynasty%2C_11th-14th_century_AD%2C_celadon_glazed_ceramic_-_National_Museum_of_Vietnamese_History_-_Hanoi%2C_Vietnam_-_DSC05519.JPG,https://upload.wikimedia.org/wikipedia/commons/d/d6/Dish_for_domestic_use%2C_Ly-Tran_dynasty%2C_11th-14th_century_AD%2C_celadon_glazed_ceramic_-_National_Museum_of_Vietnamese_History_-_Hanoi%2C_Vietnam_-_DSC05519.JPG,"Exhibit in the National Museum of Vietnamese History, Hanoi, Vietnam. Photography was permitted in the museum without restriction. This artwork is old enough so that it is in the public domain.","<a href=""//commons.wikimedia.org/wiki/User:Daderot"" title=""User:Daderot"">Daderot</a>",CC-Zero|Self-published work|Files uploaded by Daderot|Trần dynasty ceramics in the National Museum of Vietnamese History|Lý dynasty ceramics in the National Museum of Vietnamese History
Décor_de_toit_musée_dhistoire_Hanoi_4359058118.jpg,Ly-Tran,,,,1365,1024,CC BY 2.0,https://commons.wikimedia.org/wiki/File%3AD%C3%A9cor_de_toit_%28mus%C3%A9e_dhistoire%2C_Hanoi%29_%284359058118%29.jpg,https://upload.wikimedia.org/wikipedia/commons/d/dd/D%C3%A9cor_de_toit_%28mus%C3%A9e_dhistoire%2C_Hanoi%29_%284359058118%29.jpg,"<p>Décor de tuiles en forme de canard
Terre cuite
11 - 14ème siècles
Dynastie Ly - Tran
Citadelle Thang Long (Hanoi)
</p>
<a rel=""nofollow"" class=""external text"" href=""http://www.baotanglichsu.vn/"">ww","<a rel=""nofollow"" class=""external text"" href=""https://www.flickr.com/people/72746018@N00"">Jean-Pierr",Taken with Nikon D200|Flickr images reviewed by File Upload Bot (Magnus Manske)|Photographs by Jean-Pierre Dalbéra|Files with coordinates missing SDC location of creation|Lý dynasty ceramics in the Na
Ewer_Ly-Tran_dynasty_11th-14th_century_AD_brown_and_celadon_glazed_ceramic_-_National_Museum_of_Vietnamese_History_-_Hanoi_Vietnam_-_DSC05514.JPG,Ly-Tran,,,,3563,4281,CC0,https://commons.wikimedia.org/wiki/File%3AEwer%2C_Ly-Tran_dynasty%2C_11th-14th_century_AD%2C_brown_and_celadon_glazed_ceramic_-_National_Museum_of_Vietnamese_History_-_Hanoi%2C_Vietnam_-_DSC05514.JPG,https://upload.wikimedia.org/wikipedia/commons/2/2f/Ewer%2C_Ly-Tran_dynasty%2C_11th-14th_century_AD%2C_brown_and_celadon_glazed_ceramic_-_National_Museum_of_Vietnamese_History_-_Hanoi%2C_Vietnam_-_DSC05514.JPG,"Exhibit in the National Museum of Vietnamese History, Hanoi, Vietnam. Photography was permitted in the museum without restriction. This artwork is old enough so that it is in the public domain.","<a href=""//commons.wikimedia.org/wiki/User:Daderot"" title=""User:Daderot"">Daderot</a>",CC-Zero|Self-published work|Files uploaded by Daderot|Trần dynasty ceramics in the National Museum of Vietnamese History|Lý dynasty ceramics in the National Museum of Vietnamese History
Ewer_Ly-Tran_dynasty_11th-14th_century_AD_white_and_celadon_glazed_ceramic_-_National_Museum_of_Vietnamese_History_-_Hanoi_Vietnam_-_DSC05524.JPG,Ly-Tran,,,,3648,4206,CC0,https://commons.wikimedia.org/wiki/File%3AEwer%2C_Ly-Tran_dynasty%2C_11th-14th_century_AD%2C_white_and_celadon_glazed_ceramic_-_National_Museum_of_Vietnamese_History_-_Hanoi%2C_Vietnam_-_DSC05524.JPG,https://upload.wikimedia.org/wikipedia/commons/e/e3/Ewer%2C_Ly-Tran_dynasty%2C_11th-14th_century_AD%2C_white_and_celadon_glazed_ceramic_-_National_Museum_of_Vietnamese_History_-_Hanoi%2C_Vietnam_-_DSC05524.JPG,"Exhibit in the National Museum of Vietnamese History, Hanoi, Vietnam. Photography was permitted in the museum without restriction. This artwork is old enough so that it is in the public domain.","<a href=""//commons.wikimedia.org/wiki/User:Daderot"" title=""User:Daderot"">Daderot</a>",CC-Zero|Self-published work|Files uploaded by Daderot|Trần dynasty ceramics in the National Museum of Vietnamese History|Lý dynasty ceramics in the National Museum of Vietnamese History
Ewer_with_chrysanthemum_decoration_Hoa_Binh_province_Tran_dynasty_13th-14th_century_AD_celadon_glazed_ceramic_-_National_Museum_of_Vietnamese_History_-_Hanoi_Vietnam_-_DSC05512.JPG,Ly-Tran,,,,3648,5472,CC0,https://commons.wikimedia.org/wiki/File%3AEwer_with_chrysanthemum_decoration%2C_Hoa_Binh_province%2C_Tran_dynasty%2C_13th-14th_century_AD%2C_celadon_glazed_ceramic_-_National_Museum_of_Vietnamese_History_-_Hanoi%2C_Vietnam_-_DSC05512.JPG,https://upload.wikimedia.org/wikipedia/commons/6/68/Ewer_with_chrysanthemum_decoration%2C_Hoa_Binh_province%2C_Tran_dynasty%2C_13th-14th_century_AD%2C_celadon_glazed_ceramic_-_National_Museum_of_Vietnamese_History_-_Hanoi%2C_Vietnam_-_DSC05512.JPG,"Exhibit in the National Museum of Vietnamese History, Hanoi, Vietnam. Photography was permitted in the museum without restriction. This artwork is old enough so that it is in the public domain.","<a href=""//commons.wikimedia.org/wiki/User:Daderot"" title=""User:Daderot"">Daderot</a>",CC-Zero|Self-published work|Files uploaded by Daderot|Trần dynasty ceramics in the National Museum of Vietnamese History
Ewers_Ly-Tran_dynasty_11th-13th_century_AD_glazed_ceramic_-_National_Museum_of_Vietnamese_History_-_Hanoi_Vietnam_-_DSC05529.JPG,Ly-Tran,,,,5472,2711,CC0,https://commons.wikimedia.org/wiki/File%3AEwers%2C_Ly-Tran_dynasty%2C_11th-13th_century_AD%2C_glazed_ceramic_-_National_Museum_of_Vietnamese_History_-_Hanoi%2C_Vietnam_-_DSC05529.JPG,https://upload.wikimedia.org/wikipedia/commons/c/ce/Ewers%2C_Ly-Tran_dynasty%2C_11th-13th_century_AD%2C_glazed_ceramic_-_National_Museum_of_Vietnamese_History_-_Hanoi%2C_Vietnam_-_DSC05529.JPG,"Exhibit in the National Museum of Vietnamese History, Hanoi, Vietnam. Photography was permitted in the museum without restriction. This artwork is old enough so that it is in the public domain.","<a href=""//commons.wikimedia.org/wiki/User:Daderot"" title=""User:Daderot"">Daderot</a>",CC-Zero|Self-published work|Files uploaded by Daderot|Trần dynasty ceramics in the National Museum of Vietnamese History|Lý dynasty ceramics in the National Museum of Vietnamese History
Flute_in_bird_shape_and_ewers_mouth_in_parrot_shape_Ly_dynasty_11th-13th_century_AD_white_glazed_ceramic_-_National_Museum_of_Vietnamese_History_-_Hanoi_Vietnam_-_DSC05420.JPG,Ly-Tran,,,,4465,2969,CC0,https://commons.wikimedia.org/wiki/File%3AFlute_in_bird_shape_and_ewer%27s_mouth_in_parrot_shape%2C_Ly_dynasty%2C_11th-13th_century_AD%2C_white_glazed_ceramic_-_National_Museum_of_Vietnamese_History_-_Hanoi%2C_Vietnam_-_DSC05420.JPG,https://upload.wikimedia.org/wikipedia/commons/0/09/Flute_in_bird_shape_and_ewer%27s_mouth_in_parrot_shape%2C_Ly_dynasty%2C_11th-13th_century_AD%2C_white_glazed_ceramic_-_National_Museum_of_Vietnamese_History_-_Hanoi%2C_Vietnam_-_DSC05420.JPG,"Exhibit in the National Museum of Vietnamese History, Hanoi, Vietnam. Photography was permitted in the museum without restriction. This artwork is old enough so that it is in the public domain.","<a href=""//commons.wikimedia.org/wiki/User:Daderot"" title=""User:Daderot"">Daderot</a>",CC-Zero|Self-published work|Files uploaded by Daderot|Lý dynasty ceramics in the National Museum of Vietnamese History
Head_of_Buddha_figurine_Ly-Tran_dynasty_11th-14th_century_AD_terracotta_-_National_Museum_of_Vietnamese_History_-_Hanoi_Vietnam_-_DSC05432.JPG,Ly-Tran,,,,3305,4345,CC0,https://commons.wikimedia.org/wiki/File%3AHead_of_Buddha_figurine%2C_Ly-Tran_dynasty%2C_11th-14th_century_AD%2C_terracotta_-_National_Museum_of_Vietnamese_History_-_Hanoi%2C_Vietnam_-_DSC05432.JPG,https://upload.wikimedia.org/wikipedia/commons/a/a5/Head_of_Buddha_figurine%2C_Ly-Tran_dynasty%2C_11th-14th_century_AD%2C_terracotta_-_National_Museum_of_Vietnamese_History_-_Hanoi%2C_Vietnam_-_DSC05432.JPG,"Exhibit in the National Museum of Vietnamese History, Hanoi, Vietnam. Photography was permitted in the museum without restriction. This artwork is old enough so that it is in the public domain.","<a href=""//commons.wikimedia.org/wiki/User:Daderot"" title=""User:Daderot"">Daderot</a>",CC-Zero|Self-published work|Files uploaded by Daderot|Trần dynasty ceramics in the National Museum of Vietnamese History|Lý dynasty ceramics in the National Museum of Vietnamese History|Buddhist art i
Human_figurine_on_ridge_tile_Thang_Long_citadel_Hanoi_Tran_dynasty_13th-14th_century_AD_terracotta_-_National_Museum_of_Vietnamese_History_-_Hanoi_Vietnam_-_DSC05460.JPG,Ly-Tran,,,,3404,5240,CC0,https://commons.wikimedia.org/wiki/File%3AHuman_figurine_on_ridge_tile%2C_Thang_Long_citadel%2C_Hanoi%2C_Tran_dynasty%2C_13th-14th_century_AD%2C_terracotta_-_National_Museum_of_Vietnamese_History_-_Hanoi%2C_Vietnam_-_DSC05460.JPG,https://upload.wikimedia.org/wikipedia/commons/c/c2/Human_figurine_on_ridge_tile%2C_Thang_Long_citadel%2C_Hanoi%2C_Tran_dynasty%2C_13th-14th_century_AD%2C_terracotta_-_National_Museum_of_Vietnamese_History_-_Hanoi%2C_Vietnam_-_DSC05460.JPG,"Exhibit in the National Museum of Vietnamese History, Hanoi, Vietnam. Photography was permitted in the museum without restriction. This artwork is old enough so that it is in the public domain.","<a href=""//commons.wikimedia.org/wiki/User:Daderot"" title=""User:Daderot"">Daderot</a>",CC-Zero|Military of the Trần dynasty|Self-published work|Vietnamese Royal Guard|Files uploaded by Daderot|Trần dynasty ceramics in the National Museum of Vietnamese History|Armour in 13th-century art 
Jar_for_domestic_use_Tran_dynasty_13th-14th_century_AD_brown_pattern_ceramic_-_National_Museum_of_Vietnamese_History_-_Hanoi_Vietnam_-_DSC05507.JPG,Ly-Tran,,,,3648,5472,CC0,https://commons.wikimedia.org/wiki/File%3AJar_for_domestic_use%2C_Tran_dynasty%2C_13th-14th_century_AD%2C_brown_pattern_ceramic_-_National_Museum_of_Vietnamese_History_-_Hanoi%2C_Vietnam_-_DSC05507.JPG,https://upload.wikimedia.org/wikipedia/commons/f/f3/Jar_for_domestic_use%2C_Tran_dynasty%2C_13th-14th_century_AD%2C_brown_pattern_ceramic_-_National_Museum_of_Vietnamese_History_-_Hanoi%2C_Vietnam_-_DSC05507.JPG,"Exhibit in the National Museum of Vietnamese History, Hanoi, Vietnam. Photography was permitted in the museum without restriction. This artwork is old enough so that it is in the public domain.","<a href=""//commons.wikimedia.org/wiki/User:Daderot"" title=""User:Daderot"">Daderot</a>",CC-Zero|Self-published work|Files uploaded by Daderot|Trần dynasty ceramics in the National Museum of Vietnamese History
Jar_for_domestic_use_Tran_dynasty_13th-14th_century_AD_brown_pattern_ceramic_-_National_Museum_of_Vietnamese_History_-_Hanoi_Vietnam_-_DSC05508.JPG,Ly-Tran,,,,3648,5472,CC0,https://commons.wikimedia.org/wiki/File%3AJar_for_domestic_use%2C_Tran_dynasty%2C_13th-14th_century_AD%2C_brown_pattern_ceramic_-_National_Museum_of_Vietnamese_History_-_Hanoi%2C_Vietnam_-_DSC05508.JPG,https://upload.wikimedia.org/wikipedia/commons/9/9f/Jar_for_domestic_use%2C_Tran_dynasty%2C_13th-14th_century_AD%2C_brown_pattern_ceramic_-_National_Museum_of_Vietnamese_History_-_Hanoi%2C_Vietnam_-_DSC05508.JPG,"Exhibit in the National Museum of Vietnamese History, Hanoi, Vietnam. Photography was permitted in the museum without restriction. This artwork is old enough so that it is in the public domain.","<a href=""//commons.wikimedia.org/wiki/User:Daderot"" title=""User:Daderot"">Daderot</a>",CC-Zero|Self-published work|Files uploaded by Daderot|Trần dynasty ceramics in the National Museum of Vietnamese History
Jar_for_domestic_use_Tran_dynasty_13th-14th_century_AD_brown_pattern_ceramic_-_National_Museum_of_Vietnamese_History_-_Hanoi_Vietnam_-_DSC05509.JPG,Ly-Tran,,,,3648,5472,CC0,https://commons.wikimedia.org/wiki/File%3AJar_for_domestic_use%2C_Tran_dynasty%2C_13th-14th_century_AD%2C_brown_pattern_ceramic_-_National_Museum_of_Vietnamese_History_-_Hanoi%2C_Vietnam_-_DSC05509.JPG,https://upload.wikimedia.org/wikipedia/commons/d/db/Jar_for_domestic_use%2C_Tran_dynasty%2C_13th-14th_century_AD%2C_brown_pattern_ceramic_-_National_Museum_of_Vietnamese_History_-_Hanoi%2C_Vietnam_-_DSC05509.JPG,"Exhibit in the National Museum of Vietnamese History, Hanoi, Vietnam. Photography was permitted in the museum without restriction. This artwork is old enough so that it is in the public domain.","<a href=""//commons.wikimedia.org/wiki/User:Daderot"" title=""User:Daderot"">Daderot</a>",CC-Zero|Self-published work|Files uploaded by Daderot|Trần dynasty ceramics in the National Museum of Vietnamese History
Linh_Tran.JPG,Ly-Tran,,,,2592,3872,CC BY-SA 3.0,https://commons.wikimedia.org/wiki/File%3ALinh_Tran.JPG,https://upload.wikimedia.org/wikipedia/commons/8/87/Linh_Tran.JPG,Tran soldier figurine,"<a href=""//commons.wikimedia.org/w/index.php?title=User:Ptdtch&amp;action=edit&amp;redlink=1"" class=",GFDL|Taken with Sony DSLR-A230|License migration redundant|Military of the Trần dynasty|Self-published work|Vietnamese Royal Guard|Trần dynasty ceramics in the National Museum of Vietnamese History|Ar
Lion_figurine_Vinh_Phuc_Thang_Long_Hanoi_Ly_dynasty_11th-13th_century_AD_brown_pattern_ceramic_-_National_Museum_of_Vietnamese_History_-_Hanoi_Vietnam_-_DSC05444.JPG,Ly-Tran,,,,4336,3062,CC0,https://commons.wikimedia.org/wiki/File%3ALion_figurine%2C_Vinh_Phuc%2C_Thang_Long%2C_Hanoi%2C_Ly_dynasty%2C_11th-13th_century_AD%2C_brown_pattern_ceramic_-_National_Museum_of_Vietnamese_History_-_Hanoi%2C_Vietnam_-_DSC05444.JPG,https://upload.wikimedia.org/wikipedia/commons/d/db/Lion_figurine%2C_Vinh_Phuc%2C_Thang_Long%2C_Hanoi%2C_Ly_dynasty%2C_11th-13th_century_AD%2C_brown_pattern_ceramic_-_National_Museum_of_Vietnamese_History_-_Hanoi%2C_Vietnam_-_DSC05444.JPG,"Exhibit in the National Museum of Vietnamese History, Hanoi, Vietnam. Photography was permitted in the museum without restriction. This artwork is old enough so that it is in the public domain.","<a href=""//commons.wikimedia.org/wiki/User:Daderot"" title=""User:Daderot"">Daderot</a>",CC-Zero|Self-published work|Files uploaded by Daderot|Lý dynasty ceramics in the National Museum of Vietnamese History
National_Museum_Vietnamese_History_1.jpg,Ly-Tran,,,,2816,2112,CC BY-SA 3.0,https://commons.wikimedia.org/wiki/File%3ANational_Museum_Vietnamese_History_1.jpg,https://upload.wikimedia.org/wikipedia/commons/a/a9/National_Museum_Vietnamese_History_1.jpg,"<b>Bodhi leaf with dragon decoration</b>. Terracotta, 13th-14th century CE. Collection Vũ Tấn. National Museum of Vietnamese History, Hanoi.","<a href=""//commons.wikimedia.org/wiki/User:Gryffindor"" title=""User:Gryffindor"">Gryffindor</a>",Taken with Canon Digital IXUS 870 IS|Spirals in art|Self-published work|Bodhi leaves in art|Lý dynasty ceramics in the National Museum of Vietnamese History
National_Museum_Vietnamese_History_17.jpg,Ly-Tran,,,,2816,2112,CC BY-SA 3.0,https://commons.wikimedia.org/wiki/File%3ANational_Museum_Vietnamese_History_17.jpg,https://upload.wikimedia.org/wikipedia/commons/c/c1/National_Museum_Vietnamese_History_17.jpg,"<b>Cooking pot</b> (1) and <b>jar</b> (2). Pottery, Đông Đậu culture. Domestic use. National Museum of Vietnamese History, Hanoi.","<a href=""//commons.wikimedia.org/wiki/User:Gryffindor"" title=""User:Gryffindor"">Gryffindor</a>",Taken with Canon Digital IXUS 870 IS|Self-published work|Lý dynasty ceramics in the National Museum of Vietnamese History
National_Museum_Vietnamese_History_18.jpg,Ly-Tran,,,,2816,2112,CC BY-SA 3.0,https://commons.wikimedia.org/wiki/File%3ANational_Museum_Vietnamese_History_18.jpg,https://upload.wikimedia.org/wikipedia/commons/7/74/National_Museum_Vietnamese_History_18.jpg,"<b>Ox</b> (1) and <b>roosters</b> (2) figurines. Terracotta, , Đông Đậu culture. Evidence of livestock raising. National Museum of Vietnamese History, Hanoi.","<a href=""//commons.wikimedia.org/wiki/User:Gryffindor"" title=""User:Gryffindor"">Gryffindor</a>",Taken with Canon Digital IXUS 870 IS|Self-published work|Lý dynasty ceramics in the National Museum of Vietnamese History
National_Museum_Vietnamese_History_1_cropped.jpg,Ly-Tran,,,,1945,1945,CC BY-SA 3.0,https://commons.wikimedia.org/wiki/File%3ANational_Museum_Vietnamese_History_1_%28cropped%29.jpg,https://upload.wikimedia.org/wikipedia/commons/a/a8/National_Museum_Vietnamese_History_1_%28cropped%29.jpg,"<b>Bodhi leaf with dragon decoration</b>. Terracotta, 13th-14th century CE. Collection Vũ Tấn. National Museum of Vietnamese History, Hanoi.","<ul><li><a href=""//commons.wikimedia.org/wiki/File:National_Museum_Vietnamese_History_1.jpg"" title=""",Retouched pictures|Self-published work|Uploaded with derivativeFX|Spirals in Ancient art|Bodhi leaves in art|Lý dynasty ceramics in the National Museum of Vietnamese History
National_Museum_Vietnamese_History_2.jpg,Ly-Tran,,,,2816,2112,CC BY-SA 3.0,https://commons.wikimedia.org/wiki/File%3ANational_Museum_Vietnamese_History_2.jpg,https://upload.wikimedia.org/wikipedia/commons/4/4d/National_Museum_Vietnamese_History_2.jpg,"<b>Tiger head</b>. Terracotta, 13th-14th century CE. Collection Vũ Tấn. National Museum of Vietnamese History, Hanoi.","<a href=""//commons.wikimedia.org/wiki/User:Gryffindor"" title=""User:Gryffindor"">Gryffindor</a>",Taken with Canon Digital IXUS 870 IS|Self-published work|Files with derivative versions|Lý dynasty ceramics in the National Museum of Vietnamese History
National_Museum_Vietnamese_History_29_cropped.jpg,Ly-Tran,,,,1830,1830,CC BY-SA 3.0,https://commons.wikimedia.org/wiki/File%3ANational_Museum_Vietnamese_History_29_%28cropped%29.jpg,https://upload.wikimedia.org/wikipedia/commons/3/3b/National_Museum_Vietnamese_History_29_%28cropped%29.jpg,"<b>Jar with lotus, chrysanthemum motifs</b>. Pattern brown glazed ceramic, Trần dynasty, 13th-14th century. Nam Định province, northern Vietnam. Domestic use. National Museum of Vietnamese History, Ha","<ul><li><a href=""//commons.wikimedia.org/wiki/File:National_Museum_Vietnamese_History_29.jpg"" title=",Retouched pictures|Self-published work|Uploaded with derivativeFX|Trần dynasty ceramics in the National Museum of Vietnamese History
National_Museum_Vietnamese_History_2_cropped.jpg,Ly-Tran,,,,1801,1406,CC BY-SA 3.0,https://commons.wikimedia.org/wiki/File%3ANational_Museum_Vietnamese_History_2_%28cropped%29.jpg,https://upload.wikimedia.org/wikipedia/commons/4/4f/National_Museum_Vietnamese_History_2_%28cropped%29.jpg,"<b>Tiger head</b>. Terracotta, 13th-14th century CE. Collection Vũ Tấn. National Museum of Vietnamese History, Hanoi.","<ul><li><a href=""//commons.wikimedia.org/wiki/File:National_Museum_Vietnamese_History_2.jpg"" title=""",Retouched pictures|Self-published work|Uploaded with derivativeFX|Lý dynasty ceramics in the National Museum of Vietnamese History
National_Museum_Vietnamese_History_3.jpg,Ly-Tran,,,,2112,2816,CC BY-SA 3.0,https://commons.wikimedia.org/wiki/File%3ANational_Museum_Vietnamese_History_3.jpg,https://upload.wikimedia.org/wikipedia/commons/7/70/National_Museum_Vietnamese_History_3.jpg,"<b>Dragon head</b>. Terracotta, 13th-14th century CE. Collection Vũ Tấn. National Museum of Vietnamese History, Hanoi.","<a href=""//commons.wikimedia.org/wiki/User:Gryffindor"" title=""User:Gryffindor"">Gryffindor</a>",Taken with Canon Digital IXUS 870 IS|Self-published work|Lý dynasty ceramics in the National Museum of Vietnamese History
National_Museum_Vietnamese_History_33.jpg,Ly-Tran,,,,2112,2816,CC BY-SA 3.0,https://commons.wikimedia.org/wiki/File%3ANational_Museum_Vietnamese_History_33.jpg,https://upload.wikimedia.org/wikipedia/commons/4/49/National_Museum_Vietnamese_History_33.jpg,"<b>Fragments of basin with chrysanthemums, wave motifs</b>. Pattern brown glazed ceramic, Lý-Trần-Lê Sơ dynasties, 11th-15th century. Thăng Long citadel in Hanoi. Domestic use. National Museum of Viet","<a href=""//commons.wikimedia.org/wiki/User:Gryffindor"" title=""User:Gryffindor"">Gryffindor</a>",Taken with Canon Digital IXUS 870 IS|Art of the Lý dynasty|Self-published work|Trần dynasty ceramics in the National Museum of Vietnamese History|Lý dynasty ceramics in the National Museum of Vietname
National_Museum_Vietnamese_History_34.jpg,Ly-Tran,,,,2816,2112,CC BY-SA 3.0,https://commons.wikimedia.org/wiki/File%3ANational_Museum_Vietnamese_History_34.jpg,https://upload.wikimedia.org/wikipedia/commons/4/4c/National_Museum_Vietnamese_History_34.jpg,"<b>Bodhi leaves with phoenix motif</b>. Terracotta, Lý-Trần dynasties, 11th-14th century. Architectural decoration. National Museum of Vietnamese History, Hanoi.","<a href=""//commons.wikimedia.org/wiki/User:Gryffindor"" title=""User:Gryffindor"">Gryffindor</a>",Taken with Canon Digital IXUS 870 IS|Self-published work|Bodhi leaves in art|Lý dynasty ceramics in the National Museum of Vietnamese History
National_Museum_Vietnamese_History_36.jpg,Ly-Tran,,,,2816,2112,CC BY-SA 3.0,https://commons.wikimedia.org/wiki/File%3ANational_Museum_Vietnamese_History_36.jpg,https://upload.wikimedia.org/wikipedia/commons/a/a4/National_Museum_Vietnamese_History_36.jpg,"<b>Mandarin ducks on tile</b>. Terracotta, Lý-Trần dynasty, 11th-14th century. Thăng Long citadel in Hanoi. Architectural decoration. National Museum of Vietnamese History, Hanoi.","<a href=""//commons.wikimedia.org/wiki/User:Gryffindor"" title=""User:Gryffindor"">Gryffindor</a>",Taken with Canon Digital IXUS 870 IS|Art of the Lý dynasty|Self-published work|Trần dynasty ceramics in the National Museum of Vietnamese History|Lý dynasty ceramics in the National Museum of Vietname
National_Museum_Vietnamese_History_37.jpg,Ly-Tran,,,,2816,2112,CC BY-SA 3.0,https://commons.wikimedia.org/wiki/File%3ANational_Museum_Vietnamese_History_37.jpg,https://upload.wikimedia.org/wikipedia/commons/4/49/National_Museum_Vietnamese_History_37.jpg,"<b>Bodhi leaves with dragon motif</b>. Terracotta, Lý-Trần dynasties, 11th-14th century. Architectural decoration. National Museum of Vietnamese History, Hanoi.","<a href=""//commons.wikimedia.org/wiki/User:Gryffindor"" title=""User:Gryffindor"">Gryffindor</a>",Taken with Canon Digital IXUS 870 IS|Art of the Lý dynasty|Art of the Trần dynasty|Self-published work|Files with derivative versions|Symbols of Lý Dynasty|Bodhi leaves in art|Lý dynasty ceramics in t
National_Museum_Vietnamese_History_37_cropped.jpg,Ly-Tran,,,,2736,1364,CC BY-SA 3.0,https://commons.wikimedia.org/wiki/File%3ANational_Museum_Vietnamese_History_37_%28cropped%29.jpg,https://upload.wikimedia.org/wikipedia/commons/f/f2/National_Museum_Vietnamese_History_37_%28cropped%29.jpg,"<b>Bodhi leaves with dragon motif</b>. Terracotta, Lý-Trần dynasties, 11th-14th century. Architectural decoration. National Museum of Vietnamese History, Hanoi.","<ul><li><a href=""//commons.wikimedia.org/wiki/File:National_Museum_Vietnamese_History_37.jpg"" title=",Retouched pictures|Art of the Lý dynasty|Art of the Trần dynasty|Self-published work|Uploaded with derivativeFX|Symbols of Lý Dynasty|Bodhi leaves in art|Lý dynasty ceramics in the National Museum of 
National_Museum_Vietnamese_History_38.jpg,Ly-Tran,,,,2816,2112,CC BY-SA 3.0,https://commons.wikimedia.org/wiki/File%3ANational_Museum_Vietnamese_History_38.jpg,https://upload.wikimedia.org/wikipedia/commons/f/fc/National_Museum_Vietnamese_History_38.jpg,"<b>Dragon heads</b>. Terracotta, Lý-Trần dynasty, 11th-14th century. Architectural decoration. National Museum of Vietnamese History, Hanoi.","<a href=""//commons.wikimedia.org/wiki/User:Gryffindor"" title=""User:Gryffindor"">Gryffindor</a>",Taken with Canon Digital IXUS 870 IS|Art of the Lý dynasty|Self-published work|Trần dynasty ceramics in the National Museum of Vietnamese History|Lý dynasty ceramics in the National Museum of Vietname
National_Museum_Vietnamese_History_39.jpg,Ly-Tran,,,,2112,2816,CC BY-SA 3.0,https://commons.wikimedia.org/wiki/File%3ANational_Museum_Vietnamese_History_39.jpg,https://upload.wikimedia.org/wikipedia/commons/2/25/National_Museum_Vietnamese_History_39.jpg,"<b>Dragon head</b>. Terracotta, Lý-Trần dynasty, 11th-14th century. Architectural decoration. National Museum of Vietnamese History, Hanoi.","<a href=""//commons.wikimedia.org/wiki/User:Gryffindor"" title=""User:Gryffindor"">Gryffindor</a>",Taken with Canon Digital IXUS 870 IS|Art of the Lý dynasty|Self-published work|Trần dynasty ceramics in the National Museum of Vietnamese History|Lý dynasty ceramics in the National Museum of Vietname
National_Museum_Vietnamese_History_4.jpg,Ly-Tran,,,,2112,2816,CC BY-SA 3.0,https://commons.wikimedia.org/wiki/File%3ANational_Museum_Vietnamese_History_4.jpg,https://upload.wikimedia.org/wikipedia/commons/e/ea/National_Museum_Vietnamese_History_4.jpg,"<b>Dragon head</b>. Terracotta, 13th-14th century CE. Collection Đào Phan Long. National Museum of Vietnamese History, Hanoi.","<a href=""//commons.wikimedia.org/wiki/User:Gryffindor"" title=""User:Gryffindor"">Gryffindor</a>",Taken with Canon Digital IXUS 870 IS|Self-published work|Lý dynasty ceramics in the National Museum of Vietnamese History
National_Museum_Vietnamese_History_40.jpg,Ly-Tran,,,,2816,2112,CC BY-SA 3.0,https://commons.wikimedia.org/wiki/File%3ANational_Museum_Vietnamese_History_40.jpg,https://upload.wikimedia.org/wikipedia/commons/9/93/National_Museum_Vietnamese_History_40.jpg,"<b>Capitals of column with wave decoration</b>. Terracotta, Lý-Trần dynasty, 11th-14th century. Thăng Long citadel in Hanoi. Architectural decoration. National Museum of Vietnamese History, Hanoi.","<a href=""//commons.wikimedia.org/wiki/User:Gryffindor"" title=""User:Gryffindor"">Gryffindor</a>",Taken with Canon Digital IXUS 870 IS|Art of the Lý dynasty|Self-published work|Trần dynasty ceramics in the National Museum of Vietnamese History|Lý dynasty ceramics in the National Museum of Vietname
National_Museum_Vietnamese_History_41.jpg,Ly-Tran,,,,2816,2112,CC BY-SA 3.0,https://commons.wikimedia.org/wiki/File%3ANational_Museum_Vietnamese_History_41.jpg,https://upload.wikimedia.org/wikipedia/commons/c/cd/National_Museum_Vietnamese_History_41.jpg,"<b>Fragments of bricks, roof tiles with human motif</b>. Terracotta and green glazed ceramic, Lý-Trần dynasty, 11th-14th century. Thăng Long citadel in Hanoi. Architectural decoration. National Museum","<a href=""//commons.wikimedia.org/wiki/User:Gryffindor"" title=""User:Gryffindor"">Gryffindor</a>",Taken with Canon Digital IXUS 870 IS|Art of the Lý dynasty|Art of the Trần dynasty|Self-published work|Trần dynasty ceramics in the National Museum of Vietnamese History|Lý dynasty ceramics in the Nat
National_Museum_Vietnamese_History_42.jpg,Ly-Tran,,,,2816,2112,CC BY-SA 3.0,https://commons.wikimedia.org/wiki/File%3ANational_Museum_Vietnamese_History_42.jpg,https://upload.wikimedia.org/wikipedia/commons/9/9b/National_Museum_Vietnamese_History_42.jpg,"<b>Lion figure</b>. Terracotta, Lý dynasty, 11th-13th century. Thăng Long citadel in Hanoi. Decorative use. National Museum of Vietnamese History, Hanoi.","<a href=""//commons.wikimedia.org/wiki/User:Gryffindor"" title=""User:Gryffindor"">Gryffindor</a>",Taken with Canon Digital IXUS 870 IS|Self-published work|Lý dynasty ceramics in the National Museum of Vietnamese History
National_Museum_Vietnamese_History_43.jpg,Ly-Tran,,,,2816,2112,CC BY-SA 3.0,https://commons.wikimedia.org/wiki/File%3ANational_Museum_Vietnamese_History_43.jpg,https://upload.wikimedia.org/wikipedia/commons/8/81/National_Museum_Vietnamese_History_43.jpg,"<b>Lion figure</b>. Terracotta, Lý dynasty, 11th-13th century. Thăng Long citadel in Hanoi. Decorative use. National Museum of Vietnamese History, Hanoi.","<a href=""//commons.wikimedia.org/wiki/User:Gryffindor"" title=""User:Gryffindor"">Gryffindor</a>",Taken with Canon Digital IXUS 870 IS|Self-published work|Lý dynasty ceramics in the National Museum of Vietnamese History
National_Museum_Vietnamese_History_44.jpg,Ly-Tran,,,,2816,2112,CC BY-SA 3.0,https://commons.wikimedia.org/wiki/File%3ANational_Museum_Vietnamese_History_44.jpg,https://upload.wikimedia.org/wikipedia/commons/b/b9/National_Museum_Vietnamese_History_44.jpg,"<b>Human heads</b>. Terracotta and ceramic, Lý-Trần dynasty, 11th-14th century. Thăng Long citadel in Hanoi. Decorative use. National Museum of Vietnamese History, Hanoi.","<a href=""//commons.wikimedia.org/wiki/User:Gryffindor"" title=""User:Gryffindor"">Gryffindor</a>",Taken with Canon Digital IXUS 870 IS|Self-published work|Lý dynasty ceramics in the National Museum of Vietnamese History
National_Museum_Vietnamese_History_45.jpg,Ly-Tran,,,,2816,2112,CC BY-SA 3.0,https://commons.wikimedia.org/wiki/File%3ANational_Museum_Vietnamese_History_45.jpg,https://upload.wikimedia.org/wikipedia/commons/7/76/National_Museum_Vietnamese_History_45.jpg,"<b>Dragon head</b>. Terracotta, Lý dynasty, 11th-13th century. Architectural decoration. National Museum of Vietnamese History, Hanoi.","<a href=""//commons.wikimedia.org/wiki/User:Gryffindor"" title=""User:Gryffindor"">Gryffindor</a>",Taken with Canon Digital IXUS 870 IS|Art of the Lý dynasty|Self-published work|Files with derivative versions|Lý dynasty ceramics in the National Museum of Vietnamese History
National_Museum_Vietnamese_History_45_cropped.jpg,Ly-Tran,,,,1095,1405,CC BY-SA 3.0,https://commons.wikimedia.org/wiki/File%3ANational_Museum_Vietnamese_History_45_%28cropped%29.jpg,https://upload.wikimedia.org/wikipedia/commons/1/1c/National_Museum_Vietnamese_History_45_%28cropped%29.jpg,"<b>Dragon head</b>. Terracotta, Lý dynasty, 11th-13th century. Architectural decoration. National Museum of Vietnamese History, Hanoi.","<ul><li><a href=""//commons.wikimedia.org/wiki/File:National_Museum_Vietnamese_History_45.jpg"" title=",Retouched pictures|Art of the Lý dynasty|Self-published work|Uploaded with derivativeFX|Lý dynasty ceramics in the National Museum of Vietnamese History
National_Museum_Vietnamese_History_46.jpg,Ly-Tran,,,,2816,2112,CC BY-SA 3.0,https://commons.wikimedia.org/wiki/File%3ANational_Museum_Vietnamese_History_46.jpg,https://upload.wikimedia.org/wikipedia/commons/d/d8/National_Museum_Vietnamese_History_46.jpg,"<b>Brick with Garuda decoration</b>. Terracotta, Lý dynasty, 11th-13th century. Thăng Long citadel in Hanoi. Construction material of stupa. National Museum of Vietnamese History, Hanoi.","<a href=""//commons.wikimedia.org/wiki/User:Gryffindor"" title=""User:Gryffindor"">Gryffindor</a>",Taken with Canon Digital IXUS 870 IS|Art of the Lý dynasty|Self-published work|Lý dynasty ceramics in the National Museum of Vietnamese History
National_Museum_Vietnamese_History_47.jpg,Ly-Tran,,,,2112,2816,CC BY-SA 3.0,https://commons.wikimedia.org/wiki/File%3ANational_Museum_Vietnamese_History_47.jpg,https://upload.wikimedia.org/wikipedia/commons/6/61/National_Museum_Vietnamese_History_47.jpg,"<b>Pagoda with lotus, bodhi leaf, dancer decoration</b>. Ceramic, Lý dynasty, 11th-13th century, Hanoi. Object for worship. National Museum of Vietnamese History, Hanoi.","<a href=""//commons.wikimedia.org/wiki/User:Gryffindor"" title=""User:Gryffindor"">Gryffindor</a>",Taken with Canon Digital IXUS 870 IS|Art of the Lý dynasty|Self-published work|Files with derivative versions|Reliefs of dancers|Architecture of the Lý dynasty|Lý dynasty ceramics in the National Muse
National_Museum_Vietnamese_History_47_cropped.jpg,Ly-Tran,,,,1342,1929,CC BY-SA 3.0,https://commons.wikimedia.org/wiki/File%3ANational_Museum_Vietnamese_History_47_%28cropped%29.jpg,https://upload.wikimedia.org/wikipedia/commons/3/34/National_Museum_Vietnamese_History_47_%28cropped%29.jpg,"<b>Pagoda with lotus, bodhi leaf, dancer decoration</b>. Ceramic, Lý dynasty, 11th-13th century, Hanoi. Object for worship. National Museum of Vietnamese History, Hanoi.","<ul><li><a href=""//commons.wikimedia.org/wiki/File:National_Museum_Vietnamese_History_47.jpg"" title=",Retouched pictures|Art of the Lý dynasty|Self-published work|Uploaded with derivativeFX|Reliefs of dancers|Architecture of the Lý dynasty|Lý dynasty ceramics in the National Museum of Vietnamese Histo
Oil_lamp_base_Ly-Tran_dynasty_11th-14th_century_AD_white_and_brown_glazed_ceramic_-_National_Museum_of_Vietnamese_History_-_Hanoi_Vietnam_-_DSC05527.JPG,Ly-Tran,,,,3562,3702,CC0,https://commons.wikimedia.org/wiki/File%3AOil_lamp_base%2C_Ly-Tran_dynasty%2C_11th-14th_century_AD%2C_white_and_brown_glazed_ceramic_-_National_Museum_of_Vietnamese_History_-_Hanoi%2C_Vietnam_-_DSC05527.JPG,https://upload.wikimedia.org/wikipedia/commons/9/95/Oil_lamp_base%2C_Ly-Tran_dynasty%2C_11th-14th_century_AD%2C_white_and_brown_glazed_ceramic_-_National_Museum_of_Vietnamese_History_-_Hanoi%2C_Vietnam_-_DSC05527.JPG,"Exhibit in the National Museum of Vietnamese History, Hanoi, Vietnam. Photography was permitted in the museum without restriction. This artwork is old enough so that it is in the public domain.","<a href=""//commons.wikimedia.org/wiki/User:Daderot"" title=""User:Daderot"">Daderot</a>",CC-Zero|Self-published work|Files uploaded by Daderot|Trần dynasty ceramics in the National Museum of Vietnamese History|Lý dynasty ceramics in the National Museum of Vietnamese History
Oil_lamp_base_Ly-Tran_dynasty_11th-14th_century_AD_white_and_brown_glazed_ceramic_-_National_Museum_of_Vietnamese_History_-_Hanoi_Vietnam_-_DSC05528.JPG,Ly-Tran,,,,2919,3745,CC0,https://commons.wikimedia.org/wiki/File%3AOil_lamp_base%2C_Ly-Tran_dynasty%2C_11th-14th_century_AD%2C_white_and_brown_glazed_ceramic_-_National_Museum_of_Vietnamese_History_-_Hanoi%2C_Vietnam_-_DSC05528.JPG,https://upload.wikimedia.org/wikipedia/commons/5/5b/Oil_lamp_base%2C_Ly-Tran_dynasty%2C_11th-14th_century_AD%2C_white_and_brown_glazed_ceramic_-_National_Museum_of_Vietnamese_History_-_Hanoi%2C_Vietnam_-_DSC05528.JPG,"Exhibit in the National Museum of Vietnamese History, Hanoi, Vietnam. Photography was permitted in the museum without restriction. This artwork is old enough so that it is in the public domain.","<a href=""//commons.wikimedia.org/wiki/User:Daderot"" title=""User:Daderot"">Daderot</a>",CC-Zero|Self-published work|Files uploaded by Daderot|Trần dynasty ceramics in the National Museum of Vietnamese History|Lý dynasty ceramics in the National Museum of Vietnamese History
Paving_tiles_with_chrysanthemum_decoration_Ly-Tran_dynasty_11th-14th_century_AD_terracotta_-_National_Museum_of_Vietnamese_History_-_Hanoi_Vietnam_-_DSC05530.JPG,Ly-Tran,,,,5208,3505,CC0,https://commons.wikimedia.org/wiki/File%3APaving_tiles_with_chrysanthemum_decoration%2C_Ly-Tran_dynasty%2C_11th-14th_century_AD%2C_terracotta_-_National_Museum_of_Vietnamese_History_-_Hanoi%2C_Vietnam_-_DSC05530.JPG,https://upload.wikimedia.org/wikipedia/commons/0/08/Paving_tiles_with_chrysanthemum_decoration%2C_Ly-Tran_dynasty%2C_11th-14th_century_AD%2C_terracotta_-_National_Museum_of_Vietnamese_History_-_Hanoi%2C_Vietnam_-_DSC05530.JPG,"Exhibit in the National Museum of Vietnamese History, Hanoi, Vietnam. Photography was permitted in the museum without restriction. This artwork is old enough so that it is in the public domain.","<a href=""//commons.wikimedia.org/wiki/User:Daderot"" title=""User:Daderot"">Daderot</a>",CC-Zero|Self-published work|Files uploaded by Daderot|Trần dynasty ceramics in the National Museum of Vietnamese History|Lý dynasty ceramics in the National Museum of Vietnamese History
Pot_Ly-Tran_dynasty_11th-14th_century_AD_white_and_brown_glazed_ceramic_-_National_Museum_of_Vietnamese_History_-_Hanoi_Vietnam_-_DSC05526.JPG,Ly-Tran,,,,3648,5472,CC0,https://commons.wikimedia.org/wiki/File%3APot%2C_Ly-Tran_dynasty%2C_11th-14th_century_AD%2C_white_and_brown_glazed_ceramic_-_National_Museum_of_Vietnamese_History_-_Hanoi%2C_Vietnam_-_DSC05526.JPG,https://upload.wikimedia.org/wikipedia/commons/b/b4/Pot%2C_Ly-Tran_dynasty%2C_11th-14th_century_AD%2C_white_and_brown_glazed_ceramic_-_National_Museum_of_Vietnamese_History_-_Hanoi%2C_Vietnam_-_DSC05526.JPG,"Exhibit in the National Museum of Vietnamese History, Hanoi, Vietnam. Photography was permitted in the museum without restriction. This artwork is old enough so that it is in the public domain.","<a href=""//commons.wikimedia.org/wiki/User:Daderot"" title=""User:Daderot"">Daderot</a>",CC-Zero|Self-published work|Files uploaded by Daderot|Trần dynasty ceramics in the National Museum of Vietnamese History|Lý dynasty ceramics in the National Museum of Vietnamese History
Stemcup_in_parrot_shape_Ly_dynasty_11th-13th_century_AD_brown_pattern_ceramic_-_National_Museum_of_Vietnamese_History_-_Hanoi_Vietnam_-_DSC05422.JPG,Ly-Tran,,,,4480,3083,CC0,https://commons.wikimedia.org/wiki/File%3AStemcup_in_parrot_shape%2C_Ly_dynasty%2C_11th-13th_century_AD%2C_brown_pattern_ceramic_-_National_Museum_of_Vietnamese_History_-_Hanoi%2C_Vietnam_-_DSC05422.JPG,https://upload.wikimedia.org/wikipedia/commons/5/5a/Stemcup_in_parrot_shape%2C_Ly_dynasty%2C_11th-13th_century_AD%2C_brown_pattern_ceramic_-_National_Museum_of_Vietnamese_History_-_Hanoi%2C_Vietnam_-_DSC05422.JPG,"Exhibit in the National Museum of Vietnamese History, Hanoi, Vietnam. Photography was permitted in the museum without restriction. This artwork is old enough so that it is in the public domain.","<a href=""//commons.wikimedia.org/wiki/User:Daderot"" title=""User:Daderot"">Daderot</a>",CC-Zero|Self-published work|Files uploaded by Daderot|Lý dynasty ceramics in the National Museum of Vietnamese History
Stupa_with_lotus_bodhi_leaf_and_dancer_decoration_Hanoi_Ly_dynasty_11th-13th_century_AD_ceramic_-_National_Museum_of_Vietnamese_History_-_Hanoi_Vietnam_-_DSC05532.JPG,Ly-Tran,,,,3541,5150,CC0,https://commons.wikimedia.org/wiki/File%3AStupa_with_lotus%2C_bodhi_leaf_and_dancer_decoration%2C_Hanoi%2C_Ly_dynasty%2C_11th-13th_century_AD%2C_ceramic_-_National_Museum_of_Vietnamese_History_-_Hanoi%2C_Vietnam_-_DSC05532.JPG,https://upload.wikimedia.org/wikipedia/commons/6/6e/Stupa_with_lotus%2C_bodhi_leaf_and_dancer_decoration%2C_Hanoi%2C_Ly_dynasty%2C_11th-13th_century_AD%2C_ceramic_-_National_Museum_of_Vietnamese_History_-_Hanoi%2C_Vietnam_-_DSC05532.JPG,"Exhibit in the National Museum of Vietnamese History, Hanoi, Vietnam. Photography was permitted in the museum without restriction. This artwork is old enough so that it is in the public domain.","<a href=""//commons.wikimedia.org/wiki/User:Daderot"" title=""User:Daderot"">Daderot</a>",CC-Zero|Self-published work|Files uploaded by Daderot|Lý dynasty ceramics in the National Museum of Vietnamese History
Bach_Dang_Giang_-_Tran_Minh_Tong.jpg,Ly-Tran,,,,926,395,CC BY-SA 3.0,https://commons.wikimedia.org/wiki/File%3ABach_Dang_Giang_-_Tran_Minh_Tong.jpg,https://upload.wikimedia.org/wikipedia/commons/6/66/Bach_Dang_Giang_-_Tran_Minh_Tong.jpg,"Bài thơ ""Đề Bạch Đằng Giang"" của Trần Minh Tông trong đền Trần (Nam Định)","<a href=""//commons.wikimedia.org/w/index.php?title=User:Pvloc90&amp;action=edit&amp;redlink=1"" class",Taken with Canon Digital IXUS 870 IS|Trần Minh Tông|Art of the Trần dynasty|Self-published work|Poetry of Vietnam|Photographs taken on 2011-06-10|Gold on red|Literature of the Imperial Vietnam
Bia_đá_Chùa_Dạm.JPG,Ly-Tran,,,,2048,1363,CC BY-SA 3.0,https://commons.wikimedia.org/wiki/File%3ABia_%C4%91%C3%A1_Ch%C3%B9a_D%E1%BA%A1m.JPG,https://upload.wikimedia.org/wikipedia/commons/c/cd/Bia_%C4%91%C3%A1_Ch%C3%B9a_D%E1%BA%A1m.JPG,"Chùa Dạm hay chùa Rạm thuộc xã Nam Sơn, thành phố Bắc Ninh, tỉnh Bắc Ninh.","<a href=""//commons.wikimedia.org/wiki/User:Hoangvantoanajc"" title=""User:Hoangvantoanajc"">Hoangvantoa",Taken with Sony SLT-A33|Mount Meru (mythology)|Art of the Lý dynasty|Thần-quang Pagoda (Nam-sơn)|Self-published work|Column engraved with dragons from Dam Pagoda
Binh_Son_tower_2.jpg,Ly-Tran,,,,2136,2848,Public domain,https://commons.wikimedia.org/wiki/File%3ABinh_Son_tower_2.jpg,https://upload.wikimedia.org/wikipedia/commons/6/69/Binh_Son_tower_2.jpg,"Bình Sơn Tower in Vĩnh Khánh Pagoda, Tam Sơn Town, Sông Lô District, Vĩnh Phúc Province, Vietnam","<a href=""https://en.wikipedia.org/wiki/vi:User:Viethavvh"" class=""extiw"" title=""w:vi:User:Viethavvh"">",Taken with Fujifilm FinePix E550|Towers in Vietnam|PD-user|Art of the Trần dynasty|Song Lo District|Files with coordinates missing SDC location of creation|Pictures by Viethavvh|Architecture of the Tr
Brick_-_Hanoi_Vong_La_temple_eleventh_cen.jpg,Ly-Tran,,,,320,277,CC0,https://commons.wikimedia.org/wiki/File%3ABrick_-_Hanoi%2C_Vong_La_temple%2C_eleventh_cen.jpg,https://upload.wikimedia.org/wikipedia/commons/f/f6/Brick_-_Hanoi%2C_Vong_La_temple%2C_eleventh_cen.jpg,"Red brick fragment from Thang Long citadel, Hanoi, dates 11-12th Cen",Hà Bích Liên,CC-Zero|Art of the Lý dynasty
Bronze_ceremonial_helmet_from_the_Tran_Dynasty_in_Dai-Viet_modern-day_Vietnam_circa_12th_-_13th_century.JPG,Ly-Tran,,,,4288,3216,CC BY-SA 3.0,https://commons.wikimedia.org/wiki/File%3ABronze_ceremonial_helmet_from_the_Tran_Dynasty_in_Dai-Viet_%28modern-day_Vietnam%29_circa_12th_-_13th_century.JPG,https://upload.wikimedia.org/wikipedia/commons/2/26/Bronze_ceremonial_helmet_from_the_Tran_Dynasty_in_Dai-Viet_%28modern-day_Vietnam%29_circa_12th_-_13th_century.JPG,Cast bronze helmet with gold gilding and heavy green patina from the Tran Dynasty 1100s-1200s AD,"<a href=""//commons.wikimedia.org/w/index.php?title=User:Prodvocalist&amp;action=edit&amp;redlink=1"" ",Taken with Sanyo VPC-T1496|Ancient helmets|Art of the Trần dynasty|Military of the Trần dynasty|Self-published work|Bronze objects with gilding
Bronze_ceremonial_helmet_from_the_Trần_dynasty_of_Annam_circa_12-13th_century.jpg,Ly-Tran,,,,4288,3216,CC BY-SA 3.0,https://commons.wikimedia.org/wiki/File%3ABronze_ceremonial_helmet_from_the_Tr%E1%BA%A7n_dynasty_of_Annam_circa_12-13th_century.jpg,https://upload.wikimedia.org/wikipedia/commons/b/b9/Bronze_ceremonial_helmet_from_the_Tr%E1%BA%A7n_dynasty_of_Annam_circa_12-13th_century.jpg,Bronze ceremonial helmet from the Trần dynasty of Annam circa 12-13th century.,"<a href=""//commons.wikimedia.org/wiki/User:Mus%C3%A9e_Annam"" title=""User:Musée Annam"">Musée Annam</a",Taken with Sanyo VPC-T1496|Ancient helmets|Art of the Trần dynasty|Military of the Trần dynasty|Self-published work|Bronze objects with gilding
Cavalry_armor_helmet_bronze_rare_from_the_Trần_dynasty_of_Annam_circa_12-13th_century_3.jpg,Ly-Tran,,,,1600,1635,CC BY-SA 3.0,https://commons.wikimedia.org/wiki/File%3ACavalry_armor_helmet_bronze_rare_from_the_Tr%E1%BA%A7n_dynasty_of_Annam_circa_12-13th_century_%283%29.jpg,https://upload.wikimedia.org/wikipedia/commons/1/1b/Cavalry_armor_helmet_bronze_rare_from_the_Tr%E1%BA%A7n_dynasty_of_Annam_circa_12-13th_century_%283%29.jpg,Cavalry armor helmet bronze rare from the Trần dynasty of Annam circa 12-13th century.,"<a href=""//commons.wikimedia.org/wiki/User:Mus%C3%A9e_Annam"" title=""User:Musée Annam"">Musée Annam</a",Taken with Sanyo VPC-T1496|Ancient helmets|Art of the Trần dynasty|Military of the Trần dynasty|Self-published work|Bronze objects with gilding
Cavalry_armor_helmet_bronze_rare_from_the_Trần_dynasty_of_Annam_circa_12-13th_century_4.jpg,Ly-Tran,,,,4288,3216,CC BY-SA 3.0,https://commons.wikimedia.org/wiki/File%3ACavalry_armor_helmet_bronze_rare_from_the_Tr%E1%BA%A7n_dynasty_of_Annam_circa_12-13th_century_%284%29.jpg,https://upload.wikimedia.org/wikipedia/commons/1/1b/Cavalry_armor_helmet_bronze_rare_from_the_Tr%E1%BA%A7n_dynasty_of_Annam_circa_12-13th_century_%284%29.jpg,Cavalry armor helmet bronze rare from the Trần dynasty of Annam circa 12-13th century.,"<a href=""//commons.wikimedia.org/wiki/User:Mus%C3%A9e_Annam"" title=""User:Musée Annam"">Musée Annam</a",Taken with Sanyo VPC-T1496|Ancient helmets|Art of the Trần dynasty|Military of the Trần dynasty|Self-published work|Bronze objects with gilding
Chạm_rồng_trên_cột_đá_Chùa_Dạm.JPG,Ly-Tran,,,,639,453,CC BY-SA 3.0,https://commons.wikimedia.org/wiki/File%3ACh%E1%BA%A1m_r%E1%BB%93ng_tr%C3%AAn_c%E1%BB%99t_%C4%91%C3%A1_Ch%C3%B9a_D%E1%BA%A1m.JPG,https://upload.wikimedia.org/wikipedia/commons/8/88/Ch%E1%BA%A1m_r%E1%BB%93ng_tr%C3%AAn_c%E1%BB%99t_%C4%91%C3%A1_Ch%C3%B9a_D%E1%BA%A1m.JPG,Cặp rồng thời Lý chạm trên cột đá Chùa Dạm ở Bắc Ninh,"<a href=""//commons.wikimedia.org/wiki/User:Hoangvantoanajc"" title=""User:Hoangvantoanajc"">Hoangvantoa",Taken with Sony SLT-A33|Mount Meru (mythology)|11th-century sculptures|Art of the Lý dynasty|Self-published work|Columns in Vietnam|Symbols of Lý Dynasty|Column engraved with dragons from Dam Pagoda
Column_base_with_dragons_Phat_Tich_NMVH_EDAV.jpg,Ly-Tran,,,,5000,3338,Public domain,https://commons.wikimedia.org/wiki/File%3AColumn_base_with_dragons_Phat_Tich_NMVH_EDAV.jpg,https://upload.wikimedia.org/wikipedia/commons/e/e7/Column_base_with_dragons_Phat_Tich_NMVH_EDAV.jpg,,"<p><a href=""//commons.wikimedia.org/wiki/User:Jastrow"" title=""User:Jastrow"">Marie-Lan Nguyen</a>
</p",Taken with Nikon D800E|L'Envol du dragon – Art royal du Vietnam|Author died more than 100 years ago public domain images|Art of the Lý dynasty|Taken with AF-S Zoom-Nikkor 24-70mm f/2.8G ED|Artworks wi
Column_engraved_with_dragons_Dam_Pagoda_Bắc_Ninh_Province_11th_century_replica_Vietnam_National_Museum_of_Fine_Arts_Hanoi_Vietnam_-_20131030.JPG,Ly-Tran,,,,2592,3872,CC BY-SA 3.0,https://commons.wikimedia.org/wiki/File%3AColumn_engraved_with_dragons%2C_Dam_Pagoda%2C_B%E1%BA%AFc_Ninh_Province_%2811th_century%2C_replica%29%2C_Vietnam_National_Museum_of_Fine_Arts%2C_Hanoi%2C_Vietnam_-_20131030.JPG,https://upload.wikimedia.org/wikipedia/commons/3/3b/Column_engraved_with_dragons%2C_Dam_Pagoda%2C_B%E1%BA%AFc_Ninh_Province_%2811th_century%2C_replica%29%2C_Vietnam_National_Museum_of_Fine_Arts%2C_Hanoi%2C_Vietnam_-_20131030.JPG,,"<div class=""fn value"">
Unknown author<span style=""display: none;"">Unknown author</span>.</div>",Taken with Sony DSLR-A230|Mount Meru (mythology)|11th-century sculptures|Art of the Lý dynasty|Artworks without Wikidata item|Self-published work|Columns in Vietnam|Template Unknown (author)|Symbols o
Con_giống_bằng_đất_nung_phủ_men_nâu_thế_kỷ_XIII-XIV.png,Ly-Tran,,,,650,458,Public domain,https://commons.wikimedia.org/wiki/File%3ACon_gi%E1%BB%91ng_b%E1%BA%B1ng_%C4%91%E1%BA%A5t_nung_ph%E1%BB%A7_men_n%C3%A2u%2C_th%E1%BA%BF_k%E1%BB%B7_XIII-XIV.png,https://upload.wikimedia.org/wikipedia/commons/1/13/Con_gi%E1%BB%91ng_b%E1%BA%B1ng_%C4%91%E1%BA%A5t_nung_ph%E1%BB%A7_men_n%C3%A2u%2C_th%E1%BA%BF_k%E1%BB%B7_XIII-XIV.png,"Con-giống bằng đất-nung phủ men-nâu, cao 7cm, niên-đại thế-kỷ XIII-XIV. Cổ-vật được phát-hiện tại địa-bàn Hà-nội.","<a href=""//commons.wikimedia.org/wiki/User:FC12P"" title=""User:FC12P"">FC12P</a>",Art of the Trần dynasty|Tò he|Self-published work|PD-Art (PD-old-70)|PD-Art (PD-old default)|CC-PD-Mark|Animals in art of Vietnam
Dish_gold_XI-XII_cent_Ly_dynasty_Hung_Yen_Vietnam.jpg,Ly-Tran,,,,1760,2120,CC0,https://commons.wikimedia.org/wiki/File%3ADish%2C_gold%2C_XI-XII_cent_Ly_dynasty%2C_Hung_Yen%2C_Vietnam.jpg,https://upload.wikimedia.org/wikipedia/commons/8/8f/Dish%2C_gold%2C_XI-XII_cent_Ly_dynasty%2C_Hung_Yen%2C_Vietnam.jpg,,,CC-Zero|Files with no machine-readable author|Art of the Lý dynasty|Artworks without Wikidata item|Unsupported object|Gold objects in the National Museum of Vietnamese History
National_Museum_Vietnamese_History_29.jpg,Ly-Tran,,,,2816,2112,CC BY-SA 3.0,https://commons.wikimedia.org/wiki/File%3ANational_Museum_Vietnamese_History_29.jpg,https://upload.wikimedia.org/wikipedia/commons/f/f5/National_Museum_Vietnamese_History_29.jpg,"<b>Jar with lotus, chrysanthemum motifs</b>. Pattern brown glazed ceramic, Trần dynasty, 13th-14th century. Nam Định province, northern Vietnam. Domestic use. National Museum of Vietnamese History, Ha","<a href=""//commons.wikimedia.org/wiki/User:Gryffindor"" title=""User:Gryffindor"">Gryffindor</a>",Taken with Canon Digital IXUS 870 IS|Self-published work|Files with derivative versions|Trần dynasty ceramics in the National Museum of Vietnamese History
National_Museum_Vietnamese_History_30.jpg,Ly-Tran,,,,2816,2112,CC BY-SA 3.0,https://commons.wikimedia.org/wiki/File%3ANational_Museum_Vietnamese_History_30.jpg,https://upload.wikimedia.org/wikipedia/commons/1/12/National_Museum_Vietnamese_History_30.jpg,"<b>Fragment of jar with warriors fighting</b>. Pattern brown glazed ceramic, Trần dynasty, 13th-14th century. Than Hóa province, central Vietnam. Domestic use. National Museum of Vietnamese History, H","<a href=""//commons.wikimedia.org/wiki/User:Gryffindor"" title=""User:Gryffindor"">Gryffindor</a>",Taken with Canon Digital IXUS 870 IS|Military of the Trần dynasty|Self-published work|Trần dynasty ceramics in the National Museum of Vietnamese History|Paintings of the Trần Dynasty|Armour in 13th-ce
National_Museum_Vietnamese_History_50.jpg,Ly-Tran,,,,2112,2816,CC BY-SA 3.0,https://commons.wikimedia.org/wiki/File%3ANational_Museum_Vietnamese_History_50.jpg,https://upload.wikimedia.org/wikipedia/commons/8/80/National_Museum_Vietnamese_History_50.jpg,"<b>Kinnara</b>. Carved stone, Lý dynasty, circa 1057. Phật Tích Temple, Bắc Ninh, northern Vietnam. Architectural decoration. National Museum of Vietnamese History, Hanoi.","<a href=""//commons.wikimedia.org/wiki/User:Gryffindor"" title=""User:Gryffindor"">Gryffindor</a>",Taken with Canon Digital IXUS 870 IS|Art of the Lý dynasty|Phat Tich pagoda|Self-published work|Stone sculptures in the National Museum of Vietnamese History|Kinnara in Vietnam
National_Museum_Vietnamese_History_51.jpg,Ly-Tran,,,,2112,2816,CC BY-SA 3.0,https://commons.wikimedia.org/wiki/File%3ANational_Museum_Vietnamese_History_51.jpg,https://upload.wikimedia.org/wikipedia/commons/c/c3/National_Museum_Vietnamese_History_51.jpg,"<b>Fragment of female statue</b>. Carved stone, Lý dynasty, circa 1057. Phật Tích pagoda, Bắc Ninh, northern Vietnam. Architectural decoration. National Museum of Vietnamese History, Hanoi.","<a href=""//commons.wikimedia.org/wiki/User:Gryffindor"" title=""User:Gryffindor"">Gryffindor</a>",Taken with Canon Digital IXUS 870 IS|Art of the Lý dynasty|Phat Tich pagoda|Self-published work|Stone sculptures in the National Museum of Vietnamese History
National_Museum_Vietnamese_History_52.jpg,Ly-Tran,,,,2816,2112,CC BY-SA 3.0,https://commons.wikimedia.org/wiki/File%3ANational_Museum_Vietnamese_History_52.jpg,https://upload.wikimedia.org/wikipedia/commons/8/89/National_Museum_Vietnamese_History_52.jpg,"<b>Fragment of a musical instrument and heads of fairy figures</b> (lower) and <b>Kinnara</b> (upper). Carved stone, Lý dynasty, circa 1057. Phật Tích pagoda, Bắc Ninh, northern Vietnam. Architectural","<a href=""//commons.wikimedia.org/wiki/User:Gryffindor"" title=""User:Gryffindor"">Gryffindor</a>",Taken with Canon Digital IXUS 870 IS|Art of the Lý dynasty|Self-published work|Stone sculptures in the National Museum of Vietnamese History|Kinnara in Vietnam
National_Museum_Vietnamese_History_53.jpg,Ly-Tran,,,,2816,2112,CC BY-SA 3.0,https://commons.wikimedia.org/wiki/File%3ANational_Museum_Vietnamese_History_53.jpg,https://upload.wikimedia.org/wikipedia/commons/9/9a/National_Museum_Vietnamese_History_53.jpg,"<b>Bodhi leaf with dragon motif</b>. Carved stone, Lý dynasty, circa 1057. Phật Tích pagoda, Bắc Ninh, northern Vietnam. Architectural decoration. National Museum of Vietnamese History, Hanoi.","<a href=""//commons.wikimedia.org/wiki/User:Gryffindor"" title=""User:Gryffindor"">Gryffindor</a>",Taken with Canon Digital IXUS 870 IS|Art of the Lý dynasty|Self-published work|Symbols of Lý Dynasty|Stone sculptures in the National Museum of Vietnamese History|Bodhi leaves in art
National_Museum_Vietnamese_History_55.jpg,Ly-Tran,,,,2816,2112,CC BY-SA 3.0,https://commons.wikimedia.org/wiki/File%3ANational_Museum_Vietnamese_History_55.jpg,https://upload.wikimedia.org/wikipedia/commons/4/44/National_Museum_Vietnamese_History_55.jpg,"<b>Column base with dragon, lotus, dancer motifs</b>. Carved stone, Lý dynasty, circa 1057. Phật Tích pagoda, Bắc Ninh province, northern Vietnam. Construction material. National Museum of Vietnamese ","<a href=""//commons.wikimedia.org/wiki/User:Gryffindor"" title=""User:Gryffindor"">Gryffindor</a>",Taken with Canon Digital IXUS 870 IS|Art of the Lý dynasty|Phat Tich pagoda|Self-published work|Stone sculptures in the National Museum of Vietnamese History|Architecture of the Lý dynasty
National_Museum_Vietnamese_History_56.jpg,Ly-Tran,,,,2816,2112,CC BY-SA 3.0,https://commons.wikimedia.org/wiki/File%3ANational_Museum_Vietnamese_History_56.jpg,https://upload.wikimedia.org/wikipedia/commons/8/8e/National_Museum_Vietnamese_History_56.jpg,"<b>Column base with dragon, lotus, dancer motifs</b>. Carved stone, Lý dynasty, circa 1057. Phật Tích pagoda, Bắc Ninh province, northern Vietnam. Construction material. National Museum of Vietnamese ","<a href=""//commons.wikimedia.org/wiki/User:Gryffindor"" title=""User:Gryffindor"">Gryffindor</a>",Taken with Canon Digital IXUS 870 IS|Art of the Lý dynasty|Phat Tich pagoda|Self-published work|Symbols of Lý Dynasty|Stone sculptures in the National Museum of Vietnamese History|Architecture of the 
National_Museum_Vietnamese_History_62.jpg,Ly-Tran,,,,2112,2816,CC BY-SA 3.0,https://commons.wikimedia.org/wiki/File%3ANational_Museum_Vietnamese_History_62.jpg,https://upload.wikimedia.org/wikipedia/commons/f/f9/National_Museum_Vietnamese_History_62.jpg,"<b>Phoenix head</b>. Terracotta, Trần-Hồ dynasty, 14th-15th century. Architectural decoration. National Museum of Vietnamese History, Hanoi.","<a href=""//commons.wikimedia.org/wiki/User:Gryffindor"" title=""User:Gryffindor"">Gryffindor</a>",Taken with Canon Digital IXUS 870 IS|Self-published work|Files with derivative versions|Art of the Hồ dynasty|Trần dynasty ceramics in the National Museum of Vietnamese History
National_Museum_Vietnamese_History_62_cropped.jpg,Ly-Tran,,,,2014,2014,CC BY-SA 3.0,https://commons.wikimedia.org/wiki/File%3ANational_Museum_Vietnamese_History_62_%28cropped%29.jpg,https://upload.wikimedia.org/wikipedia/commons/2/23/National_Museum_Vietnamese_History_62_%28cropped%29.jpg,"<b>Phoenix head</b>. Terracotta, Trần-Hồ dynasty, 14th-15th century. Architectural decoration. National Museum of Vietnamese History, Hanoi.","<ul><li><a href=""//commons.wikimedia.org/wiki/File:National_Museum_Vietnamese_History_62.jpg"" title=",Retouched pictures|Self-published work|Uploaded with derivativeFX|Art of the Hồ dynasty|Trần dynasty ceramics in the National Museum of Vietnamese History
National_Museum_Vietnamese_History_63.jpg,Ly-Tran,,,,2816,2112,CC BY-SA 3.0,https://commons.wikimedia.org/wiki/File%3ANational_Museum_Vietnamese_History_63.jpg,https://upload.wikimedia.org/wikipedia/commons/0/0a/National_Museum_Vietnamese_History_63.jpg,"<b>Phoenix head</b>. Terracotta, Trần-Hồ dynasty, 14th-15th century. Architectural decoration. National Museum of Vietnamese History, Hanoi.","<a href=""//commons.wikimedia.org/wiki/User:Gryffindor"" title=""User:Gryffindor"">Gryffindor</a>",Taken with Canon Digital IXUS 870 IS|Self-published work|Art of the Hồ dynasty|Trần dynasty ceramics in the National Museum of Vietnamese History
National_Museum_Vietnamese_History_64.jpg,Ly-Tran,,,,2112,2816,CC BY-SA 3.0,https://commons.wikimedia.org/wiki/File%3ANational_Museum_Vietnamese_History_64.jpg,https://upload.wikimedia.org/wikipedia/commons/e/e2/National_Museum_Vietnamese_History_64.jpg,"<b>Lion figure</b>. Terracotta, Trần-Hồ dynasty, 14th-15th century. Nghệ An province, central Vietnam. Architectural decoration. National Museum of Vietnamese History, Hanoi.","<a href=""//commons.wikimedia.org/wiki/User:Gryffindor"" title=""User:Gryffindor"">Gryffindor</a>",Taken with Canon Digital IXUS 870 IS|Self-published work|Art of the Hồ dynasty|Trần dynasty ceramics in the National Museum of Vietnamese History
Ngói_lưu_ly__ngói_ống_ngói_lòng_máng_ngói_âm_dương_Việt_Nam_khai_quật_tại_Hoàng_Thành_Thăng_Long.jpg,Ly-Tran,,,,1166,871,CC BY-SA 4.0,https://commons.wikimedia.org/wiki/File%3ANg%C3%B3i_l%C6%B0u_ly_%28_ng%C3%B3i_%E1%BB%91ng%2C_ng%C3%B3i_l%C3%B2ng_m%C3%A1ng%2C_ng%C3%B3i_%C3%A2m_d%C6%B0%C6%A1ng%29_Vi%E1%BB%87t_Nam_khai_qu%E1%BA%ADt_t%E1%BA%A1i_Ho%C3%A0ng_Th%C3%A0nh_Th%C4%83ng_Long.jpg,https://upload.wikimedia.org/wikipedia/commons/7/78/Ng%C3%B3i_l%C6%B0u_ly_%28_ng%C3%B3i_%E1%BB%91ng%2C_ng%C3%B3i_l%C3%B2ng_m%C3%A1ng%2C_ng%C3%B3i_%C3%A2m_d%C6%B0%C6%A1ng%29_Vi%E1%BB%87t_Nam_khai_qu%E1%BA%ADt_t%E1%BA%A1i_Ho%C3%A0ng_Th%C3%A0nh_Th%C4%83ng_Long.jpg,"Ngói lưu ly ( ngói ống, ngói lòng máng, ngói âm dương) Việt Nam khai quật tại Hoàng Thành Thăng Long","<a href=""//commons.wikimedia.org/w/index.php?title=User:Nguyenkhanh159&amp;action=edit&amp;redlink=1",Citadel of Hanoi|National Assembly Building of Vietnam|Art of the Lý dynasty|Self-published work|Terracottas in Vietnam
Nền_bó_đá_ở_Chùa_Dạm.JPG,Ly-Tran,,,,2048,1363,CC BY-SA 3.0,https://commons.wikimedia.org/wiki/File%3AN%E1%BB%81n_b%C3%B3_%C4%91%C3%A1_%E1%BB%9F_Ch%C3%B9a_D%E1%BA%A1m.JPG,https://upload.wikimedia.org/wikipedia/commons/8/80/N%E1%BB%81n_b%C3%B3_%C4%91%C3%A1_%E1%BB%9F_Ch%C3%B9a_D%E1%BA%A1m.JPG,"Bậc nền được bó bằng những tảng đá xếp chồng lên nhau ở Chùa Dạm, Bắc Ninh","<a href=""//commons.wikimedia.org/wiki/User:Hoangvantoanajc"" title=""User:Hoangvantoanajc"">Hoangvantoa",Taken with Sony SLT-A33|Stone sculptures in Vietnam|Mount Meru (mythology)|11th-century sculptures|Art of the Lý dynasty|Thần-quang Pagoda (Nam-sơn)|Self-published work|Columns in Vietnam|Symbols of L
Pot_for_domestic_use_Hoa_Binh_province_Tran_to_Early_Le_dynasty_14th-15th_century_blue_and_white_glazed_ceramic_-_National_Museum_of_Vietnamese_History_-_Hanoi_Vietnam_-_DSC05712.JPG,Ly-Tran,,,,3605,4990,CC0,https://commons.wikimedia.org/wiki/File%3APot_for_domestic_use%2C_Hoa_Binh_province%2C_Tran_to_Early_Le_dynasty%2C_14th-15th_century%2C_blue_and_white_glazed_ceramic_-_National_Museum_of_Vietnamese_History_-_Hanoi%2C_Vietnam_-_DSC05712.JPG,https://upload.wikimedia.org/wikipedia/commons/5/5e/Pot_for_domestic_use%2C_Hoa_Binh_province%2C_Tran_to_Early_Le_dynasty%2C_14th-15th_century%2C_blue_and_white_glazed_ceramic_-_National_Museum_of_Vietnamese_History_-_Hanoi%2C_Vietnam_-_DSC05712.JPG,"Exhibit in the National Museum of Vietnamese History, Hanoi, Vietnam. Photography was permitted in the museum without restriction. This artwork is old enough so that it is in the public domain.","<a href=""//commons.wikimedia.org/wiki/User:Daderot"" title=""User:Daderot"">Daderot</a>",CC-Zero|Self-published work|Files uploaded by Daderot|Ceramics of the Later Lê dynasty|Trần dynasty ceramics in the National Museum of Vietnamese History|Early Lê dynasty ceramics in the National Muse
Quy_Hoa_1257_AD_battle_scene_Ha_Bong_leader_barring_the_way_of_Yuan_forces_Thanh_Hoa_provinceTran_dynasty_13th-14th_century_AD_glazed_ceramic_-_National_Museum_of_Vietnamese_History_-_Hanoi_Vietnam_-_DSC05492.JPG,Ly-Tran,,,,4638,3048,CC0,https://commons.wikimedia.org/wiki/File%3AQuy_Hoa_1257_AD_battle_scene_%28Ha_Bong_leader_barring_the_way_of_Yuan_forces%29%2C_Thanh_Hoa_province%2CTran_dynasty%2C_13th-14th_century_AD%2C_glazed_ceramic_-_National_Museum_of_Vietnamese_History_-_Hanoi%2C_Vietnam_-_DSC05492.JPG,https://upload.wikimedia.org/wikipedia/commons/0/09/Quy_Hoa_1257_AD_battle_scene_%28Ha_Bong_leader_barring_the_way_of_Yuan_forces%29%2C_Thanh_Hoa_province%2CTran_dynasty%2C_13th-14th_century_AD%2C_glazed_ceramic_-_National_Museum_of_Vietnamese_History_-_Hanoi%2C_Vietnam_-_DSC05492.JPG,"Exhibit in the National Museum of Vietnamese History, Hanoi, Vietnam. Photography was permitted in the museum without restriction. This artwork is old enough so that it is in the public domain.","<a href=""//commons.wikimedia.org/wiki/User:Daderot"" title=""User:Daderot"">Daderot</a>",CC-Zero|Self-published work|Mongol invasion of Đại Việt|Files uploaded by Daderot|Trần dynasty ceramics in the National Museum of Vietnamese History|Armour in 13th-century art of Vietnam
Sculpture_of_a_lion_Bà_Tấm_Pagoda_Hanoi_1115_Vietnam_National_Museum_of_Fine_Arts_Hanoi_Vietnam_-_20131030.JPG,Ly-Tran,,,,3872,2592,CC BY-SA 3.0,https://commons.wikimedia.org/wiki/File%3ASculpture_of_a_lion%2C_B%C3%A0_T%E1%BA%A5m_Pagoda%2C_Hanoi_%281115%29%2C_Vietnam_National_Museum_of_Fine_Arts%2C_Hanoi%2C_Vietnam_-_20131030.JPG,https://upload.wikimedia.org/wikipedia/commons/3/39/Sculpture_of_a_lion%2C_B%C3%A0_T%E1%BA%A5m_Pagoda%2C_Hanoi_%281115%29%2C_Vietnam_National_Museum_of_Fine_Arts%2C_Hanoi%2C_Vietnam_-_20131030.JPG,,"<div class=""fn value"">
Unknown author<span style=""display: none;"">Unknown author</span>.</div>",Taken with Sony DSLR-A230|Stone sculptures in Vietnam|12th-century sculptures|Art of the Lý dynasty|Artworks without Wikidata item|Self-published work|Sculptures of lions in Vietnam|Template Unknown (
Shiva_sandstone_-_Hanoi_Vong_la_temple_12th_century.jpg,Ly-Tran,,,,320,540,CC0,https://commons.wikimedia.org/wiki/File%3AShiva%2C_sandstone_-_Hanoi_Vong_la_temple_12th_century.jpg,https://upload.wikimedia.org/wikipedia/commons/d/dc/Shiva%2C_sandstone_-_Hanoi_Vong_la_temple_12th_century.jpg,"Shiva figure from Võng La temple, Đông Anh, Hanoi, dates 11-12th Cen",Hà Bích Liên,CC-Zero|Art of the Lý dynasty
Storage_jar_with_lotus_and_wave_motifs_Thang_Long_citadel_Hanoi_Tran_to_Le_So_dynasty_14th-15th_century_AD_pattern_brown_glazed_ceramic_-_National_Museum_of_Vietnamese_History_-_Hanoi_Vietnam_-_DSC05503.JPG,Ly-Tran,,,,3648,5472,CC0,https://commons.wikimedia.org/wiki/File%3AStorage_jar_with_lotus_and_wave_motifs%2C_Thang_Long_citadel%2C_Hanoi%2C_Tran_to_Le_So_dynasty%2C_14th-15th_century_AD%2C_pattern_brown_glazed_ceramic_-_National_Museum_of_Vietnamese_History_-_Hanoi%2C_Vietnam_-_DSC05503.JPG,https://upload.wikimedia.org/wikipedia/commons/c/cc/Storage_jar_with_lotus_and_wave_motifs%2C_Thang_Long_citadel%2C_Hanoi%2C_Tran_to_Le_So_dynasty%2C_14th-15th_century_AD%2C_pattern_brown_glazed_ceramic_-_National_Museum_of_Vietnamese_History_-_Hanoi%2C_Vietnam_-_DSC05503.JPG,"Exhibit in the National Museum of Vietnamese History, Hanoi, Vietnam. Photography was permitted in the museum without restriction. This artwork is old enough so that it is in the public domain.","<a href=""//commons.wikimedia.org/wiki/User:Daderot"" title=""User:Daderot"">Daderot</a>",CC-Zero|Self-published work|Files uploaded by Daderot|Ceramics of the Later Lê dynasty|Trần dynasty ceramics in the National Museum of Vietnamese History
Temple_in_Vietnam.jpg,Ly-Tran,,,,3264,1836,CC BY-SA 4.0,https://commons.wikimedia.org/wiki/File%3ATemple_in_Vietnam.jpg,https://upload.wikimedia.org/wikipedia/commons/5/52/Temple_in_Vietnam.jpg,Temple in Vietnam,"<a href=""//commons.wikimedia.org/wiki/User:Silveringking"" title=""User:Silveringking"">Silveringking</",Buddhist temples in Vietnam|Art of the Lý dynasty|Self-published work|Files with coordinates missing SDC location of creation
Thành_cổ_Hà_Nội_29.jpg,Ly-Tran,,,,1536,2048,Public domain,https://commons.wikimedia.org/wiki/File%3ATh%C3%A0nh_c%E1%BB%95_H%C3%A0_N%E1%BB%99i_%2829%29.jpg,https://upload.wikimedia.org/wikipedia/commons/8/84/Th%C3%A0nh_c%E1%BB%95_H%C3%A0_N%E1%BB%99i_%2829%29.jpg,"Gạch lát nền trang trí hoa cúc, thế kỷ 11-12, được tìm thấy tại Thành cổ Hà Nội","<a href=""https://en.wikipedia.org/wiki/vi:User:Viethavvh"" class=""extiw"" title=""w:vi:User:Viethavvh"">",Taken with Fujifilm FinePix E550|PD-user|Art of the Lý dynasty|Brick stamps|Terracottas in Vietnam|Pictures by Viethavvh|Architecture of the Lý dynasty
Tran-Ho_Dynasty_14th-15th_Century_Architectural_Decoration_9735703437.jpg,Ly-Tran,,,,5184,3456,CC0,https://commons.wikimedia.org/wiki/File%3ATran-Ho_Dynasty%2C_14th-15th_Century%2C_Architectural_Decoration_%289735703437%29.jpg,https://upload.wikimedia.org/wikipedia/commons/a/a2/Tran-Ho_Dynasty%2C_14th-15th_Century%2C_Architectural_Decoration_%289735703437%29.jpg,"Post Tran Dynasty Gallery, National Museum of Vietnamese History, Hanoi. Complete indexed photo collection at WorldHistoryPics.com.","<a rel=""nofollow"" class=""external text"" href=""https://www.flickr.com/people/101561334@N08"">Gary Todd",CC-Zero|Art of the Trần dynasty|Flickr images reviewed by FlickreviewR 2|Trần dynasty ceramics in the National Museum of Vietnamese History
Tran-Ho_Dynasty_14th-15th_Century_Architectural_Decoration_9735713465.jpg,Ly-Tran,,,,5184,3456,CC0,https://commons.wikimedia.org/wiki/File%3ATran-Ho_Dynasty%2C_14th-15th_Century%2C_Architectural_Decoration_%289735713465%29.jpg,https://upload.wikimedia.org/wikipedia/commons/2/25/Tran-Ho_Dynasty%2C_14th-15th_Century%2C_Architectural_Decoration_%289735713465%29.jpg,"Post Tran Dynasty Gallery, National Museum of Vietnamese History, Hanoi. Complete indexed photo collection at WorldHistoryPics.com.","<a rel=""nofollow"" class=""external text"" href=""https://www.flickr.com/people/101561334@N08"">Gary Todd",CC-Zero|Art of the Trần dynasty|Flickr images reviewed by FlickreviewR 2|Trần dynasty ceramics in the National Museum of Vietnamese History
Tran-Ho_Dynasty_14th-15th_Century_Architectural_Decoration_9738943708.jpg,Ly-Tran,,,,5184,3456,CC0,https://commons.wikimedia.org/wiki/File%3ATran-Ho_Dynasty%2C_14th-15th_Century%2C_Architectural_Decoration_%289738943708%29.jpg,https://upload.wikimedia.org/wikipedia/commons/6/60/Tran-Ho_Dynasty%2C_14th-15th_Century%2C_Architectural_Decoration_%289738943708%29.jpg,"Post Tran Dynasty Gallery, National Museum of Vietnamese History, Hanoi. Complete indexed photo collection at WorldHistoryPics.com.","<a rel=""nofollow"" class=""external text"" href=""https://www.flickr.com/people/101561334@N08"">Gary Todd",CC-Zero|Art of the Trần dynasty|Flickr images reviewed by FlickreviewR 2|Trần dynasty ceramics in the National Museum of Vietnamese History
Tran-Ho_Dynasty_14th-15th_Century_Architectural_Decoration_9738944538.jpg,Ly-Tran,,,,5184,3456,CC0,https://commons.wikimedia.org/wiki/File%3ATran-Ho_Dynasty%2C_14th-15th_Century%2C_Architectural_Decoration_%289738944538%29.jpg,https://upload.wikimedia.org/wikipedia/commons/1/1f/Tran-Ho_Dynasty%2C_14th-15th_Century%2C_Architectural_Decoration_%289738944538%29.jpg,"Post Tran Dynasty Gallery, National Museum of Vietnamese History, Hanoi. Complete indexed photo collection at WorldHistoryPics.com.","<a rel=""nofollow"" class=""external text"" href=""https://www.flickr.com/people/101561334@N08"">Gary Todd",CC-Zero|Art of the Trần dynasty|Flickr images reviewed by FlickreviewR 2|Trần dynasty ceramics in the National Museum of Vietnamese History
Tran-Ho_Dynasty_14th-15th_Century_Architectural_Decoration_9738951562.jpg,Ly-Tran,,,,5184,3456,CC0,https://commons.wikimedia.org/wiki/File%3ATran-Ho_Dynasty%2C_14th-15th_Century%2C_Architectural_Decoration_%289738951562%29.jpg,https://upload.wikimedia.org/wikipedia/commons/2/25/Tran-Ho_Dynasty%2C_14th-15th_Century%2C_Architectural_Decoration_%289738951562%29.jpg,"Post Tran Dynasty Gallery, National Museum of Vietnamese History, Hanoi. Complete indexed photo collection at WorldHistoryPics.com.","<a rel=""nofollow"" class=""external text"" href=""https://www.flickr.com/people/101561334@N08"">Gary Todd",CC-Zero|Art of the Trần dynasty|Flickr images reviewed by FlickreviewR 2|Trần dynasty ceramics in the National Museum of Vietnamese History
Tran-Ho_Dynasty_14th-15th_Century_Architectural_Fragment_9735710043.jpg,Ly-Tran,,,,5184,3456,CC0,https://commons.wikimedia.org/wiki/File%3ATran-Ho_Dynasty%2C_14th-15th_Century%2C_Architectural_Fragment_%289735710043%29.jpg,https://upload.wikimedia.org/wikipedia/commons/2/2e/Tran-Ho_Dynasty%2C_14th-15th_Century%2C_Architectural_Fragment_%289735710043%29.jpg,"Post Tran Dynasty Gallery, National Museum of Vietnamese History, Hanoi. Complete indexed photo collection at WorldHistoryPics.com.","<a rel=""nofollow"" class=""external text"" href=""https://www.flickr.com/people/101561334@N08"">Gary Todd",CC-Zero|Flickr images reviewed by FlickreviewR 2|Architecture of the Trần dynasty|Trần dynasty ceramics in the National Museum of Vietnamese History
Tran-Ho_Dynasty_14th-15th_Century_Architectural_Fragment_9738947440.jpg,Ly-Tran,,,,5184,3456,CC0,https://commons.wikimedia.org/wiki/File%3ATran-Ho_Dynasty%2C_14th-15th_Century%2C_Architectural_Fragment_%289738947440%29.jpg,https://upload.wikimedia.org/wikipedia/commons/2/20/Tran-Ho_Dynasty%2C_14th-15th_Century%2C_Architectural_Fragment_%289738947440%29.jpg,"Post Tran Dynasty Gallery, National Museum of Vietnamese History, Hanoi. Complete indexed photo collection at WorldHistoryPics.com.","<a rel=""nofollow"" class=""external text"" href=""https://www.flickr.com/people/101561334@N08"">Gary Todd",CC-Zero|Flickr images reviewed by FlickreviewR 2|Architecture of the Trần dynasty|Trần dynasty ceramics in the National Museum of Vietnamese History
Tran-Ho_Dynasty_14th-15th_Century_Brick_9735706919.jpg,Ly-Tran,,,,5184,3456,CC0,https://commons.wikimedia.org/wiki/File%3ATran-Ho_Dynasty%2C_14th-15th_Century%2C_Brick_%289735706919%29.jpg,https://upload.wikimedia.org/wikipedia/commons/3/32/Tran-Ho_Dynasty%2C_14th-15th_Century%2C_Brick_%289735706919%29.jpg,"Post Tran Dynasty Gallery, National Museum of Vietnamese History, Hanoi. Complete indexed photo collection at WorldHistoryPics.com.","<a rel=""nofollow"" class=""external text"" href=""https://www.flickr.com/people/101561334@N08"">Gary Todd",CC-Zero|Flickr images reviewed by FlickreviewR 2|Architecture of the Trần dynasty|Trần dynasty ceramics in the National Museum of Vietnamese History
Tran-Ho_Dynasty_14th-15th_Century_Brick_9735707775.jpg,Ly-Tran,,,,5184,3456,CC0,https://commons.wikimedia.org/wiki/File%3ATran-Ho_Dynasty%2C_14th-15th_Century%2C_Brick_%289735707775%29.jpg,https://upload.wikimedia.org/wikipedia/commons/5/5a/Tran-Ho_Dynasty%2C_14th-15th_Century%2C_Brick_%289735707775%29.jpg,"Post Tran Dynasty Gallery, National Museum of Vietnamese History, Hanoi. Complete indexed photo collection at WorldHistoryPics.com.","<a rel=""nofollow"" class=""external text"" href=""https://www.flickr.com/people/101561334@N08"">Gary Todd",CC-Zero|Flickr images reviewed by FlickreviewR 2|Architecture of the Trần dynasty|Trần dynasty ceramics in the National Museum of Vietnamese History
Tran-Ho_Dynasty_14th-15th_Century_Brick_9735711999.jpg,Ly-Tran,,,,5184,3456,CC0,https://commons.wikimedia.org/wiki/File%3ATran-Ho_Dynasty%2C_14th-15th_Century%2C_Brick_%289735711999%29.jpg,https://upload.wikimedia.org/wikipedia/commons/8/8d/Tran-Ho_Dynasty%2C_14th-15th_Century%2C_Brick_%289735711999%29.jpg,"Post Tran Dynasty Gallery, National Museum of Vietnamese History, Hanoi. Complete indexed photo collection at WorldHistoryPics.com.","<a rel=""nofollow"" class=""external text"" href=""https://www.flickr.com/people/101561334@N08"">Gary Todd",CC-Zero|Flickr images reviewed by FlickreviewR 2|Architecture of the Trần dynasty|Trần dynasty ceramics in the National Museum of Vietnamese History
Tran-Ho_Dynasty_14th-15th_Century_Roof_Tile_9735702837.jpg,Ly-Tran,,,,3456,5184,CC0,https://commons.wikimedia.org/wiki/File%3ATran-Ho_Dynasty%2C_14th-15th_Century%2C_Roof_Tile_%289735702837%29.jpg,https://upload.wikimedia.org/wikipedia/commons/3/3e/Tran-Ho_Dynasty%2C_14th-15th_Century%2C_Roof_Tile_%289735702837%29.jpg,"Post Tran Dynasty Gallery, National Museum of Vietnamese History, Hanoi. Complete indexed photo collection at WorldHistoryPics.com.","<a rel=""nofollow"" class=""external text"" href=""https://www.flickr.com/people/101561334@N08"">Gary Todd",CC-Zero|Flickr images reviewed by FlickreviewR 2|Architecture of the Trần dynasty|Trần dynasty ceramics in the National Museum of Vietnamese History
Tran_or_Early_Le_Dynasty_15th_Century_Glazed_Ceramic_Lampstand_9738930884.jpg,Ly-Tran,,,,3456,5184,CC0,https://commons.wikimedia.org/wiki/File%3ATran_or_Early_Le_Dynasty%2C_15th_Century%2C_Glazed_Ceramic_Lampstand_%289738930884%29.jpg,https://upload.wikimedia.org/wikipedia/commons/5/56/Tran_or_Early_Le_Dynasty%2C_15th_Century%2C_Glazed_Ceramic_Lampstand_%289738930884%29.jpg,"Post Tran Dynasty Gallery, National Museum of Vietnamese History, Hanoi. Complete indexed photo collection at WorldHistoryPics.com.","<a rel=""nofollow"" class=""external text"" href=""https://www.flickr.com/people/101561334@N08"">Gary Todd",CC-Zero|Flickr images reviewed by FlickreviewR 2|Trần dynasty ceramics in the National Museum of Vietnamese History|Ceramics of the Trần dynasty
Tran_or_Early_Le_Dynasty_Glazed_Ceramic_Pot_9735690325.jpg,Ly-Tran,,,,5184,3456,CC0,https://commons.wikimedia.org/wiki/File%3ATran_or_Early_Le_Dynasty_Glazed_Ceramic_Pot_%289735690325%29.jpg,https://upload.wikimedia.org/wikipedia/commons/c/c3/Tran_or_Early_Le_Dynasty_Glazed_Ceramic_Pot_%289735690325%29.jpg,"Post Tran Dynasty Gallery, National Museum of Vietnamese History, Hanoi. Complete indexed photo collection at WorldHistoryPics.com.","<a rel=""nofollow"" class=""external text"" href=""https://www.flickr.com/people/101561334@N08"">Gary Todd",CC-Zero|Flickr images reviewed by FlickreviewR 2|Trần dynasty ceramics in the National Museum of Vietnamese History|Ceramics of the Trần dynasty
Vietnam_11th_12th_C_-_lamp_parrot_shape_stoneware_IMG_9450_Museum_of_Asian_Civilisation.jpg,Ly-Tran,,,,2833,2132,CC BY-SA 4.0,https://commons.wikimedia.org/wiki/File%3AVietnam_11th_12th_C_-_lamp_parrot_shape_stoneware_IMG_9450_Museum_of_Asian_Civilisation.jpg,https://upload.wikimedia.org/wikipedia/commons/f/f8/Vietnam_11th_12th_C_-_lamp_parrot_shape_stoneware_IMG_9450_Museum_of_Asian_Civilisation.jpg,Old art from Vietnam. Exhibit at display in the Asian Civilisations Museum in Singapore.,"<a href=""//commons.wikimedia.org/wiki/User:Bjoertvedt"" title=""User:Bjoertvedt"">Bjoertvedt</a>",Art of the Lý dynasty|Self-published work|Files with coordinates missing SDC location of creation|Singapore photographs taken on 2018-11-10|Collections of the Asian Civilisations Museum|Ceramics of th
Vietnam_11th_12th_C_-_lamp_parrot_shape_stoneware_IMG_9451_Museum_of_Asian_Civilisation.jpg,Ly-Tran,,,,3618,2661,CC BY-SA 4.0,https://commons.wikimedia.org/wiki/File%3AVietnam_11th_12th_C_-_lamp_parrot_shape_stoneware_IMG_9451_Museum_of_Asian_Civilisation.jpg,https://upload.wikimedia.org/wikipedia/commons/f/fb/Vietnam_11th_12th_C_-_lamp_parrot_shape_stoneware_IMG_9451_Museum_of_Asian_Civilisation.jpg,Old art from Vietnam. Exhibit at display in the Asian Civilisations Museum in Singapore.,"<a href=""//commons.wikimedia.org/wiki/User:Bjoertvedt"" title=""User:Bjoertvedt"">Bjoertvedt</a>",Art of the Lý dynasty|Self-published work|Files with coordinates missing SDC location of creation|Singapore photographs taken on 2018-11-10|Collections of the Asian Civilisations Museum
Yana_mother_-_replica_Hanoi_Vongla_Temple.jpg,Ly-Tran,,,,320,312,CC0,https://commons.wikimedia.org/wiki/File%3AYana_mother_-_replica%2C_Hanoi%2C_Vongla_Temple.jpg,https://upload.wikimedia.org/wikipedia/commons/e/ec/Yana_mother_-_replica%2C_Hanoi%2C_Vongla_Temple.jpg,"Thiên Yana figure from Võng La temple, Đông Anh, Hanoi, dates 12-15th Cen",Hà Bích Liên,CC-Zero|Art of the Lý dynasty|Buddhist art of Vietnam
Avalokitesvara_figurine_Bat_Trang_kiln_Hanoi_Nguyen_dynasty_19th_century_AD_white_glazed_ceramic_-_National_Museum_of_Vietnamese_History_-_Hanoi_Vietnam_-_DSC05438.JPG,Nguyen,,,,3648,5472,CC0,https://commons.wikimedia.org/wiki/File%3AAvalokitesvara_figurine%2C_Bat_Trang_kiln%2C_Hanoi%2C_Nguyen_dynasty%2C_19th_century_AD%2C_white_glazed_ceramic_-_National_Museum_of_Vietnamese_History_-_Hanoi%2C_Vietnam_-_DSC05438.JPG,https://upload.wikimedia.org/wikipedia/commons/7/77/Avalokitesvara_figurine%2C_Bat_Trang_kiln%2C_Hanoi%2C_Nguyen_dynasty%2C_19th_century_AD%2C_white_glazed_ceramic_-_National_Museum_of_Vietnamese_History_-_Hanoi%2C_Vietnam_-_DSC05438.JPG,"Exhibit in the National Museum of Vietnamese History, Hanoi, Vietnam. Photography was permitted in the museum without restriction. This artwork is old enough so that it is in the public domain.","<a href=""//commons.wikimedia.org/wiki/User:Daderot"" title=""User:Daderot"">Daderot</a>",CC-Zero|Self-published work|Files uploaded by Daderot|Nguyễn dynasty ceramics in the National Museum of Vietnamese History
Basin_with_base_decorated_in_old_Chinese_calculations_Bat_Trang_Hanoi_Nguyen_dynasty_Gia_Long_reign_1802-1819_AD_blue__white_glazed_ceramic_-_National_Museum_of_Vietnamese_History_-_Hanoi_Vietnam_-_DSC05637.JPG,Nguyen,,,,3558,3519,CC0,https://commons.wikimedia.org/wiki/File%3ABasin_with_base_decorated_in_old_Chinese_calculations%2C_Bat_Trang%2C_Hanoi%2C_Nguyen_dynasty%2C_Gia_Long_reign_%281802-1819_AD%29%2C_blue_%26_white_glazed_ceramic_-_National_Museum_of_Vietnamese_History_-_Hanoi%2C_Vietnam_-_DSC05637.JPG,https://upload.wikimedia.org/wikipedia/commons/b/ba/Basin_with_base_decorated_in_old_Chinese_calculations%2C_Bat_Trang%2C_Hanoi%2C_Nguyen_dynasty%2C_Gia_Long_reign_%281802-1819_AD%29%2C_blue_%26_white_glazed_ceramic_-_National_Museum_of_Vietnamese_History_-_Hanoi%2C_Vietnam_-_DSC05637.JPG,"Exhibit in the National Museum of Vietnamese History, Hanoi, Vietnam. Photography was permitted in the museum without restriction. This artwork is old enough so that it is in the public domain.","<a href=""//commons.wikimedia.org/wiki/User:Daderot"" title=""User:Daderot"">Daderot</a>",CC-Zero|Self-published work|Files uploaded by Daderot|Nguyễn dynasty ceramics in the National Museum of Vietnamese History
Basin_with_base_decorated_in_old_Chinese_calculations_Bat_Trang_Hanoi_Nguyen_dynasty_Gia_Long_reign_1802-1819_AD_blue__white_glazed_ceramic_-_National_Museum_of_Vietnamese_History_-_Hanoi_Vietnam_-_DSC05638.JPG,Nguyen,,,,3586,3541,CC0,https://commons.wikimedia.org/wiki/File%3ABasin_with_base_decorated_in_old_Chinese_calculations%2C_Bat_Trang%2C_Hanoi%2C_Nguyen_dynasty%2C_Gia_Long_reign_%281802-1819_AD%29%2C_blue_%26_white_glazed_ceramic_-_National_Museum_of_Vietnamese_History_-_Hanoi%2C_Vietnam_-_DSC05638.JPG,https://upload.wikimedia.org/wikipedia/commons/5/50/Basin_with_base_decorated_in_old_Chinese_calculations%2C_Bat_Trang%2C_Hanoi%2C_Nguyen_dynasty%2C_Gia_Long_reign_%281802-1819_AD%29%2C_blue_%26_white_glazed_ceramic_-_National_Museum_of_Vietnamese_History_-_Hanoi%2C_Vietnam_-_DSC05638.JPG,"Exhibit in the National Museum of Vietnamese History, Hanoi, Vietnam. Photography was permitted in the museum without restriction. This artwork is old enough so that it is in the public domain.","<a href=""//commons.wikimedia.org/wiki/User:Daderot"" title=""User:Daderot"">Daderot</a>",CC-Zero|Self-published work|Files uploaded by Daderot|Nguyễn dynasty ceramics in the National Museum of Vietnamese History
Bodhisattva_Nguyen_dynasty_19th_to_early_20th_century_ivory_glazed_ceramic_-_National_Museum_of_Vietnamese_History_-_Hanoi_Vietnam_-_DSC05642.JPG,Nguyen,,,,3648,5472,CC0,https://commons.wikimedia.org/wiki/File%3ABodhisattva%2C_Nguyen_dynasty%2C_19th_to_early_20th_century%2C_ivory_glazed_ceramic_-_National_Museum_of_Vietnamese_History_-_Hanoi%2C_Vietnam_-_DSC05642.JPG,https://upload.wikimedia.org/wikipedia/commons/7/73/Bodhisattva%2C_Nguyen_dynasty%2C_19th_to_early_20th_century%2C_ivory_glazed_ceramic_-_National_Museum_of_Vietnamese_History_-_Hanoi%2C_Vietnam_-_DSC05642.JPG,"Exhibit in the National Museum of Vietnamese History, Hanoi, Vietnam. Photography was permitted in the museum without restriction. This artwork is old enough so that it is in the public domain.","<a href=""//commons.wikimedia.org/wiki/User:Daderot"" title=""User:Daderot"">Daderot</a>",CC-Zero|Self-published work|Sculptures of bodhisattvas in Vietnam|Files uploaded by Daderot|Ceramic Buddhist statues|Buddhist ivory|Nguyễn dynasty ceramics in the National Museum of Vietnamese History
CuaPhoMinh.jpg,Ly-Tran,,,,2592,3872,CC BY-SA 3.0,https://commons.wikimedia.org/wiki/File%3ACuaPhoMinh.jpg,https://upload.wikimedia.org/wikipedia/commons/6/60/CuaPhoMinh.jpg,Phổ Minh pagoda doors,"<a href=""//commons.wikimedia.org/w/index.php?title=User:Ptdtch&amp;action=edit&amp;redlink=1"" class=",Taken with Sony DSLR-A230|Art of the Trần dynasty|Self-published work|Wooden reliefs in the National Museum of Vietnamese History
Cups_and_storage_jar_for_royal_domestic_use_in_Hue_made_in_China_Nguyen_dynasty_19th_to_early_20th_century_blue_and_white_glazed_ceramic_-_National_Museum_of_Vietnamese_History_-_Hanoi_Vietnam_-_DSC05634.JPG,Nguyen,,,,5058,3512,CC0,https://commons.wikimedia.org/wiki/File%3ACups_and_storage_jar_for_royal_domestic_use_in_Hue%2C_made_in_China%2C_Nguyen_dynasty%2C_19th_to_early_20th_century%2C_blue_and_white_glazed_ceramic_-_National_Museum_of_Vietnamese_History_-_Hanoi%2C_Vietnam_-_DSC05634.JPG,https://upload.wikimedia.org/wikipedia/commons/d/dc/Cups_and_storage_jar_for_royal_domestic_use_in_Hue%2C_made_in_China%2C_Nguyen_dynasty%2C_19th_to_early_20th_century%2C_blue_and_white_glazed_ceramic_-_National_Museum_of_Vietnamese_History_-_Hanoi%2C_Vietnam_-_DSC05634.JPG,"Exhibit in the National Museum of Vietnamese History, Hanoi, Vietnam. Photography was permitted in the museum without restriction. This artwork is old enough so that it is in the public domain.","<a href=""//commons.wikimedia.org/wiki/User:Daderot"" title=""User:Daderot"">Daderot</a>",CC-Zero|Self-published work|Files uploaded by Daderot|Nguyễn dynasty ceramics in the National Museum of Vietnamese History
Incense_burner_Bat_Trang_ceramic_-_Nguyen_dynasty_19th_century_AD_-_Vietnam_National_Museum_of_Fine_Arts_-_Hanoi_Vietnam_-_DSC05333.JPG,Nguyen,,,,3551,4045,CC0,https://commons.wikimedia.org/wiki/File%3AIncense_burner%2C_Bat_Trang_ceramic_-_Nguyen_dynasty%2C_19th_century_AD_-_Vietnam_National_Museum_of_Fine_Arts_-_Hanoi%2C_Vietnam_-_DSC05333.JPG,https://upload.wikimedia.org/wikipedia/commons/7/70/Incense_burner%2C_Bat_Trang_ceramic_-_Nguyen_dynasty%2C_19th_century_AD_-_Vietnam_National_Museum_of_Fine_Arts_-_Hanoi%2C_Vietnam_-_DSC05333.JPG,"Exhibit in the Vietnam National Museum of Fine Arts - Hanoi, Vietnam. This artwork is old enough so that it is in the public domain.","<a href=""//commons.wikimedia.org/wiki/User:Daderot"" title=""User:Daderot"">Daderot</a>",CC-Zero|Self-published work|Files uploaded by Daderot|Nguyễn dynasty ceramics in the Vietnam National Museum of Fine Arts
Incense_burner_Tho_Ha_ceramic_earthenware_-_Nguyen_dynasty_19th_century_AD_-_Vietnam_National_Museum_of_Fine_Arts_-_Hanoi_Vietnam_-_DSC05331.JPG,Nguyen,,,,3562,5247,CC0,https://commons.wikimedia.org/wiki/File%3AIncense_burner%2C_Tho_Ha_ceramic%2C_earthenware_-_Nguyen_dynasty%2C_19th_century_AD_-_Vietnam_National_Museum_of_Fine_Arts_-_Hanoi%2C_Vietnam_-_DSC05331.JPG,https://upload.wikimedia.org/wikipedia/commons/b/bf/Incense_burner%2C_Tho_Ha_ceramic%2C_earthenware_-_Nguyen_dynasty%2C_19th_century_AD_-_Vietnam_National_Museum_of_Fine_Arts_-_Hanoi%2C_Vietnam_-_DSC05331.JPG,"Exhibit in the Vietnam National Museum of Fine Arts - Hanoi, Vietnam. This artwork is old enough so that it is in the public domain.","<a href=""//commons.wikimedia.org/wiki/User:Daderot"" title=""User:Daderot"">Daderot</a>",CC-Zero|Self-published work|Files uploaded by Daderot|Nguyễn dynasty ceramics in the Vietnam National Museum of Fine Arts
Lamp_Bien_Hoa_ceramic_green_glaze_-_Nguyen_dynasty_19th_century_AD_-_Vietnam_National_Museum_of_Fine_Arts_-_Hanoi_Vietnam_-_DSC05301.JPG,Nguyen,,,,3176,4056,CC0,https://commons.wikimedia.org/wiki/File%3ALamp%2C_Bien_Hoa_ceramic%2C_green_glaze_-_Nguyen_dynasty%2C_19th_century_AD_-_Vietnam_National_Museum_of_Fine_Arts_-_Hanoi%2C_Vietnam_-_DSC05301.JPG,https://upload.wikimedia.org/wikipedia/commons/5/5c/Lamp%2C_Bien_Hoa_ceramic%2C_green_glaze_-_Nguyen_dynasty%2C_19th_century_AD_-_Vietnam_National_Museum_of_Fine_Arts_-_Hanoi%2C_Vietnam_-_DSC05301.JPG,"Exhibit in the Vietnam National Museum of Fine Arts - Hanoi, Vietnam. This artwork is old enough so that it is in the public domain.","<a href=""//commons.wikimedia.org/wiki/User:Daderot"" title=""User:Daderot"">Daderot</a>",CC-Zero|Self-published work|Files uploaded by Daderot|Nguyễn dynasty ceramics in the Vietnam National Museum of Fine Arts
National_Museum_Vietnamese_History_31.jpg,Ly-Tran,,,,2112,2816,CC BY-SA 3.0,https://commons.wikimedia.org/wiki/File%3ANational_Museum_Vietnamese_History_31.jpg,https://upload.wikimedia.org/wikipedia/commons/7/7e/National_Museum_Vietnamese_History_31.jpg,"<b>Doors</b>. Carved wood, Trần dynasty, 13th-14th century. Phổ Minh pagoda, Nam Định province, northern Vietnam. Architectural element. National Museum of Vietnamese History, Hanoi.","<a href=""//commons.wikimedia.org/wiki/User:Gryffindor"" title=""User:Gryffindor"">Gryffindor</a>",Taken with Canon Digital IXUS 870 IS|Art of the Trần dynasty|Self-published work|Files with derivative versions|Culture of Nam Dinh|Wooden reliefs in the National Museum of Vietnamese History
National_Museum_Vietnamese_History_31_cropped.jpg,Ly-Tran,,,,1704,2155,CC BY-SA 3.0,https://commons.wikimedia.org/wiki/File%3ANational_Museum_Vietnamese_History_31_%28cropped%29.jpg,https://upload.wikimedia.org/wikipedia/commons/c/c2/National_Museum_Vietnamese_History_31_%28cropped%29.jpg,"<b>Doors</b>. Carved wood, Trần dynasty, 13th-14th century. Phổ Minh pagoda, Nam Định province, northern Vietnam. Architectural element. National Museum of Vietnamese History, Hanoi.","<ul><li><a href=""//commons.wikimedia.org/wiki/File:National_Museum_Vietnamese_History_31.jpg"" title=",Retouched pictures|Art of the Trần dynasty|Self-published work|Uploaded with derivativeFX|Culture of Nam Dinh|Wooden reliefs in the National Museum of Vietnamese History
National_Museum_Vietnamese_History_32.jpg,Ly-Tran,,,,2112,2816,CC BY-SA 3.0,https://commons.wikimedia.org/wiki/File%3ANational_Museum_Vietnamese_History_32.jpg,https://upload.wikimedia.org/wikipedia/commons/0/09/National_Museum_Vietnamese_History_32.jpg,"<b>Doors</b>. Carved wood, Trần dynasty, 13th-14th century. Phổ Minh pagoda, Nam Định province, northern Vietnam. Architectural element. National Museum of Vietnamese History, Hanoi.","<a href=""//commons.wikimedia.org/wiki/User:Gryffindor"" title=""User:Gryffindor"">Gryffindor</a>",Taken with Canon Digital IXUS 870 IS|Art of the Trần dynasty|Self-published work|Reliefs of dragons in Vietnam|Wooden reliefs in the National Museum of Vietnamese History
National_Museum_Vietnamese_History_35.jpg,Ly-Tran,,,,2112,2816,CC BY-SA 3.0,https://commons.wikimedia.org/wiki/File%3ANational_Museum_Vietnamese_History_35.jpg,https://upload.wikimedia.org/wikipedia/commons/5/5d/National_Museum_Vietnamese_History_35.jpg,"<b>The boy Buddha rising up from lotus</b>. Crimson and gilded wood, Trần-Hồ dynasty, 14th-15th century. Statue for worship. National Museum of Vietnamese History, Hanoi.","<a href=""//commons.wikimedia.org/wiki/User:Gryffindor"" title=""User:Gryffindor"">Gryffindor</a>",Taken with Canon Digital IXUS 870 IS|Art of the Trần dynasty|Self-published work|Files with derivative versions|Buddhist statues in Vietnam|Art of the Hồ dynasty|Wooden statues in the National Museum 
National_Museum_Vietnamese_History_35_cropped.jpg,Ly-Tran,,,,2091,2788,CC BY-SA 3.0,https://commons.wikimedia.org/wiki/File%3ANational_Museum_Vietnamese_History_35_%28cropped%29.jpg,https://upload.wikimedia.org/wikipedia/commons/a/a5/National_Museum_Vietnamese_History_35_%28cropped%29.jpg,"<b>The boy Buddha rising up from lotus</b>. Crimson and gilded wood, Trần-Hồ dynasty, 14th-15th century. Statue for worship. National Museum of Vietnamese History, Hanoi.","<ul><li><a href=""//commons.wikimedia.org/wiki/File:National_Museum_Vietnamese_History_35.jpg"" title=",Padma (attribute)|Retouched pictures|Art of the Trần dynasty|Self-published work|Buddhist statues in Vietnam|Uploaded with derivativeFX|Art of the Hồ dynasty|Wooden statues in the National Museum of V
Nguyen_Dynasty_19th-20th_Century_Ceramic_Statue_9738765266.jpg,Nguyen,,,,3456,5184,CC0,https://commons.wikimedia.org/wiki/File%3ANguyen_Dynasty%2C_19th-20th_Century_Ceramic_Statue_%289738765266%29.jpg,https://upload.wikimedia.org/wikipedia/commons/1/1e/Nguyen_Dynasty%2C_19th-20th_Century_Ceramic_Statue_%289738765266%29.jpg,"Post Tran Dynasty Gallery, National Museum of Vietnamese History, Hanoi. Complete indexed photo collection at WorldHistoryPics.com.","<a rel=""nofollow"" class=""external text"" href=""https://www.flickr.com/people/101561334@N08"">Gary Todd",CC-Zero|Flickr images reviewed by FlickreviewR 2|Nguyễn dynasty ceramics in the National Museum of Vietnamese History
Nguyen_Dynasty_19th-20th_Century_Ceramics_9735524909.jpg,Nguyen,,,,5184,3456,CC0,https://commons.wikimedia.org/wiki/File%3ANguyen_Dynasty%2C_19th-20th_Century_Ceramics_%289735524909%29.jpg,https://upload.wikimedia.org/wikipedia/commons/a/a6/Nguyen_Dynasty%2C_19th-20th_Century_Ceramics_%289735524909%29.jpg,"Post Tran Dynasty Gallery, National Museum of Vietnamese History, Hanoi. Complete indexed photo collection at WorldHistoryPics.com.","<a rel=""nofollow"" class=""external text"" href=""https://www.flickr.com/people/101561334@N08"">Gary Todd",CC-Zero|Flickr images reviewed by FlickreviewR 2|Nguyễn dynasty ceramics in the National Museum of Vietnamese History
Nguyen_Dynasty_19th-20th_Century_Ceramics_9735525935.jpg,Nguyen,,,,5184,3456,CC0,https://commons.wikimedia.org/wiki/File%3ANguyen_Dynasty%2C_19th-20th_Century_Ceramics_%289735525935%29.jpg,https://upload.wikimedia.org/wikipedia/commons/d/d8/Nguyen_Dynasty%2C_19th-20th_Century_Ceramics_%289735525935%29.jpg,"Post Tran Dynasty Gallery, National Museum of Vietnamese History, Hanoi. Complete indexed photo collection at WorldHistoryPics.com.","<a rel=""nofollow"" class=""external text"" href=""https://www.flickr.com/people/101561334@N08"">Gary Todd",CC-Zero|Flickr images reviewed by FlickreviewR 2|Nguyễn dynasty ceramics in the National Museum of Vietnamese History
Nguyen_Dynasty_19th-20th_Century_Ceramics_9735528569.jpg,Nguyen,,,,5184,3456,CC0,https://commons.wikimedia.org/wiki/File%3ANguyen_Dynasty%2C_19th-20th_Century_Ceramics_%289735528569%29.jpg,https://upload.wikimedia.org/wikipedia/commons/0/0c/Nguyen_Dynasty%2C_19th-20th_Century_Ceramics_%289735528569%29.jpg,"Post Tran Dynasty Gallery, National Museum of Vietnamese History, Hanoi. Complete indexed photo collection at WorldHistoryPics.com.","<a rel=""nofollow"" class=""external text"" href=""https://www.flickr.com/people/101561334@N08"">Gary Todd",CC-Zero|Flickr images reviewed by FlickreviewR 2|Nguyễn dynasty ceramics in the National Museum of Vietnamese History
Nguyen_Dynasty_19th_Century_Ceramic_Wine_Bottles_9738767712.jpg,Nguyen,,,,5184,3456,CC0,https://commons.wikimedia.org/wiki/File%3ANguyen_Dynasty%2C_19th_Century_Ceramic_Wine_Bottles_%289738767712%29.jpg,https://upload.wikimedia.org/wikipedia/commons/c/c7/Nguyen_Dynasty%2C_19th_Century_Ceramic_Wine_Bottles_%289738767712%29.jpg,"Post Tran Dynasty Gallery, National Museum of Vietnamese History, Hanoi. Complete indexed photo collection at WorldHistoryPics.com.","<a rel=""nofollow"" class=""external text"" href=""https://www.flickr.com/people/101561334@N08"">Gary Todd",CC-Zero|Flickr images reviewed by FlickreviewR 2|Nguyễn dynasty ceramics in the National Museum of Vietnamese History
Nguyen_Dynasty_19th_Century_Ceramics_9738783674.jpg,Nguyen,,,,5184,3456,CC0,https://commons.wikimedia.org/wiki/File%3ANguyen_Dynasty%2C_19th_Century_Ceramics_%289738783674%29.jpg,https://upload.wikimedia.org/wikipedia/commons/8/88/Nguyen_Dynasty%2C_19th_Century_Ceramics_%289738783674%29.jpg,"Post Tran Dynasty Gallery, National Museum of Vietnamese History, Hanoi. Complete indexed photo collection at WorldHistoryPics.com.","<a rel=""nofollow"" class=""external text"" href=""https://www.flickr.com/people/101561334@N08"">Gary Todd",CC-Zero|Flickr images reviewed by FlickreviewR 2|Nguyễn dynasty ceramics in the National Museum of Vietnamese History
Nguyen_Dynasty_19th_Century_Ceramics_9738784332.jpg,Nguyen,,,,5184,3456,CC0,https://commons.wikimedia.org/wiki/File%3ANguyen_Dynasty%2C_19th_Century_Ceramics_%289738784332%29.jpg,https://upload.wikimedia.org/wikipedia/commons/2/25/Nguyen_Dynasty%2C_19th_Century_Ceramics_%289738784332%29.jpg,"Post Tran Dynasty Gallery, National Museum of Vietnamese History, Hanoi. Complete indexed photo collection at WorldHistoryPics.com.","<a rel=""nofollow"" class=""external text"" href=""https://www.flickr.com/people/101561334@N08"">Gary Todd",CC-Zero|Flickr images reviewed by FlickreviewR 2|Nguyễn dynasty ceramics in the National Museum of Vietnamese History
Ornamental_jar_crackled_glaze_ceramic_-_Nguyen_dynasty_19th_century_AD_-_Vietnam_National_Museum_of_Fine_Arts_-_Hanoi_Vietnam_-_DSC05320.JPG,Nguyen,,,,3466,5171,CC0,https://commons.wikimedia.org/wiki/File%3AOrnamental_jar%2C_crackled_glaze_ceramic_-_Nguyen_dynasty%2C_19th_century_AD_-_Vietnam_National_Museum_of_Fine_Arts_-_Hanoi%2C_Vietnam_-_DSC05320.JPG,https://upload.wikimedia.org/wikipedia/commons/1/19/Ornamental_jar%2C_crackled_glaze_ceramic_-_Nguyen_dynasty%2C_19th_century_AD_-_Vietnam_National_Museum_of_Fine_Arts_-_Hanoi%2C_Vietnam_-_DSC05320.JPG,"Exhibit in the Vietnam National Museum of Fine Arts - Hanoi, Vietnam. This artwork is old enough so that it is in the public domain.","<a href=""//commons.wikimedia.org/wiki/User:Daderot"" title=""User:Daderot"">Daderot</a>",CC-Zero|Self-published work|Files uploaded by Daderot|Crackle glaze|Nguyễn dynasty ceramics in the Vietnam National Museum of Fine Arts
Pho_Minh_Pagoda_during_festival_-_Tháp_Phổ_Minh_mùa_lễ_hội.jpg,Ly-Tran,,,,3456,4608,CC BY-SA 4.0,https://commons.wikimedia.org/wiki/File%3APho_Minh_Pagoda_during_festival_-_Th%C3%A1p_Ph%E1%BB%95_Minh_m%C3%B9a_l%E1%BB%85_h%E1%BB%99i.jpg,https://upload.wikimedia.org/wikipedia/commons/a/a0/Pho_Minh_Pagoda_during_festival_-_Th%C3%A1p_Ph%E1%BB%95_Minh_m%C3%B9a_l%E1%BB%85_h%E1%BB%99i.jpg,Tháp chùa Phổ Minh - Thành phố Nam Định.<br>Mùa Xuân năm Tân Sửu 2021.,"<a href=""//commons.wikimedia.org/w/index.php?title=User:I_Love_Tri%E1%BB%87u_%C4%90%C3%A0&amp;action",Towers in Vietnam|Art of the Trần dynasty|Self-published work|Pho Minh Temple|Architecture of the Trần dynasty
Pho_Minh_Pagoda_during_festival_-_Tháp_Phổ_Minh_mùa_lễ_hội_001.jpg,Ly-Tran,,,,3456,4608,CC BY-SA 4.0,https://commons.wikimedia.org/wiki/File%3APho_Minh_Pagoda_during_festival_-_Th%C3%A1p_Ph%E1%BB%95_Minh_m%C3%B9a_l%E1%BB%85_h%E1%BB%99i_001.jpg,https://upload.wikimedia.org/wikipedia/commons/0/08/Pho_Minh_Pagoda_during_festival_-_Th%C3%A1p_Ph%E1%BB%95_Minh_m%C3%B9a_l%E1%BB%85_h%E1%BB%99i_001.jpg,Tháp chùa Phổ Minh - Thành phố Nam Định.<br>Mùa Xuân năm Tân Sửu 2021.,"<a href=""//commons.wikimedia.org/w/index.php?title=User:I_Love_Tri%E1%BB%87u_%C4%90%C3%A0&amp;action",Towers in Vietnam|Art of the Trần dynasty|Self-published work|Pho Minh Temple|Architecture of the Trần dynasty
Pho_Minh_Pagoda_during_festival_-_Tháp_Phổ_Minh_mùa_lễ_hội_002.jpg,Ly-Tran,,,,3456,4608,CC BY-SA 4.0,https://commons.wikimedia.org/wiki/File%3APho_Minh_Pagoda_during_festival_-_Th%C3%A1p_Ph%E1%BB%95_Minh_m%C3%B9a_l%E1%BB%85_h%E1%BB%99i_002.jpg,https://upload.wikimedia.org/wikipedia/commons/5/51/Pho_Minh_Pagoda_during_festival_-_Th%C3%A1p_Ph%E1%BB%95_Minh_m%C3%B9a_l%E1%BB%85_h%E1%BB%99i_002.jpg,Tháp chùa Phổ Minh - Thành phố Nam Định.<br>Mùa Xuân năm Tân Sửu 2021.,"<a href=""//commons.wikimedia.org/w/index.php?title=User:I_Love_Tri%E1%BB%87u_%C4%90%C3%A0&amp;action",Towers in Vietnam|Art of the Trần dynasty|Self-published work|Pho Minh Temple|Architecture of the Trần dynasty
Pho_Minh_tower.jpg,Ly-Tran,,,,375,500,CC BY-SA 3.0,https://commons.wikimedia.org/wiki/File%3APho_Minh_tower.jpg,https://upload.wikimedia.org/wikipedia/commons/7/71/Pho_Minh_tower.jpg,"Pho Minh tower, 13th century, Tran dynasty tower in Nam Dinh, Vietnam","<a href=""//commons.wikimedia.org/w/index.php?title=User:Chitto&amp;action=edit&amp;redlink=1"" class=",GFDL|Towers in Vietnam|License migration completed|Art of the Trần dynasty|Pho Minh Temple|Architecture of the Trần dynasty
Pot_Bien_Hoa_ceramic_brown_glaze_-_Nguyen_dynasty_19th_century_AD_-_Vietnam_National_Museum_of_Fine_Arts_-_Hanoi_Vietnam_-_DSC05299.JPG,Nguyen,,,,3572,5257,CC0,https://commons.wikimedia.org/wiki/File%3APot%2C_Bien_Hoa_ceramic%2C_brown_glaze_-_Nguyen_dynasty%2C_19th_century_AD_-_Vietnam_National_Museum_of_Fine_Arts_-_Hanoi%2C_Vietnam_-_DSC05299.JPG,https://upload.wikimedia.org/wikipedia/commons/b/bf/Pot%2C_Bien_Hoa_ceramic%2C_brown_glaze_-_Nguyen_dynasty%2C_19th_century_AD_-_Vietnam_National_Museum_of_Fine_Arts_-_Hanoi%2C_Vietnam_-_DSC05299.JPG,"Exhibit in the Vietnam National Museum of Fine Arts - Hanoi, Vietnam. This artwork is old enough so that it is in the public domain.","<a href=""//commons.wikimedia.org/wiki/User:Daderot"" title=""User:Daderot"">Daderot</a>",CC-Zero|Self-published work|Files uploaded by Daderot|Nguyễn dynasty ceramics in the Vietnam National Museum of Fine Arts
Pot_Bien_Hoa_ceramic_brown_glaze_-_Nguyen_dynasty_19th_century_AD_-_Vietnam_National_Museum_of_Fine_Arts_-_Hanoi_Vietnam_-_DSC05300.JPG,Nguyen,,,,3616,4441,CC0,https://commons.wikimedia.org/wiki/File%3APot%2C_Bien_Hoa_ceramic%2C_brown_glaze_-_Nguyen_dynasty%2C_19th_century_AD_-_Vietnam_National_Museum_of_Fine_Arts_-_Hanoi%2C_Vietnam_-_DSC05300.JPG,https://upload.wikimedia.org/wikipedia/commons/c/cd/Pot%2C_Bien_Hoa_ceramic%2C_brown_glaze_-_Nguyen_dynasty%2C_19th_century_AD_-_Vietnam_National_Museum_of_Fine_Arts_-_Hanoi%2C_Vietnam_-_DSC05300.JPG,"Exhibit in the Vietnam National Museum of Fine Arts - Hanoi, Vietnam. This artwork is old enough so that it is in the public domain.","<a href=""//commons.wikimedia.org/wiki/User:Daderot"" title=""User:Daderot"">Daderot</a>",CC-Zero|Self-published work|Files uploaded by Daderot|Nguyễn dynasty ceramics in the Vietnam National Museum of Fine Arts
Pot_Bien_Hoa_ceramic_green_glaze_-_Nguyen_dynasty_19th_century_AD_-_Vietnam_National_Museum_of_Fine_Arts_-_Hanoi_Vietnam_-_DSC05305.JPG,Nguyen,,,,3380,4077,CC0,https://commons.wikimedia.org/wiki/File%3APot%2C_Bien_Hoa_ceramic%2C_green_glaze_-_Nguyen_dynasty%2C_19th_century_AD_-_Vietnam_National_Museum_of_Fine_Arts_-_Hanoi%2C_Vietnam_-_DSC05305.JPG,https://upload.wikimedia.org/wikipedia/commons/7/7e/Pot%2C_Bien_Hoa_ceramic%2C_green_glaze_-_Nguyen_dynasty%2C_19th_century_AD_-_Vietnam_National_Museum_of_Fine_Arts_-_Hanoi%2C_Vietnam_-_DSC05305.JPG,"Exhibit in the Vietnam National Museum of Fine Arts - Hanoi, Vietnam. This artwork is old enough so that it is in the public domain.","<a href=""//commons.wikimedia.org/wiki/User:Daderot"" title=""User:Daderot"">Daderot</a>",CC-Zero|Self-published work|Files uploaded by Daderot|Nguyễn dynasty ceramics in the Vietnam National Museum of Fine Arts
Pot_Bien_Hoa_ceramic_white_glaze_-_Nguyen_dynasty_19th_century_AD_-_Vietnam_National_Museum_of_Fine_Arts_-_Hanoi_Vietnam_-_DSC05306.JPG,Nguyen,,,,3648,5472,CC0,https://commons.wikimedia.org/wiki/File%3APot%2C_Bien_Hoa_ceramic%2C_white_glaze_-_Nguyen_dynasty%2C_19th_century_AD_-_Vietnam_National_Museum_of_Fine_Arts_-_Hanoi%2C_Vietnam_-_DSC05306.JPG,https://upload.wikimedia.org/wikipedia/commons/7/74/Pot%2C_Bien_Hoa_ceramic%2C_white_glaze_-_Nguyen_dynasty%2C_19th_century_AD_-_Vietnam_National_Museum_of_Fine_Arts_-_Hanoi%2C_Vietnam_-_DSC05306.JPG,"Exhibit in the Vietnam National Museum of Fine Arts - Hanoi, Vietnam. This artwork is old enough so that it is in the public domain.","<a href=""//commons.wikimedia.org/wiki/User:Daderot"" title=""User:Daderot"">Daderot</a>",CC-Zero|Self-published work|Files uploaded by Daderot|Nguyễn dynasty ceramics in the Vietnam National Museum of Fine Arts
Pot_cracked_glaze_ceramic_with_blue_motifs_-_Nguyen_dynasty_19th_century_AD_-_Vietnam_National_Museum_of_Fine_Arts_-_Hanoi_Vietnam_-_DSC05302.JPG,Nguyen,,,,3648,5472,CC0,https://commons.wikimedia.org/wiki/File%3APot%2C_cracked_glaze_ceramic_with_blue_motifs_-_Nguyen_dynasty%2C_19th_century_AD_-_Vietnam_National_Museum_of_Fine_Arts_-_Hanoi%2C_Vietnam_-_DSC05302.JPG,https://upload.wikimedia.org/wikipedia/commons/8/8a/Pot%2C_cracked_glaze_ceramic_with_blue_motifs_-_Nguyen_dynasty%2C_19th_century_AD_-_Vietnam_National_Museum_of_Fine_Arts_-_Hanoi%2C_Vietnam_-_DSC05302.JPG,"Exhibit in the Vietnam National Museum of Fine Arts - Hanoi, Vietnam. This artwork is old enough so that it is in the public domain.","<a href=""//commons.wikimedia.org/wiki/User:Daderot"" title=""User:Daderot"">Daderot</a>",CC-Zero|Self-published work|Files uploaded by Daderot|Nguyễn dynasty ceramics in the Vietnam National Museum of Fine Arts
Pot_crackled_polychrome_glaze_ceramic_-_Nguyen_dynasty_19th_century_AD_-_Vietnam_National_Museum_of_Fine_Arts_-_Hanoi_Vietnam_-_DSC05322.JPG,Nguyen,,,,3444,4860,CC0,https://commons.wikimedia.org/wiki/File%3APot%2C_crackled_polychrome_glaze_ceramic_-_Nguyen_dynasty%2C_19th_century_AD_-_Vietnam_National_Museum_of_Fine_Arts_-_Hanoi%2C_Vietnam_-_DSC05322.JPG,https://upload.wikimedia.org/wikipedia/commons/5/5a/Pot%2C_crackled_polychrome_glaze_ceramic_-_Nguyen_dynasty%2C_19th_century_AD_-_Vietnam_National_Museum_of_Fine_Arts_-_Hanoi%2C_Vietnam_-_DSC05322.JPG,"Exhibit in the Vietnam National Museum of Fine Arts - Hanoi, Vietnam. This artwork is old enough so that it is in the public domain.","<a href=""//commons.wikimedia.org/wiki/User:Daderot"" title=""User:Daderot"">Daderot</a>",CC-Zero|Self-published work|Files uploaded by Daderot|Crackle glaze|Nguyễn dynasty ceramics in the Vietnam National Museum of Fine Arts
Qilin_statues_Bat_Trang_kiln_Hanoi_Nguyen_dynasty_crackle_glaze_ceramics_-_National_Museum_of_Vietnamese_History_-_Hanoi_Vietnam_-_DSC05411.JPG,Nguyen,,,,5451,3319,CC0,https://commons.wikimedia.org/wiki/File%3AQilin_statues%2C_Bat_Trang_kiln%2C_Hanoi%2C_Nguyen_dynasty%2C_crackle_glaze_ceramics_-_National_Museum_of_Vietnamese_History_-_Hanoi%2C_Vietnam_-_DSC05411.JPG,https://upload.wikimedia.org/wikipedia/commons/0/00/Qilin_statues%2C_Bat_Trang_kiln%2C_Hanoi%2C_Nguyen_dynasty%2C_crackle_glaze_ceramics_-_National_Museum_of_Vietnamese_History_-_Hanoi%2C_Vietnam_-_DSC05411.JPG,"Exhibit in the National Museum of Vietnamese History, Hanoi, Vietnam. Photography was permitted in the museum without restriction. This artwork is old enough so that it is in the public domain.","<a href=""//commons.wikimedia.org/wiki/User:Daderot"" title=""User:Daderot"">Daderot</a>",CC-Zero|Self-published work|Files uploaded by Daderot|Crackle glaze|Sculptures of Qilin|Nguyễn dynasty ceramics in the National Museum of Vietnamese History
Relief_Thai_Lac_Pagoda_Lac_Hong_Com_My_Van_Dis_Hung_Yen_province_Tran_dynasty_13th-14th_century_AD_carved_wood_-_National_Museum_of_Vietnamese_History_-_Hanoi_Vietnam_-_DSC05499.JPG,Ly-Tran,,,,3522,3426,CC0,https://commons.wikimedia.org/wiki/File%3ARelief%2C_Thai_Lac_Pagoda%2C_Lac_Hong_Com%2C_My_Van_Dis%2C_Hung_Yen_province%2C_Tran_dynasty%2C_13th-14th_century_AD%2C_carved_wood_-_National_Museum_of_Vietnamese_History_-_Hanoi%2C_Vietnam_-_DSC05499.JPG,https://upload.wikimedia.org/wikipedia/commons/c/ce/Relief%2C_Thai_Lac_Pagoda%2C_Lac_Hong_Com%2C_My_Van_Dis%2C_Hung_Yen_province%2C_Tran_dynasty%2C_13th-14th_century_AD%2C_carved_wood_-_National_Museum_of_Vietnamese_History_-_Hanoi%2C_Vietnam_-_DSC05499.JPG,"Exhibit in the National Museum of Vietnamese History, Hanoi, Vietnam. Photography was permitted in the museum without restriction. This artwork is old enough so that it is in the public domain.","<a href=""//commons.wikimedia.org/wiki/User:Daderot"" title=""User:Daderot"">Daderot</a>",CC-Zero|Art of the Trần dynasty|Self-published work|Reliefs of dragons in Vietnam|Files uploaded by Daderot|Wooden reliefs in the National Museum of Vietnamese History
Replica_of_The_Door_of_Chùa_Phổ_Minh_寺普明_of_the_Museum_of_Vietnamese_History.jpg,Ly-Tran,,,,1924,3799,CC BY-SA 4.0,https://commons.wikimedia.org/wiki/File%3AReplica_of_The_Door_of_Ch%C3%B9a_Ph%E1%BB%95_Minh_%28%E5%AF%BA%E6%99%AE%E6%98%8E%29_of_the_Museum_of_Vietnamese_History.jpg,https://upload.wikimedia.org/wikipedia/commons/a/ad/Replica_of_The_Door_of_Ch%C3%B9a_Ph%E1%BB%95_Minh_%28%E5%AF%BA%E6%99%AE%E6%98%8E%29_of_the_Museum_of_Vietnamese_History.jpg,호찌민시에 있는 베트남 역사 박물관에 전시된 쭤포미인의 문(복제품),"<a href=""//commons.wikimedia.org/wiki/User:HappyMidnight"" title=""User:HappyMidnight"">HappyMidnight</",Art of the Trần dynasty|Self-published work|Collections of the Ho Chi Minh City Museum of History
Restored_Le-Nguyen_Dynasty_17th-19th_Century_9735558859.jpg,Nguyen,,,,5184,3456,CC0,https://commons.wikimedia.org/wiki/File%3ARestored_Le-Nguyen_Dynasty%2C_17th-19th_Century_%289735558859%29.jpg,https://upload.wikimedia.org/wikipedia/commons/a/a1/Restored_Le-Nguyen_Dynasty%2C_17th-19th_Century_%289735558859%29.jpg,"Post Tran Dynasty Gallery, National Museum of Vietnamese History, Hanoi. Complete indexed photo collection at WorldHistoryPics.com.","<a rel=""nofollow"" class=""external text"" href=""https://www.flickr.com/people/101561334@N08"">Gary Todd",CC-Zero|Flickr images reviewed by FlickreviewR 2|Sculptures of Qilin|Animal statues of the Later Lê Dynasty|Nguyễn dynasty ceramics in the National Museum of Vietnamese History
Snake_figurine_with_human_head_Bat_Trang_kiln_Hanoi_Nguyen_dynasty_white_glazed_ceramic_-_National_Museum_of_Vietnamese_History_-_Hanoi_Vietnam_-_DSC05450.JPG,Nguyen,,,,3648,5472,CC0,https://commons.wikimedia.org/wiki/File%3ASnake_figurine_with_human_head%2C_Bat_Trang_kiln%2C_Hanoi%2C_Nguyen_dynasty%2C_white_glazed_ceramic_-_National_Museum_of_Vietnamese_History_-_Hanoi%2C_Vietnam_-_DSC05450.JPG,https://upload.wikimedia.org/wikipedia/commons/e/ee/Snake_figurine_with_human_head%2C_Bat_Trang_kiln%2C_Hanoi%2C_Nguyen_dynasty%2C_white_glazed_ceramic_-_National_Museum_of_Vietnamese_History_-_Hanoi%2C_Vietnam_-_DSC05450.JPG,"Exhibit in the National Museum of Vietnamese History, Hanoi, Vietnam. Photography was permitted in the museum without restriction. This artwork is old enough so that it is in the public domain.","<a href=""//commons.wikimedia.org/wiki/User:Daderot"" title=""User:Daderot"">Daderot</a>",CC-Zero|Self-published work|People as animals|Sculptures of reptile heads in Vietnam|Files uploaded by Daderot|Nguyễn dynasty ceramics in the National Museum of Vietnamese History
Statue_of_Dvarapala_with_three_heads_Bat_Trang_kiln_Hanoi_Nguyen_dynasty_19th_to_20th_century_white_glazed_ceramic_-_National_Museum_of_Vietnamese_History_-_Hanoi_Vietnam_-_DSC05458.JPG,Nguyen,,,,3541,5043,CC0,https://commons.wikimedia.org/wiki/File%3AStatue_of_Dvarapala_with_three_heads%2C_Bat_Trang_kiln%2C_Hanoi%2C_Nguyen_dynasty%2C_19th_to_20th_century%2C_white_glazed_ceramic_-_National_Museum_of_Vietnamese_History_-_Hanoi%2C_Vietnam_-_DSC05458.JPG,https://upload.wikimedia.org/wikipedia/commons/d/d7/Statue_of_Dvarapala_with_three_heads%2C_Bat_Trang_kiln%2C_Hanoi%2C_Nguyen_dynasty%2C_19th_to_20th_century%2C_white_glazed_ceramic_-_National_Museum_of_Vietnamese_History_-_Hanoi%2C_Vietnam_-_DSC05458.JPG,"Exhibit in the National Museum of Vietnamese History, Hanoi, Vietnam. Photography was permitted in the museum without restriction. This artwork is old enough so that it is in the public domain.","<a href=""//commons.wikimedia.org/wiki/User:Daderot"" title=""User:Daderot"">Daderot</a>",CC-Zero|Self-published work|Files uploaded by Daderot|Nguyễn dynasty ceramics in the National Museum of Vietnamese History
Statue_of_Three_Stars_Fu-Lu-Shou_Bat_Trang_kiln_Hanoi_Nguyen_dynasty_late_19th_to_early_20th_century_polychrome_ceramic_-_National_Museum_of_Vietnamese_History_-_Hanoi_Vietnam_-_DSC05452.JPG,Nguyen,,,,3466,5290,CC0,https://commons.wikimedia.org/wiki/File%3AStatue_of_Three_Stars_%28Fu-Lu-Shou%29%2C_Bat_Trang_kiln%2C_Hanoi%2C_Nguyen_dynasty%2C_late_19th_to_early_20th_century%2C_polychrome_ceramic_-_National_Museum_of_Vietnamese_History_-_Hanoi%2C_Vietnam_-_DSC05452.JPG,https://upload.wikimedia.org/wikipedia/commons/0/05/Statue_of_Three_Stars_%28Fu-Lu-Shou%29%2C_Bat_Trang_kiln%2C_Hanoi%2C_Nguyen_dynasty%2C_late_19th_to_early_20th_century%2C_polychrome_ceramic_-_National_Museum_of_Vietnamese_History_-_Hanoi%2C_Vietnam_-_DSC05452.JPG,"Exhibit in the National Museum of Vietnamese History, Hanoi, Vietnam. Photography was permitted in the museum without restriction. This artwork is old enough so that it is in the public domain.","<a href=""//commons.wikimedia.org/wiki/User:Daderot"" title=""User:Daderot"">Daderot</a>",CC-Zero|Self-published work|Files uploaded by Daderot|Nguyễn dynasty ceramics in the National Museum of Vietnamese History
Statue_of_Three_Stars_Fu-Lu-Shou_Bat_Trang_kiln_Hanoi_Nguyen_dynasty_late_19th_to_early_20th_century_polychrome_ceramic_-_National_Museum_of_Vietnamese_History_-_Hanoi_Vietnam_-_DSC05453.JPG,Nguyen,,,,3380,5375,CC0,https://commons.wikimedia.org/wiki/File%3AStatue_of_Three_Stars_%28Fu-Lu-Shou%29%2C_Bat_Trang_kiln%2C_Hanoi%2C_Nguyen_dynasty%2C_late_19th_to_early_20th_century%2C_polychrome_ceramic_-_National_Museum_of_Vietnamese_History_-_Hanoi%2C_Vietnam_-_DSC05453.JPG,https://upload.wikimedia.org/wikipedia/commons/b/be/Statue_of_Three_Stars_%28Fu-Lu-Shou%29%2C_Bat_Trang_kiln%2C_Hanoi%2C_Nguyen_dynasty%2C_late_19th_to_early_20th_century%2C_polychrome_ceramic_-_National_Museum_of_Vietnamese_History_-_Hanoi%2C_Vietnam_-_DSC05453.JPG,"Exhibit in the National Museum of Vietnamese History, Hanoi, Vietnam. Photography was permitted in the museum without restriction. This artwork is old enough so that it is in the public domain.","<a href=""//commons.wikimedia.org/wiki/User:Daderot"" title=""User:Daderot"">Daderot</a>",CC-Zero|Self-published work|Files uploaded by Daderot|Nguyễn dynasty ceramics in the National Museum of Vietnamese History
Statue_of_Three_Stars_Fu-Lu-Shou_Bat_Trang_kiln_Hanoi_Nguyen_dynasty_late_19th_to_early_20th_century_polychrome_ceramic_-_National_Museum_of_Vietnamese_History_-_Hanoi_Vietnam_-_DSC05455.JPG,Nguyen,,,,3648,5472,CC0,https://commons.wikimedia.org/wiki/File%3AStatue_of_Three_Stars_%28Fu-Lu-Shou%29%2C_Bat_Trang_kiln%2C_Hanoi%2C_Nguyen_dynasty%2C_late_19th_to_early_20th_century%2C_polychrome_ceramic_-_National_Museum_of_Vietnamese_History_-_Hanoi%2C_Vietnam_-_DSC05455.JPG,https://upload.wikimedia.org/wikipedia/commons/b/b3/Statue_of_Three_Stars_%28Fu-Lu-Shou%29%2C_Bat_Trang_kiln%2C_Hanoi%2C_Nguyen_dynasty%2C_late_19th_to_early_20th_century%2C_polychrome_ceramic_-_National_Museum_of_Vietnamese_History_-_Hanoi%2C_Vietnam_-_DSC05455.JPG,"Exhibit in the National Museum of Vietnamese History, Hanoi, Vietnam. Photography was permitted in the museum without restriction. This artwork is old enough so that it is in the public domain.","<a href=""//commons.wikimedia.org/wiki/User:Daderot"" title=""User:Daderot"">Daderot</a>",Taken with Sony DSC-RX100 III|CC-Zero|Self-published work|Files uploaded by Daderot|Nguyễn dynasty ceramics in the National Museum of Vietnamese History
Storage_jar_with_landscape_and_sacred_animals_Bat_Trang_Hanoi_Nguyen_dynasty_Gia_Long_reign_1802-1819_AD_blue_and_white_glazed_ceramic_-_National_Museum_of_Vietnamese_History_-_Hanoi_Vietnam_-_DSC05640.JPG,Nguyen,,,,3648,5472,CC0,https://commons.wikimedia.org/wiki/File%3AStorage_jar_with_landscape_and_sacred_animals%2C_Bat_Trang%2C_Hanoi%2C_Nguyen_dynasty%2C_Gia_Long_reign_%281802-1819_AD%29%2C_blue_and_white_glazed_ceramic_-_National_Museum_of_Vietnamese_History_-_Hanoi%2C_Vietnam_-_DSC05640.JPG,https://upload.wikimedia.org/wikipedia/commons/b/b6/Storage_jar_with_landscape_and_sacred_animals%2C_Bat_Trang%2C_Hanoi%2C_Nguyen_dynasty%2C_Gia_Long_reign_%281802-1819_AD%29%2C_blue_and_white_glazed_ceramic_-_National_Museum_of_Vietnamese_History_-_Hanoi%2C_Vietnam_-_DSC05640.JPG,"Exhibit in the National Museum of Vietnamese History, Hanoi, Vietnam. Photography was permitted in the museum without restriction. This artwork is old enough so that it is in the public domain.","<a href=""//commons.wikimedia.org/wiki/User:Daderot"" title=""User:Daderot"">Daderot</a>",CC-Zero|Self-published work|Files uploaded by Daderot|Nguyễn dynasty ceramics in the National Museum of Vietnamese History
ThapGom.jpg,Ly-Tran,,,,2592,3456,CC BY-SA 3.0,https://commons.wikimedia.org/wiki/File%3AThapGom.jpg,https://upload.wikimedia.org/wikipedia/commons/f/fe/ThapGom.jpg,"Terracotta miniature tower, Trần dynasty, 13th-15th century.","<a href=""//commons.wikimedia.org/w/index.php?title=User:Ptdtch&amp;action=edit&amp;redlink=1"" class=",Art of the Trần dynasty|Self-published work|Terracottas in Vietnam|Towers in art|Architecture of the Trần dynasty|Ceramics of the Trần dynasty
Tran_Dynasty_Stone_Lion_9980684273.jpg,Ly-Tran,,,,5184,3456,CC0,https://commons.wikimedia.org/wiki/File%3ATran_Dynasty_Stone_Lion_%289980684273%29.jpg,https://upload.wikimedia.org/wikipedia/commons/e/e0/Tran_Dynasty_Stone_Lion_%289980684273%29.jpg,"<p>Vietnam History Museum, Ho Chi Minh City (Saigon), 2013. Complete indexed photo collection at WorldHistoryPics.com.
</p>
A photograph taken in the Museum of Vietnamese History in Hồ Chí Minh City (","<a rel=""nofollow"" class=""external text"" href=""https://www.flickr.com/people/101561334@N08"">Gary Todd",CC-Zero|Art of the Trần dynasty|Photographs by Gary Lee Todd|Files with coordinates missing SDC location of creation|Flickr images reviewed by FlickreviewR 2|Collections of the Ho Chi Minh City Museum
Tray_with_phoenix_and_chrysanthemum_motifs_for_ritual_use_Bat_Trang_Hanoi_Nguyen_dynasty_19th_to_early_20th_century_ivory_glazed_ceramic_-_National_Museum_of_Vietnamese_History_-_Hanoi_Vietnam_-_DSC05641.JPG,Nguyen,,,,3562,4055,CC0,https://commons.wikimedia.org/wiki/File%3ATray_with_phoenix_and_chrysanthemum_motifs_for_ritual_use%2C_Bat_Trang%2C_Hanoi%2C_Nguyen_dynasty%2C_19th_to_early_20th_century%2C_ivory_glazed_ceramic_-_National_Museum_of_Vietnamese_History_-_Hanoi%2C_Vietnam_-_DSC05641.JPG,https://upload.wikimedia.org/wikipedia/commons/4/44/Tray_with_phoenix_and_chrysanthemum_motifs_for_ritual_use%2C_Bat_Trang%2C_Hanoi%2C_Nguyen_dynasty%2C_19th_to_early_20th_century%2C_ivory_glazed_ceramic_-_National_Museum_of_Vietnamese_History_-_Hanoi%2C_Vietnam_-_DSC05641.JPG,"Exhibit in the National Museum of Vietnamese History, Hanoi, Vietnam. Photography was permitted in the museum without restriction. This artwork is old enough so that it is in the public domain.","<a href=""//commons.wikimedia.org/wiki/User:Daderot"" title=""User:Daderot"">Daderot</a>",CC-Zero|Self-published work|Files uploaded by Daderot|Nguyễn dynasty ceramics in the National Museum of Vietnamese History
TuongDatNung.jpg,Ly-Tran,,,,3872,2592,CC BY-SA 3.0,https://commons.wikimedia.org/wiki/File%3ATuongDatNung.jpg,https://upload.wikimedia.org/wikipedia/commons/e/e5/TuongDatNung.jpg,Terracotta arts,"<a href=""//commons.wikimedia.org/w/index.php?title=User:Ptdtch&amp;action=edit&amp;redlink=1"" class=",Taken with Sony DSLR-A230|Art of the Trần dynasty|Self-published work
UyenUong.jpg,Ly-Tran,,,,3872,2592,CC BY-SA 3.0,https://commons.wikimedia.org/wiki/File%3AUyenUong.jpg,https://upload.wikimedia.org/wikipedia/commons/4/41/UyenUong.jpg,Terracotta Swan,"<a href=""//commons.wikimedia.org/w/index.php?title=User:Ptdtch&amp;action=edit&amp;redlink=1"" class=",Taken with Sony DSLR-A230|Art of the Trần dynasty|Self-published work
VN_lancer.jpg,Ly-Tran,,,,1600,1200,CC BY-SA 3.0,https://commons.wikimedia.org/wiki/File%3AVN_lancer.jpg,https://upload.wikimedia.org/wikipedia/commons/b/bd/VN_lancer.jpg,"Wood relief, 13th century Vietnam. HCMC Museum of National History.","<a href=""//commons.wikimedia.org/w/index.php?title=User:Ptdtch&amp;action=edit&amp;redlink=1"" class=",Art of the Trần dynasty|Military of the Trần dynasty|Self-published work|Armour in 13th-century art of Vietnam
Worshipped_picture_with_dragon_shaped_base_Bat_Trang_kiln_Hanoi_Nguyen_dynasty_19th-20th_century_white_glazed_ceramic_-_National_Museum_of_Vietnamese_History_-_Hanoi_Vietnam_-_DSC05430.JPG,Nguyen,,,,3648,5472,CC0,https://commons.wikimedia.org/wiki/File%3AWorshipped_picture_with_dragon_shaped_base%2C_Bat_Trang_kiln%2C_Hanoi%2C_Nguyen_dynasty%2C_19th-20th_century%2C_white_glazed_ceramic_-_National_Museum_of_Vietnamese_History_-_Hanoi%2C_Vietnam_-_DSC05430.JPG,https://upload.wikimedia.org/wikipedia/commons/7/7d/Worshipped_picture_with_dragon_shaped_base%2C_Bat_Trang_kiln%2C_Hanoi%2C_Nguyen_dynasty%2C_19th-20th_century%2C_white_glazed_ceramic_-_National_Museum_of_Vietnamese_History_-_Hanoi%2C_Vietnam_-_DSC05430.JPG,"Exhibit in the National Museum of Vietnamese History, Hanoi, Vietnam. Photography was permitted in the museum without restriction. This artwork is old enough so that it is in the public domain.","<a href=""//commons.wikimedia.org/wiki/User:Daderot"" title=""User:Daderot"">Daderot</a>",CC-Zero|Self-published work|Files uploaded by Daderot|Nguyễn dynasty ceramics in the National Museum of Vietnamese History
ĐôngTriềud.jpg,Ly-Tran,,,,960,600,CC BY-SA 4.0,https://commons.wikimedia.org/wiki/File%3A%C4%90%C3%B4ngTri%E1%BB%81ud.jpg,https://upload.wikimedia.org/wikipedia/commons/f/f6/%C4%90%C3%B4ngTri%E1%BB%81ud.jpg,ĐôngTriều,"<a href=""//commons.wikimedia.org/w/index.php?title=User:Yeudongtrieu&amp;action=edit&amp;redlink=1"" ",Art of the Trần dynasty|Đông Triều|Self-published work|Truc Lam Monastery of Yen Tu
Betel_service_Nguyen_period_NMVH_EDAV.jpg,Nguyen,,,,5000,3337,Public domain,https://commons.wikimedia.org/wiki/File%3ABetel_service_Nguyen_period_NMVH_EDAV.jpg,https://upload.wikimedia.org/wikipedia/commons/2/28/Betel_service_Nguyen_period_NMVH_EDAV.jpg,,"<p><a href=""//commons.wikimedia.org/wiki/User:Jastrow"" title=""User:Jastrow"">Marie-Lan Nguyen</a>
</p",Taken with Nikon D800E|L'Envol du dragon – Art royal du Vietnam|Author died more than 100 years ago public domain images|Taken with AF-S Zoom-Nikkor 24-70mm f/2.8G ED|Artworks without Wikidata item|Se
Binh_phong_gỗ.jpg,Nguyen,,,,3078,2603,CC BY-SA 3.0,https://commons.wikimedia.org/wiki/File%3ABinh_phong_g%E1%BB%97.jpg,https://upload.wikimedia.org/wikipedia/commons/3/3a/Binh_phong_g%E1%BB%97.jpg,"Bình phong bằng gỗ ở thế kỷ 19 (Huế), hiện đang trưng bày trong Bảo tàng lịch sử Việt Nam tại Sài Gòn.","<a href=""//commons.wikimedia.org/wiki/User:Thuydaonguyen"" title=""User:Thuydaonguyen"">Bùi Thụy Đào Ng",Taken with Canon PowerShot A490|Sculptures|Wooden objects|Self-published work|Art of the Nguyễn dynasty|Incorrect date
Brush_holder_Imperial_court_NMVH_EDAV.jpg,Nguyen,,,,5000,3750,Public domain,https://commons.wikimedia.org/wiki/File%3ABrush_holder_Imperial_court_NMVH_EDAV.jpg,https://upload.wikimedia.org/wikipedia/commons/0/0f/Brush_holder_Imperial_court_NMVH_EDAV.jpg,,"<p><a href=""//commons.wikimedia.org/wiki/User:Jastrow"" title=""User:Jastrow"">Marie-Lan Nguyen</a>
</p",Taken with Nikon D800E|L'Envol du dragon – Art royal du Vietnam|Author died more than 100 years ago public domain images|Taken with AF-S Zoom-Nikkor 24-70mm f/2.8G ED|Artworks without Wikidata item|Se
Ceremonial_dress_of_Marshall_Nguyen_Tri_Phuong_taken_as_a_trophy_by_Garnier_in_the_capture_of_Hanoi_in_1873.jpg,Nguyen,,,,1312,2630,CC BY-SA 3.0,https://commons.wikimedia.org/wiki/File%3ACeremonial_dress_of_Marshall_Nguyen_Tri_Phuong_taken_as_a_trophy_by_Garnier_in_the_capture_of_Hanoi_in_1873.jpg,https://upload.wikimedia.org/wikipedia/commons/0/0d/Ceremonial_dress_of_Marshall_Nguyen_Tri_Phuong_taken_as_a_trophy_by_Garnier_in_the_capture_of_Hanoi_in_1873.jpg,Ceremonial dress of Marshal Nguyen Tri Phuong taken as a trophy by Garnier in the capture of Hanoi in 1873.,"<a href=""//commons.wikimedia.org/wiki/User:PHGCOM"" class=""mw-redirect"" title=""User:PHGCOM"">PHGCOM</a",GFDL|License migration redundant|Nguyễn Tri Phương|Self-published work|Art of the Nguyễn dynasty|Monarchical costumes of Vietnam
Chaise_mandarinale_Vietnam.JPG,Nguyen,,,,2736,3648,CC0,https://commons.wikimedia.org/wiki/File%3AChaise_mandarinale_Vietnam.JPG,https://upload.wikimedia.org/wikipedia/commons/5/56/Chaise_mandarinale_Vietnam.JPG,,"<a href=""//commons.wikimedia.org/wiki/User:Milky"" title=""User:Milky"">Milky</a> <span class=""mw-valig",Taken with Panasonic Lumix DMC-FX35|CC-Zero|Self-published work|Artworks with Wikidata item|Artworks with known accession number|Art of the Nguyễn dynasty|Pages with complex technique templates|Templa
Chóe_pháp_lam.jpg,Nguyen,,,,2472,3296,Public domain,https://commons.wikimedia.org/wiki/File%3ACh%C3%B3e_ph%C3%A1p_lam.jpg,https://upload.wikimedia.org/wikipedia/commons/0/07/Ch%C3%B3e_ph%C3%A1p_lam.jpg,Chóe pháp lam trong Đại Nội Huế (Việt Nam),"<a href=""//commons.wikimedia.org/wiki/User:Thuydaonguyen"" title=""User:Thuydaonguyen"">Bùi Thụy Đào Ng",Taken with Fujifilm FinePix A800|PD-user|Self-published work|Art of the Nguyễn dynasty
Commissioned_embroidery_by_Vũ_Ngọc_Hoánh_Chief_of_Lạng_Sơn_Province_01.jpg,Nguyen,,,,631,1080,Public domain,https://commons.wikimedia.org/wiki/File%3ACommissioned_embroidery_by_V%C5%A9_Ng%E1%BB%8Dc_Ho%C3%A1nh%2C_Chief_of_L%E1%BA%A1ng_S%C6%A1n_Province_01.jpg,https://upload.wikimedia.org/wikipedia/commons/8/8b/Commissioned_embroidery_by_V%C5%A9_Ng%E1%BB%8Dc_Ho%C3%A1nh%2C_Chief_of_L%E1%BA%A1ng_S%C6%A1n_Province_01.jpg,"Commissioned embroidery by Vũ Ngọc Hoánh, Chief of Lạng Sơn Province","<bdi><a href=""https://www.wikidata.org/wiki/Q131287893"" class=""extiw"" title=""d:Q131287893"">Vũ Ngọc H",Embroidery of Vietnam|PD-1996|PD-Vietnam|Art of the Nguyễn dynasty|Vũ Ngọc Hoánh
Commissioned_embroidery_by_Vũ_Ngọc_Hoánh_Chief_of_Lạng_Sơn_Province_02.jpg,Nguyen,,,,1080,1079,Public domain,https://commons.wikimedia.org/wiki/File%3ACommissioned_embroidery_by_V%C5%A9_Ng%E1%BB%8Dc_Ho%C3%A1nh%2C_Chief_of_L%E1%BA%A1ng_S%C6%A1n_Province_02.jpg,https://upload.wikimedia.org/wikipedia/commons/e/ed/Commissioned_embroidery_by_V%C5%A9_Ng%E1%BB%8Dc_Ho%C3%A1nh%2C_Chief_of_L%E1%BA%A1ng_S%C6%A1n_Province_02.jpg,"Commissioned embroidery by Vũ Ngọc Hoánh, Chief of Lạng Sơn Province","<bdi><a href=""https://www.wikidata.org/wiki/Q131287893"" class=""extiw"" title=""d:Q131287893"">Vũ Ngọc H",Embroidery of Vietnam|PD-1996|PD-Vietnam|Art of the Nguyễn dynasty|Vũ Ngọc Hoánh
Commissioned_embroidery_by_Vũ_Ngọc_Hoánh_Chief_of_Lạng_Sơn_Province_03.jpg,Nguyen,,,,1080,1080,Public domain,https://commons.wikimedia.org/wiki/File%3ACommissioned_embroidery_by_V%C5%A9_Ng%E1%BB%8Dc_Ho%C3%A1nh%2C_Chief_of_L%E1%BA%A1ng_S%C6%A1n_Province_03.jpg,https://upload.wikimedia.org/wikipedia/commons/b/b7/Commissioned_embroidery_by_V%C5%A9_Ng%E1%BB%8Dc_Ho%C3%A1nh%2C_Chief_of_L%E1%BA%A1ng_S%C6%A1n_Province_03.jpg,"Commissioned embroidery by Vũ Ngọc Hoánh, Chief of Lạng Sơn Province","<bdi><a href=""https://www.wikidata.org/wiki/Q131287893"" class=""extiw"" title=""d:Q131287893"">Vũ Ngọc H",Embroidery of Vietnam|PD-1996|PD-Vietnam|Art of the Nguyễn dynasty|Vũ Ngọc Hoánh
Commissioned_embroidery_by_Vũ_Ngọc_Hoánh_Chief_of_Lạng_Sơn_Province_04.jpg,Nguyen,,,,1080,810,Public domain,https://commons.wikimedia.org/wiki/File%3ACommissioned_embroidery_by_V%C5%A9_Ng%E1%BB%8Dc_Ho%C3%A1nh%2C_Chief_of_L%E1%BA%A1ng_S%C6%A1n_Province_04.jpg,https://upload.wikimedia.org/wikipedia/commons/3/3d/Commissioned_embroidery_by_V%C5%A9_Ng%E1%BB%8Dc_Ho%C3%A1nh%2C_Chief_of_L%E1%BA%A1ng_S%C6%A1n_Province_04.jpg,"Commissioned embroidery by Vũ Ngọc Hoánh, Chief of Lạng Sơn Province","<bdi><a href=""https://www.wikidata.org/wiki/Q131287893"" class=""extiw"" title=""d:Q131287893"">Vũ Ngọc H",Embroidery of Vietnam|PD-1996|PD-Vietnam|Art of the Nguyễn dynasty|Vũ Ngọc Hoánh
Deers_antler_handicraft_19th_to_mid_20th_century_-_Museum_of_Vietnamese_History_-_Ho_Chi_Minh_City_-_DSC05826.JPG,Nguyen,,,,3594,5064,CC0,https://commons.wikimedia.org/wiki/File%3ADeer%27s_antler_handicraft%2C_19th_to_mid_20th_century_-_Museum_of_Vietnamese_History_-_Ho_Chi_Minh_City_-_DSC05826.JPG,https://upload.wikimedia.org/wikipedia/commons/7/77/Deer%27s_antler_handicraft%2C_19th_to_mid_20th_century_-_Museum_of_Vietnamese_History_-_Ho_Chi_Minh_City_-_DSC05826.JPG,"Exhibit in the Museum of Vietnamese History, Ho Chi Minh City, Vietnam. This work is old enough so that it is in the public domain. Photography was permitted in the museum without restriction.","<a href=""//commons.wikimedia.org/wiki/User:Daderot"" title=""User:Daderot"">Daderot</a>",CC-Zero|Self-published work|Art of the Nguyễn dynasty|Files uploaded by Daderot|Crafts in the Ho Chi Minh City Museum of History
DenIA_Ngua.JPG,Nguyen,,,,2736,3648,CC BY-SA 3.0,https://commons.wikimedia.org/wiki/File%3ADenIA_Ngua.JPG,https://upload.wikimedia.org/wikipedia/commons/6/6a/DenIA_Ngua.JPG,"Ngựa làm bằng diêm thạch thờ trong đền Y Sơn, xã Hòa Sơn, huyện Hiệp Hòa, tỉnh Bắc Giang.","<a href=""//commons.wikimedia.org/w/index.php?title=User:B%C3%B9i_Th%E1%BA%BF_T%C3%A2m&amp;action=edi",GFDL|Taken with Canon PowerShot G7|License migration redundant|Statues of horses in Vietnam|Self-published work|Buildings in Bac Giang|Art of the Nguyễn dynasty
Dragon_emerging_from_the_clouds_NMVH_EDAV.jpg,Nguyen,,,,3333,5000,Public domain,https://commons.wikimedia.org/wiki/File%3ADragon_emerging_from_the_clouds_NMVH_EDAV.jpg,https://upload.wikimedia.org/wikipedia/commons/d/d3/Dragon_emerging_from_the_clouds_NMVH_EDAV.jpg,,"<p><a href=""//commons.wikimedia.org/wiki/User:Jastrow"" title=""User:Jastrow"">Marie-Lan Nguyen</a>
</p",Taken with Nikon D800E|L'Envol du dragon – Art royal du Vietnam|Author died more than 100 years ago public domain images|Taken with AF-S Zoom-Nikkor 24-70mm f/2.8G ED|Artworks without Wikidata item|Se
Folk_Culture_15425831661.jpg,Nguyen,,,,5184,3456,CC0,https://commons.wikimedia.org/wiki/File%3AFolk_Culture_%2815425831661%29.jpg,https://upload.wikimedia.org/wikipedia/commons/c/c7/Folk_Culture_%2815425831661%29.jpg,"<p>Hoi An Museum of Folk Culture, Hoi An, Central Vietnam. Complete indexed photo collection at WorldHistoryPics.com.
</p>
A photograph of the city of Hoi An taken by Professor Gary Lee Todd.","<a rel=""nofollow"" class=""external text"" href=""https://www.flickr.com/people/101561334@N08"">Gary Todd",CC-Zero|Art of the Nguyễn dynasty|Photographs by Gary Lee Todd|Files with coordinates missing SDC location of creation|Flickr images reviewed by FlickreviewR 2|2014 in Hoi An
Four_seasons_lacquer_engraving_-_Vietnam_National_Museum_of_Fine_Arts_-_Hanoi_Vietnam_-_DSC05121.JPG,Nguyen,,,,4672,3498,CC0,https://commons.wikimedia.org/wiki/File%3AFour_seasons%2C_lacquer_engraving_-_Vietnam_National_Museum_of_Fine_Arts_-_Hanoi%2C_Vietnam_-_DSC05121.JPG,https://upload.wikimedia.org/wikipedia/commons/d/d4/Four_seasons%2C_lacquer_engraving_-_Vietnam_National_Museum_of_Fine_Arts_-_Hanoi%2C_Vietnam_-_DSC05121.JPG,"Exhibit in the Vietnam National Museum of Fine Arts - Hanoi, Vietnam. This artwork is old enough so that it is in the public domain.","<a href=""//commons.wikimedia.org/wiki/User:Daderot"" title=""User:Daderot"">Daderot</a>",Art of Vietnam|CC-Zero|Self-published work|Art of the Nguyễn dynasty|Files uploaded by Daderot|Lacquerware in the Vietnam National Museum of Fine Arts
Incense_box_from_the_Imperial_court_NMVH_EDAV.jpg,Nguyen,,,,3000,3999,Public domain,https://commons.wikimedia.org/wiki/File%3AIncense_box_from_the_Imperial_court_NMVH_EDAV.jpg,https://upload.wikimedia.org/wikipedia/commons/e/e1/Incense_box_from_the_Imperial_court_NMVH_EDAV.jpg,,"<p><a href=""//commons.wikimedia.org/wiki/User:Jastrow"" title=""User:Jastrow"">Marie-Lan Nguyen</a>
</p",Taken with Nikon D800E|L'Envol du dragon – Art royal du Vietnam|Author died more than 100 years ago public domain images|Censers|Taken with AF-S Zoom-Nikkor 24-70mm f/2.8G ED|Artworks without Wikidata
Kim_cuong.jpg,Nguyen,,,,768,1024,CC BY-SA 3.0,https://commons.wikimedia.org/wiki/File%3AKim_cuong.jpg,https://upload.wikimedia.org/wikipedia/commons/b/bb/Kim_cuong.jpg,"lacquered wood statue of a Guardian King of Buddhism, 19th century, Tây Phương Temple, Hanoi.","<a href=""//commons.wikimedia.org/w/index.php?title=User:Ptdtch&amp;action=edit&amp;redlink=1"" class=",Self-published work|Art of the Nguyễn dynasty|Armour of Vietnam
Mandarin_boots_and_shoes_Nguyen_dynasty_19th_to_early_20th_century_gilded_metal_-_National_Museum_of_Vietnamese_History_-_Hanoi_Vietnam_-_DSC05598.JPG,Nguyen,,,,5472,3362,CC0,https://commons.wikimedia.org/wiki/File%3AMandarin_boots_and_shoes%2C_Nguyen_dynasty%2C_19th_to_early_20th_century%2C_gilded_metal_-_National_Museum_of_Vietnamese_History_-_Hanoi%2C_Vietnam_-_DSC05598.JPG,https://upload.wikimedia.org/wikipedia/commons/2/22/Mandarin_boots_and_shoes%2C_Nguyen_dynasty%2C_19th_to_early_20th_century%2C_gilded_metal_-_National_Museum_of_Vietnamese_History_-_Hanoi%2C_Vietnam_-_DSC05598.JPG,"Exhibit in the National Museum of Vietnamese History, Hanoi, Vietnam. Photography was permitted in the museum without restriction. This artwork is old enough so that it is in the public domain.","<a href=""//commons.wikimedia.org/wiki/User:Daderot"" title=""User:Daderot"">Daderot</a>",CC-Zero|Self-published work|Art of the Nguyễn dynasty|Shoes of Vietnam|Files uploaded by Daderot|Shoes in museums|Metalwork in the National Museum of Vietnamese History|Boots in museums
Mão_cánh_chuồn.jpg,Nguyen,,,,3648,2736,CC BY-SA 3.0,https://commons.wikimedia.org/wiki/File%3AM%C3%A3o_c%C3%A1nh_chu%E1%BB%93n.jpg,https://upload.wikimedia.org/wikipedia/commons/8/8e/M%C3%A3o_c%C3%A1nh_chu%E1%BB%93n.jpg,"Mão cánh chuồn trong vương triều nhà Nguyễn ở thế kỷ 19, được làm bằng kim loại và lông đuôi ngựa. Hiện vật đang đang được trưng bày trong Bảo tàng Lịch sử Việt Nam (Thành phố Hồ Chí Minh).","<a href=""//commons.wikimedia.org/wiki/User:Thuydaonguyen"" title=""User:Thuydaonguyen"">Bùi Thụy Đào Ng",Taken with Canon PowerShot A490|Self-published work|Art of the Nguyễn dynasty|Monarchical costumes of Vietnam|Mũ cánh chuồn
National_Museum_Vietnamese_History_66.jpg,Nguyen,,,,2112,2816,CC BY-SA 3.0,https://commons.wikimedia.org/wiki/File%3ANational_Museum_Vietnamese_History_66.jpg,https://upload.wikimedia.org/wikipedia/commons/9/99/National_Museum_Vietnamese_History_66.jpg,"<b>Mandarin robes</b>. Embroidery, Nguyễn dynasty, 19th-early 20th century. National Museum of Vietnamese History, Hanoi.","<a href=""//commons.wikimedia.org/wiki/User:Gryffindor"" title=""User:Gryffindor"">Gryffindor</a>",Taken with Canon Digital IXUS 870 IS|Self-published work|Art of the Nguyễn dynasty|Monarchical costumes of Vietnam
National_Museum_Vietnamese_History_67.jpg,Nguyen,,,,2112,2816,CC BY-SA 3.0,https://commons.wikimedia.org/wiki/File%3ANational_Museum_Vietnamese_History_67.jpg,https://upload.wikimedia.org/wikipedia/commons/c/c4/National_Museum_Vietnamese_History_67.jpg,"<b>Mandarin robes</b>. Embroidery, Nguyễn dynasty, 19th-early 20th century. National Museum of Vietnamese History, Hanoi.","<a href=""//commons.wikimedia.org/wiki/User:Gryffindor"" title=""User:Gryffindor"">Gryffindor</a>",Taken with Canon Digital IXUS 870 IS|Self-published work|Art of the Nguyễn dynasty|Monarchical costumes of Vietnam
National_Museum_Vietnamese_History_68.jpg,Nguyen,,,,2112,2816,CC BY-SA 3.0,https://commons.wikimedia.org/wiki/File%3ANational_Museum_Vietnamese_History_68.jpg,https://upload.wikimedia.org/wikipedia/commons/3/34/National_Museum_Vietnamese_History_68.jpg,"<b>Official hat</b>. Gilded metal, Nguyễn dynasty, 19th-early 20th century. Object for worship. National Museum of Vietnamese History, Hanoi.","<a href=""//commons.wikimedia.org/wiki/User:Gryffindor"" title=""User:Gryffindor"">Gryffindor</a>",Taken with Canon Digital IXUS 870 IS|Self-published work|Art of the Nguyễn dynasty|Metalwork in the National Museum of Vietnamese History
National_Museum_Vietnamese_History_69.jpg,Nguyen,,,,2816,2112,CC BY-SA 3.0,https://commons.wikimedia.org/wiki/File%3ANational_Museum_Vietnamese_History_69.jpg,https://upload.wikimedia.org/wikipedia/commons/d/d5/National_Museum_Vietnamese_History_69.jpg,"<b>Mandarin boots and shoes</b>. Gilded metal, Nguyễn dynasty, 19th-early 20th century. Object for worship. National Museum of Vietnamese History, Hanoi.","<a href=""//commons.wikimedia.org/wiki/User:Gryffindor"" title=""User:Gryffindor"">Gryffindor</a>",Taken with Canon Digital IXUS 870 IS|Self-published work|Art of the Nguyễn dynasty|Monarchical costumes of Vietnam
National_Museum_Vietnamese_History_70.jpg,Nguyen,,,,2099,1388,CC BY-SA 3.0,https://commons.wikimedia.org/wiki/File%3ANational_Museum_Vietnamese_History_70.jpg,https://upload.wikimedia.org/wikipedia/commons/b/ba/National_Museum_Vietnamese_History_70.jpg,"<b>Seal box</b>. Crimson and gilded wood, Nguyễn dynasty, 19th-early 20th century. National Museum of Vietnamese History, Hanoi.","<a href=""//commons.wikimedia.org/wiki/User:Gryffindor"" title=""User:Gryffindor"">Gryffindor</a>",Taken with Canon Digital IXUS 870 IS|Self-published work|Art of the Nguyễn dynasty|Wood carving in the National Museum of Vietnamese History
National_Museum_Vietnamese_History_71.jpg,Nguyen,,,,2816,2112,CC BY-SA 3.0,https://commons.wikimedia.org/wiki/File%3ANational_Museum_Vietnamese_History_71.jpg,https://upload.wikimedia.org/wikipedia/commons/e/e7/National_Museum_Vietnamese_History_71.jpg,"<b>Incense burners</b>. Bronze, Nguyễn dynasty, 19th-early 20th century. Ritual use. National Museum of Vietnamese History, Hanoi.","<a href=""//commons.wikimedia.org/wiki/User:Gryffindor"" title=""User:Gryffindor"">Gryffindor</a>",Taken with Canon Digital IXUS 870 IS|Self-published work|Art of the Nguyễn dynasty|Bronze in the National Museum of Vietnamese History
National_Museum_Vietnamese_History_72.jpg,Nguyen,,,,2112,2816,CC BY-SA 3.0,https://commons.wikimedia.org/wiki/File%3ANational_Museum_Vietnamese_History_72.jpg,https://upload.wikimedia.org/wikipedia/commons/3/3e/National_Museum_Vietnamese_History_72.jpg,"<b>Screen</b>. Wood, mother of pearl inlay, Nguyễn dynasty, Canh Dẩn year, Thành Thái reign (1890). Interior decoration. National Museum of Vietnamese History, Hanoi.","<a href=""//commons.wikimedia.org/wiki/User:Gryffindor"" title=""User:Gryffindor"">Gryffindor</a>",Taken with Canon Digital IXUS 870 IS|Self-published work|Art of the Nguyễn dynasty|Lacquered furniture|Mother of pearl inlay in the National Museum of Vietnamese History
National_Museum_Vietnamese_History_73.jpg,Nguyen,,,,2112,2816,CC BY-SA 3.0,https://commons.wikimedia.org/wiki/File%3ANational_Museum_Vietnamese_History_73.jpg,https://upload.wikimedia.org/wikipedia/commons/f/fe/National_Museum_Vietnamese_History_73.jpg,"<b>Screen</b>. Wood, mother of pearl inlay, Nguyễn dynasty, Canh Dẩn year, Thành Thái reign (1890). Interior decoration. National Museum of Vietnamese History, Hanoi.","<a href=""//commons.wikimedia.org/wiki/User:Gryffindor"" title=""User:Gryffindor"">Gryffindor</a>",Taken with Canon Digital IXUS 870 IS|Self-published work|Art of the Nguyễn dynasty|Lacquered furniture|Mother of pearl inlay in the National Museum of Vietnamese History
National_Museum_Vietnamese_History_74.jpg,Nguyen,,,,2503,1876,CC BY-SA 3.0,https://commons.wikimedia.org/wiki/File%3ANational_Museum_Vietnamese_History_74.jpg,https://upload.wikimedia.org/wikipedia/commons/0/0f/National_Museum_Vietnamese_History_74.jpg,"<b>Bodhisattva statues</b>. Crimson and gilded wood, Nguyễn dynasty, 19th-early 20th century. Statues of worship. National Museum of Vietnamese History, Hanoi.","<a href=""//commons.wikimedia.org/wiki/User:Gryffindor"" title=""User:Gryffindor"">Gryffindor</a>",Taken with Canon Digital IXUS 870 IS|Self-published work|Art of the Nguyễn dynasty|Wooden statues in the National Museum of Vietnamese History
National_Museum_Vietnamese_History_75.jpg,Nguyen,,,,2072,2763,CC BY-SA 3.0,https://commons.wikimedia.org/wiki/File%3ANational_Museum_Vietnamese_History_75.jpg,https://upload.wikimedia.org/wikipedia/commons/a/ad/National_Museum_Vietnamese_History_75.jpg,"<b>Buddha statue</b>. Crimson and gilded wood, Nguyễn dynasty, 19th-early 20th century. Statue of worship. National Museum of Vietnamese History, Hanoi.","<a href=""//commons.wikimedia.org/wiki/User:Gryffindor"" title=""User:Gryffindor"">Gryffindor</a>",Taken with Canon Digital IXUS 870 IS|Self-published work|Art of the Nguyễn dynasty|Statues of Shakyamuni Buddha in Vietnam|Wooden statues in the National Museum of Vietnamese History|Wooden statues of
National_Museum_Vietnamese_History_76.jpg,Nguyen,,,,2534,1901,CC BY-SA 3.0,https://commons.wikimedia.org/wiki/File%3ANational_Museum_Vietnamese_History_76.jpg,https://upload.wikimedia.org/wikipedia/commons/a/a9/National_Museum_Vietnamese_History_76.jpg,"<b>Attendant figures</b>. Crimson and gilded wood, Nguyễn dynasty, 19th-early 20th century. Statues of worship. National Museum of Vietnamese History, Hanoi.","<a href=""//commons.wikimedia.org/wiki/User:Gryffindor"" title=""User:Gryffindor"">Gryffindor</a>",Taken with Canon Digital IXUS 870 IS|Self-published work|Art of the Nguyễn dynasty|Wooden statues in the National Museum of Vietnamese History
National_Museum_Vietnamese_History_77.jpg,Nguyen,,,,2816,2112,CC BY-SA 3.0,https://commons.wikimedia.org/wiki/File%3ANational_Museum_Vietnamese_History_77.jpg,https://upload.wikimedia.org/wikipedia/commons/d/d8/National_Museum_Vietnamese_History_77.jpg,"(from left to right) <b>Box for ceremonial clothing and Buddhist books</b>, <b>wooden fish (<i>mộc ngư</i>) with handle in shape of dragon</b>, <b>altar in shape of a chair</b> and <b>oil lampstead</b","<a href=""//commons.wikimedia.org/wiki/User:Gryffindor"" title=""User:Gryffindor"">Gryffindor</a>",Taken with Canon Digital IXUS 870 IS|Images with annotations|Self-published work|Art of the Nguyễn dynasty|Buddhist altars|Collections of the National Museum of Vietnamese History|Mộc ngư
National_Museum_Vietnamese_History_77b.jpg,Nguyen,,,,587,587,CC BY-SA 3.0,https://commons.wikimedia.org/wiki/File%3ANational_Museum_Vietnamese_History_77b.jpg,https://upload.wikimedia.org/wikipedia/commons/9/90/National_Museum_Vietnamese_History_77b.jpg,"<b>Wooden fish (<i>mộc ngư</i>) with handle in shape of dragon</b>. Crimson and gilded wood, Nguyễn dynasty, 19th-early 20th century. Ritual use. National Museum of Vietnamese History, Hanoi.","<a href=""//commons.wikimedia.org/wiki/User:Gryffindor"" title=""User:Gryffindor"">Gryffindor</a>",Taken with Canon Digital IXUS 870 IS|Self-published work|Art of the Nguyễn dynasty|Mộc ngư|Wood carving in the National Museum of Vietnamese History
National_Museum_Vietnamese_History_77c.jpg,Nguyen,,,,724,1086,CC BY-SA 3.0,https://commons.wikimedia.org/wiki/File%3ANational_Museum_Vietnamese_History_77c.jpg,https://upload.wikimedia.org/wikipedia/commons/8/88/National_Museum_Vietnamese_History_77c.jpg,"<b>Oil lampstead</b>. Crimson and gilded wood, Nguyễn dynasty, 19th-early 20th century. Ritual use. National Museum of Vietnamese History, Hanoi.","<a href=""//commons.wikimedia.org/wiki/User:Gryffindor"" title=""User:Gryffindor"">Gryffindor</a>",Taken with Canon Digital IXUS 870 IS|Self-published work|Art of the Nguyễn dynasty|Wood carving in the National Museum of Vietnamese History
National_Museum_Vietnamese_History_78.jpg,Nguyen,,,,1986,2648,CC BY-SA 3.0,https://commons.wikimedia.org/wiki/File%3ANational_Museum_Vietnamese_History_78.jpg,https://upload.wikimedia.org/wikipedia/commons/7/73/National_Museum_Vietnamese_History_78.jpg,"<b>Altar in shape of a chair</b>. Crimson and gilded wood, Nguyễn dynasty, 19th-early 20th century. Ritual use. National Museum of Vietnamese History, Hanoi.","<a href=""//commons.wikimedia.org/wiki/User:Gryffindor"" title=""User:Gryffindor"">Gryffindor</a>",Taken with Canon Digital IXUS 870 IS|Self-published work|Art of the Nguyễn dynasty|Wood carving in the National Museum of Vietnamese History
Rice_container_Bien_Hoa_ceramic_green_glaze_-_Nguyen_dynasty_19th_century_AD_-_Vietnam_National_Museum_of_Fine_Arts_-_Hanoi_Vietnam_-_DSC05298.JPG,Nguyen,,,,4485,3425,CC0,https://commons.wikimedia.org/wiki/File%3ARice_container%2C_Bien_Hoa_ceramic%2C_green_glaze_-_Nguyen_dynasty%2C_19th_century_AD_-_Vietnam_National_Museum_of_Fine_Arts_-_Hanoi%2C_Vietnam_-_DSC05298.JPG,https://upload.wikimedia.org/wikipedia/commons/9/96/Rice_container%2C_Bien_Hoa_ceramic%2C_green_glaze_-_Nguyen_dynasty%2C_19th_century_AD_-_Vietnam_National_Museum_of_Fine_Arts_-_Hanoi%2C_Vietnam_-_DSC05298.JPG,"Exhibit in the Vietnam National Museum of Fine Arts - Hanoi, Vietnam. This artwork is old enough so that it is in the public domain.","<a href=""//commons.wikimedia.org/wiki/User:Daderot"" title=""User:Daderot"">Daderot</a>",CC-Zero|Self-published work|Files uploaded by Daderot|Nguyễn dynasty ceramics in the Vietnam National Museum of Fine Arts
Rice_container_Lai_Thieu_ceramic_white_glaze_with_cobalt_blue_patterns_-_Nguyen_dynasty_19th_century_AD_-_Vietnam_National_Museum_of_Fine_Arts_-_Hanoi_Vietnam_-_DSC05303.JPG,Nguyen,,,,3573,4442,CC0,https://commons.wikimedia.org/wiki/File%3ARice_container%2C_Lai_Thieu_ceramic%2C_white_glaze_with_cobalt_blue_patterns_-_Nguyen_dynasty%2C_19th_century_AD_-_Vietnam_National_Museum_of_Fine_Arts_-_Hanoi%2C_Vietnam_-_DSC05303.JPG,https://upload.wikimedia.org/wikipedia/commons/e/ed/Rice_container%2C_Lai_Thieu_ceramic%2C_white_glaze_with_cobalt_blue_patterns_-_Nguyen_dynasty%2C_19th_century_AD_-_Vietnam_National_Museum_of_Fine_Arts_-_Hanoi%2C_Vietnam_-_DSC05303.JPG,"Exhibit in the Vietnam National Museum of Fine Arts - Hanoi, Vietnam. This artwork is old enough so that it is in the public domain.","<a href=""//commons.wikimedia.org/wiki/User:Daderot"" title=""User:Daderot"">Daderot</a>",CC-Zero|Self-published work|Files uploaded by Daderot|Nguyễn dynasty ceramics in the Vietnam National Museum of Fine Arts
Teapot_-_Nguyen_dynasty_19th_century_AD_-_Vietnam_National_Museum_of_Fine_Arts_-_Hanoi_Vietnam_-_DSC05327.JPG,Nguyen,,,,3584,3412,CC0,https://commons.wikimedia.org/wiki/File%3ATeapot_-_Nguyen_dynasty%2C_19th_century_AD_-_Vietnam_National_Museum_of_Fine_Arts_-_Hanoi%2C_Vietnam_-_DSC05327.JPG,https://upload.wikimedia.org/wikipedia/commons/8/85/Teapot_-_Nguyen_dynasty%2C_19th_century_AD_-_Vietnam_National_Museum_of_Fine_Arts_-_Hanoi%2C_Vietnam_-_DSC05327.JPG,"Exhibit in the Vietnam National Museum of Fine Arts - Hanoi, Vietnam. This artwork is old enough so that it is in the public domain.","<a href=""//commons.wikimedia.org/wiki/User:Daderot"" title=""User:Daderot"">Daderot</a>",CC-Zero|Self-published work|Files uploaded by Daderot|Nguyễn dynasty ceramics in the Vietnam National Museum of Fine Arts
Throne_of_a_genie_from_Vietnam_private_collection_EDAV.jpg,Nguyen,,,,3337,5000,Public domain,https://commons.wikimedia.org/wiki/File%3AThrone_of_a_genie_from_Vietnam_private_collection_EDAV.jpg,https://upload.wikimedia.org/wikipedia/commons/6/6e/Throne_of_a_genie_from_Vietnam_private_collection_EDAV.jpg,,"<p><a href=""//commons.wikimedia.org/wiki/User:Jastrow"" title=""User:Jastrow"">Marie-Lan Nguyen</a>
</p",Taken with Nikon D800E|L'Envol du dragon – Art royal du Vietnam|Author died more than 100 years ago public domain images|Taken with AF-S Zoom-Nikkor 24-70mm f/2.8G ED|Artworks without Wikidata item|Se
Tree_pot_1_of_2_earthenware_-_Nguyen_dynasty_19th_century_AD_-_Vietnam_National_Museum_of_Fine_Arts_-_Hanoi_Vietnam_-_DSC05293.JPG,Nguyen,,,,5472,3648,CC0,https://commons.wikimedia.org/wiki/File%3ATree_pot%2C_1_of_2%2C_earthenware_-_Nguyen_dynasty%2C_19th_century_AD_-_Vietnam_National_Museum_of_Fine_Arts_-_Hanoi%2C_Vietnam_-_DSC05293.JPG,https://upload.wikimedia.org/wikipedia/commons/d/d0/Tree_pot%2C_1_of_2%2C_earthenware_-_Nguyen_dynasty%2C_19th_century_AD_-_Vietnam_National_Museum_of_Fine_Arts_-_Hanoi%2C_Vietnam_-_DSC05293.JPG,"Exhibit in the Vietnam National Museum of Fine Arts - Hanoi, Vietnam. This artwork is old enough so that it is in the public domain.","<a href=""//commons.wikimedia.org/wiki/User:Daderot"" title=""User:Daderot"">Daderot</a>",CC-Zero|Self-published work|Files uploaded by Daderot|Nguyễn dynasty ceramics in the Vietnam National Museum of Fine Arts
Tree_pot_2_of_2_earthenware_-_Nguyen_dynasty_19th_century_AD_-_Vietnam_National_Museum_of_Fine_Arts_-_Hanoi_Vietnam_-_DSC05294.JPG,Nguyen,,,,5472,3648,CC0,https://commons.wikimedia.org/wiki/File%3ATree_pot%2C_2_of_2%2C_earthenware_-_Nguyen_dynasty%2C_19th_century_AD_-_Vietnam_National_Museum_of_Fine_Arts_-_Hanoi%2C_Vietnam_-_DSC05294.JPG,https://upload.wikimedia.org/wikipedia/commons/1/1c/Tree_pot%2C_2_of_2%2C_earthenware_-_Nguyen_dynasty%2C_19th_century_AD_-_Vietnam_National_Museum_of_Fine_Arts_-_Hanoi%2C_Vietnam_-_DSC05294.JPG,"Exhibit in the Vietnam National Museum of Fine Arts - Hanoi, Vietnam. This artwork is old enough so that it is in the public domain.","<a href=""//commons.wikimedia.org/wiki/User:Daderot"" title=""User:Daderot"">Daderot</a>",CC-Zero|Self-published work|Files uploaded by Daderot|Nguyễn dynasty ceramics in the Vietnam National Museum of Fine Arts
Tube_for_papers_Bat_Trang_ceramic_-_Nguyen_dynasty_19th_century_AD_-_Vietnam_National_Museum_of_Fine_Arts_-_Hanoi_Vietnam_-_DSC05329.JPG,Nguyen,,,,3454,5054,CC0,https://commons.wikimedia.org/wiki/File%3ATube_for_papers%2C_Bat_Trang_ceramic_-_Nguyen_dynasty%2C_19th_century_AD_-_Vietnam_National_Museum_of_Fine_Arts_-_Hanoi%2C_Vietnam_-_DSC05329.JPG,https://upload.wikimedia.org/wikipedia/commons/8/80/Tube_for_papers%2C_Bat_Trang_ceramic_-_Nguyen_dynasty%2C_19th_century_AD_-_Vietnam_National_Museum_of_Fine_Arts_-_Hanoi%2C_Vietnam_-_DSC05329.JPG,"Exhibit in the Vietnam National Museum of Fine Arts - Hanoi, Vietnam. This artwork is old enough so that it is in the public domain.","<a href=""//commons.wikimedia.org/wiki/User:Daderot"" title=""User:Daderot"">Daderot</a>",CC-Zero|Self-published work|Files uploaded by Daderot|Nguyễn dynasty ceramics in the Vietnam National Museum of Fine Arts
Vase_Bat_Trang_ceramic_ivory_glaze_with_underglaze_motifs_-_Nguyen_dynasty_19th_century_AD_-_Vietnam_National_Museum_of_Fine_Arts_-_Hanoi_Vietnam_-_DSC05326.JPG,Nguyen,,,,3648,3970,CC0,https://commons.wikimedia.org/wiki/File%3AVase%2C_Bat_Trang_ceramic%2C_ivory_glaze_with_underglaze_motifs_-_Nguyen_dynasty%2C_19th_century_AD_-_Vietnam_National_Museum_of_Fine_Arts_-_Hanoi%2C_Vietnam_-_DSC05326.JPG,https://upload.wikimedia.org/wikipedia/commons/7/77/Vase%2C_Bat_Trang_ceramic%2C_ivory_glaze_with_underglaze_motifs_-_Nguyen_dynasty%2C_19th_century_AD_-_Vietnam_National_Museum_of_Fine_Arts_-_Hanoi%2C_Vietnam_-_DSC05326.JPG,"Exhibit in the Vietnam National Museum of Fine Arts - Hanoi, Vietnam. This artwork is old enough so that it is in the public domain.","<a href=""//commons.wikimedia.org/wiki/User:Daderot"" title=""User:Daderot"">Daderot</a>",CC-Zero|Self-published work|Files uploaded by Daderot|Nguyễn dynasty ceramics in the Vietnam National Museum of Fine Arts
Vase_Bat_Trang_ceramic_with_blue_glaze_-_Nguyen_dynasty_19th_century_AD_-_Vietnam_National_Museum_of_Fine_Arts_-_Hanoi_Vietnam_-_DSC05325.JPG,Nguyen,,,,3455,4850,CC0,https://commons.wikimedia.org/wiki/File%3AVase%2C_Bat_Trang_ceramic_with_blue_glaze_-_Nguyen_dynasty%2C_19th_century_AD_-_Vietnam_National_Museum_of_Fine_Arts_-_Hanoi%2C_Vietnam_-_DSC05325.JPG,https://upload.wikimedia.org/wikipedia/commons/a/af/Vase%2C_Bat_Trang_ceramic_with_blue_glaze_-_Nguyen_dynasty%2C_19th_century_AD_-_Vietnam_National_Museum_of_Fine_Arts_-_Hanoi%2C_Vietnam_-_DSC05325.JPG,"Exhibit in the Vietnam National Museum of Fine Arts - Hanoi, Vietnam. This artwork is old enough so that it is in the public domain.","<a href=""//commons.wikimedia.org/wiki/User:Daderot"" title=""User:Daderot"">Daderot</a>",CC-Zero|Self-published work|Files uploaded by Daderot|Nguyễn dynasty ceramics in the Vietnam National Museum of Fine Arts
Vase_decorated_with_Fisherman_Benefits_legend_Bat_Trang_ceramic_-_Nguyen_dynasty_19th_century_AD_-_Vietnam_National_Museum_of_Fine_Arts_-_Hanoi_Vietnam_-_DSC05328.JPG,Nguyen,,,,3509,5000,CC0,https://commons.wikimedia.org/wiki/File%3AVase_decorated_with_Fisherman_Benefits_legend%2C_Bat_Trang_ceramic_-_Nguyen_dynasty%2C_19th_century_AD_-_Vietnam_National_Museum_of_Fine_Arts_-_Hanoi%2C_Vietnam_-_DSC05328.JPG,https://upload.wikimedia.org/wikipedia/commons/0/05/Vase_decorated_with_Fisherman_Benefits_legend%2C_Bat_Trang_ceramic_-_Nguyen_dynasty%2C_19th_century_AD_-_Vietnam_National_Museum_of_Fine_Arts_-_Hanoi%2C_Vietnam_-_DSC05328.JPG,"Exhibit in the Vietnam National Museum of Fine Arts - Hanoi, Vietnam. This artwork is old enough so that it is in the public domain.","<a href=""//commons.wikimedia.org/wiki/User:Daderot"" title=""User:Daderot"">Daderot</a>",CC-Zero|Self-published work|Files uploaded by Daderot|Nguyễn dynasty ceramics in the Vietnam National Museum of Fine Arts
Viet_offi_1.jpg,Nguyen,,,,444,716,Public domain,https://commons.wikimedia.org/wiki/File%3AViet_offi_1.jpg,https://upload.wikimedia.org/wikipedia/commons/4/49/Viet_offi_1.jpg,"From John Crawfurd's ""Journal of an Embassy to the Courts of Siam and Cochin-Chinajournal of an Embassy to the Courts of Siam and Cochin-China"" Published 1830.","<bdi><a href=""https://en.wikipedia.org/wiki/en:John_Crawfurd"" class=""extiw"" title=""w:en:John Crawfur",John Crawfurd|PD-old-100-expired|PD-Art (PD-old-auto-expired)|Art of the Nguyễn dynasty|CC-PD-Mark|Monarchical costumes of Vietnam|PD-Art missing SDC copyright status|PD-old missing SDC copyright stat
Vietnam_19th_C_-_Archangel_Michael_vanquish_Satan_-_wood_glass_iron_IMG_9585_Museum_of_Asian_Civilisation.jpg,Nguyen,,,,2832,3647,CC BY-SA 4.0,https://commons.wikimedia.org/wiki/File%3AVietnam_19th_C_-_Archangel_Michael_vanquish_Satan_-_wood_glass_iron_IMG_9585_Museum_of_Asian_Civilisation.jpg,https://upload.wikimedia.org/wikipedia/commons/5/50/Vietnam_19th_C_-_Archangel_Michael_vanquish_Satan_-_wood_glass_iron_IMG_9585_Museum_of_Asian_Civilisation.jpg,Old art from Vietnam. Exhibit at display in the Asian Civilisations Museum in Singapore.,"<a href=""//commons.wikimedia.org/wiki/User:Bjoertvedt"" title=""User:Bjoertvedt"">Bjoertvedt</a>",Self-published work|Art of the Nguyễn dynasty|Sculptures of Christian saints in Vietnam|Files with coordinates missing SDC location of creation|Singapore photographs taken on 2018-11-10|Statues of Sai
Water_container_earthenware_-_Nguyen_dynasty_19th_century_AD_-_Vietnam_National_Museum_of_Fine_Arts_-_Hanoi_Vietnam_-_DSC05296.JPG,Nguyen,,,,3648,5472,CC0,https://commons.wikimedia.org/wiki/File%3AWater_container%2C_earthenware_-_Nguyen_dynasty%2C_19th_century_AD_-_Vietnam_National_Museum_of_Fine_Arts_-_Hanoi%2C_Vietnam_-_DSC05296.JPG,https://upload.wikimedia.org/wikipedia/commons/2/29/Water_container%2C_earthenware_-_Nguyen_dynasty%2C_19th_century_AD_-_Vietnam_National_Museum_of_Fine_Arts_-_Hanoi%2C_Vietnam_-_DSC05296.JPG,"Exhibit in the Vietnam National Museum of Fine Arts - Hanoi, Vietnam. This artwork is old enough so that it is in the public domain.","<a href=""//commons.wikimedia.org/wiki/User:Daderot"" title=""User:Daderot"">Daderot</a>",Taken with Sony DSC-RX100 III|CC-Zero|Self-published work|Files uploaded by Daderot|Nguyễn dynasty ceramics in the Vietnam National Museum of Fine Arts
Water_container_earthenware_-_Nguyen_dynasty_19th_century_AD_-_Vietnam_National_Museum_of_Fine_Arts_-_Hanoi_Vietnam_-_DSC05297.JPG,Nguyen,,,,3548,4677,CC0,https://commons.wikimedia.org/wiki/File%3AWater_container%2C_earthenware_-_Nguyen_dynasty%2C_19th_century_AD_-_Vietnam_National_Museum_of_Fine_Arts_-_Hanoi%2C_Vietnam_-_DSC05297.JPG,https://upload.wikimedia.org/wikipedia/commons/9/92/Water_container%2C_earthenware_-_Nguyen_dynasty%2C_19th_century_AD_-_Vietnam_National_Museum_of_Fine_Arts_-_Hanoi%2C_Vietnam_-_DSC05297.JPG,"Exhibit in the Vietnam National Museum of Fine Arts - Hanoi, Vietnam. This artwork is old enough so that it is in the public domain.","<a href=""//commons.wikimedia.org/wiki/User:Daderot"" title=""User:Daderot"">Daderot</a>",CC-Zero|Self-published work|Files uploaded by Daderot|Nguyễn dynasty ceramics in the Vietnam National Museum of Fine Arts
Wine_vase_crackled_glaze_ceramic_-_Nguyen_dynasty_19th_century_AD_-_Vietnam_National_Museum_of_Fine_Arts_-_Hanoi_Vietnam_-_DSC05323.JPG,Nguyen,,,,3445,4828,CC0,https://commons.wikimedia.org/wiki/File%3AWine_vase%2C_crackled_glaze_ceramic_-_Nguyen_dynasty%2C_19th_century_AD_-_Vietnam_National_Museum_of_Fine_Arts_-_Hanoi%2C_Vietnam_-_DSC05323.JPG,https://upload.wikimedia.org/wikipedia/commons/9/97/Wine_vase%2C_crackled_glaze_ceramic_-_Nguyen_dynasty%2C_19th_century_AD_-_Vietnam_National_Museum_of_Fine_Arts_-_Hanoi%2C_Vietnam_-_DSC05323.JPG,"Exhibit in the Vietnam National Museum of Fine Arts - Hanoi, Vietnam. This artwork is old enough so that it is in the public domain.","<a href=""//commons.wikimedia.org/wiki/User:Daderot"" title=""User:Daderot"">Daderot</a>",CC-Zero|Self-published work|Files uploaded by Daderot|Crackle glaze|Nguyễn dynasty ceramics in the Vietnam National Museum of Fine Arts
Vietnam_19th_C_-_cross_in_rosewood_mother-of-pearl_IMG_9582_Museum_of_Asian_Civilisation.jpg,Nguyen,,,,2809,3648,CC BY-SA 4.0,https://commons.wikimedia.org/wiki/File%3AVietnam_19th_C_-_cross_in_rosewood_mother-of-pearl_IMG_9582_Museum_of_Asian_Civilisation.jpg,https://upload.wikimedia.org/wikipedia/commons/4/4c/Vietnam_19th_C_-_cross_in_rosewood_mother-of-pearl_IMG_9582_Museum_of_Asian_Civilisation.jpg,Old art from Vietnam. Exhibit at display in the Asian Civilisations Museum in Singapore.,"<a href=""//commons.wikimedia.org/wiki/User:Bjoertvedt"" title=""User:Bjoertvedt"">Bjoertvedt</a>",Self-published work|Art of the Nguyễn dynasty|Christian art in Vietnam|Files with coordinates missing SDC location of creation|Singapore photographs taken on 2018-11-10|Collections of the Asian Civili
Vietnam_19th_C_-_tray_in_rosewood_mother-of-pearl_IMG_9583_Museum_of_Asian_Civilisation.jpg,Nguyen,,,,3443,2368,CC BY-SA 4.0,https://commons.wikimedia.org/wiki/File%3AVietnam_19th_C_-_tray_in_rosewood_mother-of-pearl_IMG_9583_Museum_of_Asian_Civilisation.jpg,https://upload.wikimedia.org/wikipedia/commons/b/b4/Vietnam_19th_C_-_tray_in_rosewood_mother-of-pearl_IMG_9583_Museum_of_Asian_Civilisation.jpg,Old art from Vietnam. Exhibit at display in the Asian Civilisations Museum in Singapore.,"<a href=""//commons.wikimedia.org/wiki/User:Bjoertvedt"" title=""User:Bjoertvedt"">Bjoertvedt</a>",Self-published work|Art of the Nguyễn dynasty|Files with coordinates missing SDC location of creation|Singapore photographs taken on 2018-11-10|Collections of the Asian Civilisations Museum
Vạc_đồng_3.jpg,Nguyen,,,,1800,1090,Public domain,https://commons.wikimedia.org/wiki/File%3AV%E1%BA%A1c_%C4%91%E1%BB%93ng_3.jpg,https://upload.wikimedia.org/wikipedia/commons/f/fb/V%E1%BA%A1c_%C4%91%E1%BB%93ng_3.jpg,"Bộ sưu tập <a href=""https://vi.wikipedia.org/wiki/V%E1%BA%A1c_%C4%91%E1%BB%93ng_(nh%C3%A0_Nguy%E1%BB%85n)"" class=""extiw"" title=""vi:Vạc đồng (nhà Nguyễn)"">Vạc đồng</a> của <a href=""https://vi.wikipedia","<a href=""https://vi.wikipedia.org/wiki/User:L%C6%B0u_Ly"" class=""extiw"" title=""vi:User:Lưu Ly"">Lưu Ly",Taken with Canon EOS 400D|Cauldon|Collection of cylindrical cauldrons of Nguyễn Lords|Self-published work|PD-self|Files by User:Lưu Ly|Art of the Nguyễn dynasty
Rustam_Khan_Zand.png,Nguyen,,,,1231,2000,Public domain,https://commons.wikimedia.org/wiki/File%3ARustam_Khan_Zand.png,https://upload.wikimedia.org/wikipedia/commons/3/3c/Rustam_Khan_Zand.png,"A portrait of Rustam Khan Zand, signed by Muhammad Sadiq, Persia, Zand, Shiraz, circa 1779
<p>Oil on canvas, framed
148 by 89cm. framed
</p><p>inscriptions
</p><p>Right and left-hand centre:
ya Sadiq ","<div class=""fn value"">
Muhammad Sadiq</div>",Muhammad Sadiq (painter)|PD-old-70-expired|Zand art|Art from Shiraz|CC-PD-Mark|Images from Christie's|Paintings without Wikidata item|PD-old missing SDC copyright status|18th-century oil on canvas pai
