step,epoch,loss_diffusion,loss_cultural,loss_total,lr
0,1,0.125637,0.000000,0.125637,1.00e-06
1,1,0.040766,0.000000,0.040766,2.00e-06
2,1,0.023384,0.000000,0.023384,3.00e-06
3,1,0.052890,0.000000,0.052890,4.00e-06
4,1,0.027682,0.000000,0.027682,5.00e-06
5,1,0.034255,0.000000,0.034255,6.00e-06
6,1,0.047184,0.000000,0.047184,7.00e-06
7,1,0.019230,0.000000,0.019230,8.00e-06
8,1,0.022430,0.000000,0.022430,9.00e-06
9,1,0.126560,0.000000,0.126560,1.00e-05
10,1,0.087081,0.000000,0.087081,1.10e-05
11,1,0.067603,0.000000,0.067603,1.20e-05
12,1,0.056110,0.000000,0.056110,1.30e-05
13,1,0.038313,0.000000,0.038313,1.40e-05
14,1,0.045612,0.000000,0.045612,1.50e-05
15,1,0.020873,0.000000,0.020873,1.60e-05
16,1,0.049608,0.000000,0.049608,1.70e-05
17,1,0.055262,0.000000,0.055262,1.80e-05
18,1,0.022741,0.000000,0.022741,1.90e-05
19,1,0.017050,0.000000,0.017050,2.00e-05
20,1,0.013215,0.000000,0.013215,2.10e-05
21,1,0.101891,0.000000,0.101891,2.20e-05
22,1,0.032352,0.000000,0.032352,2.30e-05
23,1,0.100266,0.000000,0.100266,2.40e-05
24,1,0.035543,0.000000,0.035543,2.50e-05
25,1,0.052916,0.000000,0.052916,2.60e-05
26,1,0.051701,0.000000,0.051701,2.70e-05
27,1,0.065658,0.000000,0.065658,2.80e-05
28,1,0.005747,0.000000,0.005747,2.90e-05
29,1,0.022922,0.000000,0.022922,3.00e-05
30,1,0.051980,0.000000,0.051980,3.10e-05
31,1,0.051141,0.000000,0.051141,3.20e-05
32,1,0.015925,0.000000,0.015925,3.30e-05
33,1,0.022098,0.000000,0.022098,3.40e-05
34,1,0.038766,0.000000,0.038766,3.50e-05
35,1,0.028403,0.000000,0.028403,3.60e-05
36,1,0.041206,0.000000,0.041206,3.70e-05
37,1,0.024451,0.000000,0.024451,3.80e-05
38,1,0.041161,0.000000,0.041161,3.90e-05
39,1,0.012759,0.000000,0.012759,4.00e-05
40,1,0.094386,0.000000,0.094386,4.10e-05
41,1,0.020758,0.000000,0.020758,4.20e-05
42,1,0.020797,0.000000,0.020797,4.30e-05
43,1,0.007374,0.000000,0.007374,4.40e-05
44,1,0.023427,0.000000,0.023427,4.50e-05
45,1,0.079050,0.000000,0.079050,4.60e-05
46,1,0.081040,0.000000,0.081040,4.70e-05
47,1,0.031866,0.000000,0.031866,4.80e-05
48,1,0.039087,0.000000,0.039087,4.90e-05
49,1,0.038215,0.000000,0.038215,5.00e-05
50,1,0.056766,0.000000,0.056766,5.10e-05
51,1,0.051359,0.000000,0.051359,5.20e-05
52,1,0.044600,0.000000,0.044600,5.30e-05
53,1,0.082076,0.000000,0.082076,5.40e-05
54,1,0.077798,0.000000,0.077798,5.50e-05
55,1,0.043141,0.000000,0.043141,5.60e-05
56,1,0.035452,0.000000,0.035452,5.70e-05
57,1,0.018728,0.000000,0.018728,5.80e-05
58,1,0.042891,0.000000,0.042891,5.90e-05
59,1,0.074492,0.000000,0.074492,6.00e-05
60,1,0.038365,0.000000,0.038365,6.10e-05
61,1,0.049215,0.000000,0.049215,6.20e-05
62,1,0.011567,0.000000,0.011567,6.30e-05
63,1,0.023244,0.000000,0.023244,6.40e-05
64,1,0.063206,0.000000,0.063206,6.50e-05
65,1,0.023178,0.000000,0.023178,6.60e-05
66,1,0.072834,0.000000,0.072834,6.70e-05
67,1,0.014858,0.000000,0.014858,6.80e-05
68,1,0.023759,0.000000,0.023759,6.90e-05
69,1,0.022685,0.000000,0.022685,7.00e-05
70,1,0.019262,0.000000,0.019262,7.10e-05
71,1,0.054392,0.000000,0.054392,7.20e-05
72,1,0.130276,0.000000,0.130276,7.30e-05
73,1,0.036032,0.000000,0.036032,7.40e-05
74,1,0.016711,0.000000,0.016711,7.50e-05
75,1,0.004926,0.000000,0.004926,7.60e-05
76,1,0.067107,0.000000,0.067107,7.70e-05
77,1,0.028169,0.000000,0.028169,7.80e-05
78,1,0.036761,0.000000,0.036761,7.90e-05
79,1,0.055296,0.000000,0.055296,8.00e-05
80,1,0.056216,0.000000,0.056216,8.10e-05
81,1,0.050907,0.000000,0.050907,8.20e-05
82,1,0.035506,0.000000,0.035506,8.30e-05
83,1,0.077077,0.000000,0.077077,8.40e-05
84,1,0.006088,0.000000,0.006088,8.50e-05
85,1,0.149917,0.000000,0.149917,8.60e-05
86,1,0.139834,0.000000,0.139834,8.70e-05
87,1,0.101693,0.000000,0.101693,8.80e-05
88,1,0.081822,0.000000,0.081822,8.90e-05
89,1,0.032049,0.000000,0.032049,9.00e-05
90,1,0.044232,0.000000,0.044232,9.10e-05
91,1,0.046398,0.000000,0.046398,9.20e-05
92,1,0.071167,0.000000,0.071167,9.30e-05
93,1,0.053092,0.000000,0.053092,9.40e-05
94,1,0.042083,0.000000,0.042083,9.50e-05
95,1,0.036866,0.000000,0.036866,9.60e-05
96,1,0.083904,0.000000,0.083904,9.70e-05
97,1,0.005463,0.000000,0.005463,9.80e-05
98,1,0.082368,0.000000,0.082368,9.90e-05
99,1,0.026027,0.000000,0.026027,1.00e-04
100,1,0.083577,0.000000,0.083577,1.00e-04
101,1,0.140540,0.000000,0.140540,1.00e-04
102,1,0.050904,0.000000,0.050904,1.00e-04
103,1,0.048383,0.000000,0.048383,1.00e-04
104,1,0.033749,0.000000,0.033749,1.00e-04
105,1,0.076112,0.000000,0.076112,1.00e-04
106,1,0.088056,0.000000,0.088056,1.00e-04
107,1,0.004500,0.000000,0.004500,1.00e-04
108,1,0.077321,0.000000,0.077321,1.00e-04
109,1,0.043917,0.000000,0.043917,1.00e-04
110,1,0.005030,0.000000,0.005030,1.00e-04
111,1,0.050444,0.000000,0.050444,1.00e-04
112,1,0.059063,0.000000,0.059063,1.00e-04
113,1,0.027880,0.000000,0.027880,1.00e-04
114,1,0.098745,0.000000,0.098745,1.00e-04
115,1,0.041849,0.000000,0.041849,1.00e-04
116,1,0.040075,0.000000,0.040075,1.00e-04
117,1,0.084806,0.000000,0.084806,1.00e-04
118,1,0.025901,0.000000,0.025901,1.00e-04
119,1,0.037532,0.000000,0.037532,1.00e-04
120,1,0.129956,0.000000,0.129956,1.00e-04
121,1,0.020033,0.000000,0.020033,1.00e-04
122,1,0.033463,0.000000,0.033463,1.00e-04
123,1,0.095785,0.000000,0.095785,1.00e-04
124,1,0.019835,0.000000,0.019835,1.00e-04
125,2,0.096487,0.000000,0.096487,1.00e-04
126,2,0.083453,0.000000,0.083453,1.00e-04
127,2,0.093682,0.000000,0.093682,1.00e-04
128,2,0.049826,0.000000,0.049826,1.00e-04
129,2,0.035558,0.000000,0.035558,1.00e-04
130,2,0.032768,0.000000,0.032768,1.00e-04
131,2,0.022406,0.000000,0.022406,1.00e-04
132,2,0.038682,0.000000,0.038682,1.00e-04
133,2,0.020219,0.000000,0.020219,1.00e-04
134,2,0.059414,0.000000,0.059414,1.00e-04
135,2,0.038598,0.000000,0.038598,1.00e-04
136,2,0.068620,0.000000,0.068620,1.00e-04
137,2,0.016786,0.000000,0.016786,1.00e-04
138,2,0.074325,0.000000,0.074325,1.00e-04
139,2,0.090078,0.000000,0.090078,1.00e-04
140,2,0.105558,0.000000,0.105558,1.00e-04
141,2,0.015961,0.000000,0.015961,1.00e-04
142,2,0.017845,0.000000,0.017845,1.00e-04
143,2,0.031029,0.000000,0.031029,1.00e-04
144,2,0.114665,0.000000,0.114665,1.00e-04
145,2,0.051079,0.000000,0.051079,1.00e-04
146,2,0.100567,0.000000,0.100567,1.00e-04
147,2,0.041780,0.000000,0.041780,1.00e-04
148,2,0.062231,0.000000,0.062231,1.00e-04
149,2,0.026486,0.000000,0.026486,1.00e-04
150,2,0.042881,0.000000,0.042881,1.00e-04
151,2,0.025616,0.000000,0.025616,1.00e-04
152,2,0.050256,0.000000,0.050256,1.00e-04
153,2,0.029308,0.000000,0.029308,1.00e-04
154,2,0.143666,0.000000,0.143666,1.00e-04
155,2,0.010238,0.000000,0.010238,1.00e-04
156,2,0.091619,0.000000,0.091619,1.00e-04
157,2,0.003600,0.000000,0.003600,1.00e-04
158,2,0.064068,0.000000,0.064068,1.00e-04
159,2,0.068572,0.000000,0.068572,1.00e-04
160,2,0.126901,0.000000,0.126901,1.00e-04
161,2,0.057065,0.000000,0.057065,1.00e-04
162,2,0.029894,0.000000,0.029894,1.00e-04
163,2,0.019910,0.000000,0.019910,1.00e-04
164,2,0.037243,0.000000,0.037243,1.00e-04
165,2,0.030917,0.000000,0.030917,1.00e-04
166,2,0.028342,0.000000,0.028342,1.00e-04
167,2,0.065611,0.000000,0.065611,1.00e-04
168,2,0.028720,0.000000,0.028720,1.00e-04
169,2,0.016159,0.000000,0.016159,1.00e-04
170,2,0.071062,0.000000,0.071062,1.00e-04
171,2,0.103904,0.000000,0.103904,1.00e-04
172,2,0.083428,0.000000,0.083428,1.00e-04
173,2,0.047919,0.000000,0.047919,1.00e-04
174,2,0.062342,0.000000,0.062342,1.00e-04
175,2,0.046755,0.000000,0.046755,1.00e-04
176,2,0.003127,0.000000,0.003127,1.00e-04
177,2,0.071801,0.000000,0.071801,1.00e-04
178,2,0.026059,0.000000,0.026059,1.00e-04
179,2,0.021080,0.000000,0.021080,1.00e-04
180,2,0.121026,0.000000,0.121026,1.00e-04
181,2,0.038777,0.000000,0.038777,1.00e-04
182,2,0.039026,0.000000,0.039026,1.00e-04
183,2,0.022515,0.000000,0.022515,1.00e-04
184,2,0.076680,0.000000,0.076680,1.00e-04
185,2,0.007257,0.000000,0.007257,1.00e-04
186,2,0.027396,0.000000,0.027396,1.00e-04
187,2,0.031122,0.000000,0.031122,9.99e-05
188,2,0.040117,0.000000,0.040117,9.99e-05
189,2,0.063246,0.000000,0.063246,9.99e-05
190,2,0.043789,0.000000,0.043789,9.99e-05
191,2,0.020514,0.000000,0.020514,9.99e-05
192,2,0.028093,0.000000,0.028093,9.99e-05
193,2,0.035277,0.000000,0.035277,9.99e-05
194,2,0.035951,0.000000,0.035951,9.99e-05
195,2,0.045728,0.000000,0.045728,9.99e-05
196,2,0.016677,0.000000,0.016677,9.99e-05
197,2,0.049739,0.000000,0.049739,9.99e-05
198,2,0.077274,0.000000,0.077274,9.99e-05
199,2,0.035242,0.000000,0.035242,9.99e-05
200,2,0.057934,0.000000,0.057934,9.99e-05
201,2,0.052528,0.000000,0.052528,9.99e-05
202,2,0.010860,0.000000,0.010860,9.99e-05
203,2,0.088448,0.000000,0.088448,9.99e-05
204,2,0.077812,0.000000,0.077812,9.99e-05
205,2,0.048147,0.000000,0.048147,9.99e-05
206,2,0.062945,0.000000,0.062945,9.99e-05
207,2,0.064305,0.000000,0.064305,9.99e-05
208,2,0.053701,0.000000,0.053701,9.99e-05
209,2,0.113434,0.000000,0.113434,9.99e-05
210,2,0.068354,0.000000,0.068354,9.99e-05
211,2,0.034445,0.000000,0.034445,9.99e-05
212,2,0.070040,0.000000,0.070040,9.99e-05
213,2,0.095860,0.000000,0.095860,9.99e-05
214,2,0.010233,0.000000,0.010233,9.99e-05
215,2,0.093198,0.000000,0.093198,9.99e-05
216,2,0.049150,0.000000,0.049150,9.99e-05
217,2,0.023236,0.000000,0.023236,9.99e-05
218,2,0.037669,0.000000,0.037669,9.99e-05
219,2,0.038894,0.000000,0.038894,9.99e-05
220,2,0.083827,0.000000,0.083827,9.99e-05
221,2,0.041835,0.000000,0.041835,9.99e-05
222,2,0.095768,0.000000,0.095768,9.99e-05
223,2,0.054205,0.000000,0.054205,9.99e-05
224,2,0.008060,0.000000,0.008060,9.99e-05
225,2,0.042751,0.000000,0.042751,9.99e-05
226,2,0.020348,0.000000,0.020348,9.99e-05
227,2,0.026538,0.000000,0.026538,9.99e-05
228,2,0.115683,0.000000,0.115683,9.99e-05
229,2,0.079577,0.000000,0.079577,9.99e-05
230,2,0.020747,0.000000,0.020747,9.99e-05
231,2,0.047490,0.000000,0.047490,9.99e-05
232,2,0.037743,0.000000,0.037743,9.99e-05
233,2,0.050108,0.000000,0.050108,9.99e-05
234,2,0.038940,0.000000,0.038940,9.99e-05
235,2,0.030922,0.000000,0.030922,9.99e-05
236,2,0.025330,0.000000,0.025330,9.99e-05
237,2,0.060438,0.000000,0.060438,9.99e-05
238,2,0.067655,0.000000,0.067655,9.99e-05
239,2,0.086400,0.000000,0.086400,9.99e-05
240,2,0.078732,0.000000,0.078732,9.99e-05
241,2,0.009981,0.000000,0.009981,9.99e-05
242,2,0.018337,0.000000,0.018337,9.99e-05
243,2,0.105649,0.000000,0.105649,9.99e-05
244,2,0.010291,0.000000,0.010291,9.99e-05
245,2,0.030702,0.000000,0.030702,9.99e-05
246,2,0.067092,0.000000,0.067092,9.99e-05
247,2,0.022028,0.000000,0.022028,9.99e-05
248,2,0.073346,0.000000,0.073346,9.99e-05
249,2,0.006010,0.000000,0.006010,9.99e-05
250,3,0.035165,0.000000,0.035165,9.99e-05
251,3,0.015573,0.000000,0.015573,9.98e-05
252,3,0.030967,0.000000,0.030967,9.98e-05
253,3,0.039659,0.000000,0.039659,9.98e-05
254,3,0.106702,0.000000,0.106702,9.98e-05
255,3,0.037163,0.000000,0.037163,9.98e-05
256,3,0.030162,0.000000,0.030162,9.98e-05
257,3,0.057105,0.000000,0.057105,9.98e-05
258,3,0.038459,0.000000,0.038459,9.98e-05
259,3,0.056760,0.000000,0.056760,9.98e-05
260,3,0.012165,0.000000,0.012165,9.98e-05
261,3,0.075642,0.000000,0.075642,9.98e-05
262,3,0.048193,0.000000,0.048193,9.98e-05
263,3,0.047330,0.000000,0.047330,9.98e-05
264,3,0.023574,0.000000,0.023574,9.98e-05
265,3,0.092150,0.000000,0.092150,9.98e-05
266,3,0.019009,0.000000,0.019009,9.98e-05
267,3,0.012080,0.000000,0.012080,9.98e-05
268,3,0.052002,0.000000,0.052002,9.98e-05
269,3,0.057519,0.000000,0.057519,9.98e-05
270,3,0.139787,0.000000,0.139787,9.98e-05
271,3,0.061310,0.000000,0.061310,9.98e-05
272,3,0.044880,0.000000,0.044880,9.98e-05
273,3,0.036536,0.000000,0.036536,9.98e-05
274,3,0.018597,0.000000,0.018597,9.98e-05
275,3,0.105116,0.000000,0.105116,9.98e-05
276,3,0.015446,0.000000,0.015446,9.98e-05
277,3,0.072094,0.000000,0.072094,9.98e-05
278,3,0.072102,0.000000,0.072102,9.98e-05
279,3,0.097956,0.000000,0.097956,9.98e-05
280,3,0.093393,0.000000,0.093393,9.98e-05
281,3,0.013185,0.000000,0.013185,9.98e-05
282,3,0.025665,0.000000,0.025665,9.98e-05
283,3,0.027642,0.000000,0.027642,9.98e-05
284,3,0.027556,0.000000,0.027556,9.98e-05
285,3,0.090109,0.000000,0.090109,9.98e-05
286,3,0.066109,0.000000,0.066109,9.98e-05
287,3,0.014572,0.000000,0.014572,9.98e-05
288,3,0.028992,0.000000,0.028992,9.98e-05
289,3,0.024669,0.000000,0.024669,9.98e-05
290,3,0.053370,0.000000,0.053370,9.98e-05
291,3,0.023793,0.000000,0.023793,9.98e-05
292,3,0.050722,0.000000,0.050722,9.98e-05
293,3,0.019595,0.000000,0.019595,9.98e-05
294,3,0.010706,0.000000,0.010706,9.98e-05
295,3,0.071555,0.000000,0.071555,9.97e-05
296,3,0.016102,0.000000,0.016102,9.97e-05
297,3,0.022577,0.000000,0.022577,9.97e-05
298,3,0.052212,0.000000,0.052212,9.97e-05
299,3,0.042016,0.000000,0.042016,9.97e-05
300,3,0.032569,0.000000,0.032569,9.97e-05
301,3,0.035392,0.000000,0.035392,9.97e-05
302,3,0.031420,0.000000,0.031420,9.97e-05
303,3,0.017827,0.000000,0.017827,9.97e-05
304,3,0.050753,0.000000,0.050753,9.97e-05
305,3,0.116105,0.000000,0.116105,9.97e-05
306,3,0.033097,0.000000,0.033097,9.97e-05
307,3,0.044119,0.000000,0.044119,9.97e-05
308,3,0.069597,0.000000,0.069597,9.97e-05
309,3,0.016496,0.000000,0.016496,9.97e-05
310,3,0.056990,0.000000,0.056990,9.97e-05
311,3,0.024042,0.000000,0.024042,9.97e-05
312,3,0.039618,0.000000,0.039618,9.97e-05
313,3,0.006740,0.000000,0.006740,9.97e-05
314,3,0.058017,0.000000,0.058017,9.97e-05
315,3,0.005237,0.000000,0.005237,9.97e-05
316,3,0.053771,0.000000,0.053771,9.97e-05
317,3,0.028747,0.000000,0.028747,9.97e-05
318,3,0.037110,0.000000,0.037110,9.97e-05
319,3,0.019450,0.000000,0.019450,9.97e-05
320,3,0.017318,0.000000,0.017318,9.97e-05
321,3,0.056874,0.000000,0.056874,9.97e-05
322,3,0.015709,0.000000,0.015709,9.97e-05
323,3,0.027908,0.000000,0.027908,9.97e-05
324,3,0.030417,0.000000,0.030417,9.97e-05
325,3,0.066304,0.000000,0.066304,9.97e-05
326,3,0.029295,0.000000,0.029295,9.97e-05
327,3,0.108728,0.000000,0.108728,9.97e-05
328,3,0.074997,0.000000,0.074997,9.97e-05
329,3,0.033838,0.000000,0.033838,9.97e-05
330,3,0.040873,0.000000,0.040873,9.97e-05
331,3,0.048045,0.000000,0.048045,9.96e-05
332,3,0.059949,0.000000,0.059949,9.96e-05
333,3,0.039885,0.000000,0.039885,9.96e-05
334,3,0.041384,0.000000,0.041384,9.96e-05
335,3,0.071649,0.000000,0.071649,9.96e-05
336,3,0.029902,0.000000,0.029902,9.96e-05
337,3,0.092888,0.000000,0.092888,9.96e-05
338,3,0.045303,0.000000,0.045303,9.96e-05
339,3,0.036479,0.000000,0.036479,9.96e-05
340,3,0.108324,0.000000,0.108324,9.96e-05
341,3,0.074667,0.000000,0.074667,9.96e-05
342,3,0.074578,0.000000,0.074578,9.96e-05
343,3,0.065249,0.000000,0.065249,9.96e-05
344,3,0.020060,0.000000,0.020060,9.96e-05
345,3,0.172588,0.000000,0.172588,9.96e-05
346,3,0.087106,0.000000,0.087106,9.96e-05
347,3,0.004759,0.000000,0.004759,9.96e-05
348,3,0.035539,0.000000,0.035539,9.96e-05
349,3,0.025445,0.000000,0.025445,9.96e-05
350,3,0.032118,0.000000,0.032118,9.96e-05
351,3,0.032187,0.000000,0.032187,9.96e-05
352,3,0.028781,0.000000,0.028781,9.96e-05
353,3,0.066180,0.000000,0.066180,9.96e-05
354,3,0.039665,0.000000,0.039665,9.96e-05
355,3,0.003832,0.000000,0.003832,9.96e-05
356,3,0.019768,0.000000,0.019768,9.96e-05
357,3,0.035780,0.000000,0.035780,9.96e-05
358,3,0.069982,0.000000,0.069982,9.96e-05
359,3,0.041749,0.000000,0.041749,9.96e-05
360,3,0.145841,0.000000,0.145841,9.96e-05
361,3,0.004952,0.000000,0.004952,9.96e-05
362,3,0.016192,0.000000,0.016192,9.95e-05
363,3,0.005472,0.000000,0.005472,9.95e-05
364,3,0.073215,0.000000,0.073215,9.95e-05
365,3,0.031397,0.000000,0.031397,9.95e-05
366,3,0.025892,0.000000,0.025892,9.95e-05
367,3,0.088368,0.000000,0.088368,9.95e-05
368,3,0.090693,0.000000,0.090693,9.95e-05
369,3,0.030395,0.000000,0.030395,9.95e-05
370,3,0.040556,0.000000,0.040556,9.95e-05
371,3,0.036817,0.000000,0.036817,9.95e-05
372,3,0.071837,0.000000,0.071837,9.95e-05
373,3,0.026728,0.000000,0.026728,9.95e-05
374,3,0.024229,0.000000,0.024229,9.95e-05
375,4,0.046707,0.000000,0.046707,9.95e-05
376,4,0.091215,0.000000,0.091215,9.95e-05
377,4,0.016597,0.000000,0.016597,9.95e-05
378,4,0.060425,0.000000,0.060425,9.95e-05
379,4,0.035234,0.000000,0.035234,9.95e-05
380,4,0.005151,0.000000,0.005151,9.95e-05
381,4,0.029522,0.000000,0.029522,9.95e-05
382,4,0.030015,0.000000,0.030015,9.95e-05
383,4,0.028871,0.000000,0.028871,9.95e-05
384,4,0.029908,0.000000,0.029908,9.95e-05
385,4,0.039231,0.000000,0.039231,9.95e-05
386,4,0.042184,0.000000,0.042184,9.95e-05
387,4,0.115453,0.000000,0.115453,9.95e-05
388,4,0.033926,0.000000,0.033926,9.95e-05
389,4,0.017984,0.000000,0.017984,9.95e-05
390,4,0.037066,0.000000,0.037066,9.94e-05
391,4,0.020438,0.000000,0.020438,9.94e-05
392,4,0.038571,0.000000,0.038571,9.94e-05
393,4,0.052241,0.000000,0.052241,9.94e-05
394,4,0.046667,0.000000,0.046667,9.94e-05
395,4,0.014205,0.000000,0.014205,9.94e-05
396,4,0.004126,0.000000,0.004126,9.94e-05
397,4,0.048423,0.000000,0.048423,9.94e-05
398,4,0.021171,0.000000,0.021171,9.94e-05
399,4,0.114226,0.000000,0.114226,9.94e-05
400,4,0.055010,0.000000,0.055010,9.94e-05
401,4,0.049700,0.000000,0.049700,9.94e-05
402,4,0.027394,0.000000,0.027394,9.94e-05
403,4,0.041054,0.000000,0.041054,9.94e-05
404,4,0.007827,0.000000,0.007827,9.94e-05
405,4,0.011825,0.000000,0.011825,9.94e-05
406,4,0.029874,0.000000,0.029874,9.94e-05
407,4,0.019601,0.000000,0.019601,9.94e-05
408,4,0.029514,0.000000,0.029514,9.94e-05
409,4,0.096570,0.000000,0.096570,9.94e-05
410,4,0.056859,0.000000,0.056859,9.94e-05
411,4,0.058811,0.000000,0.058811,9.94e-05
412,4,0.027812,0.000000,0.027812,9.94e-05
413,4,0.043692,0.000000,0.043692,9.94e-05
414,4,0.029139,0.000000,0.029139,9.94e-05
415,4,0.016551,0.000000,0.016551,9.93e-05
416,4,0.081730,0.000000,0.081730,9.93e-05
417,4,0.040065,0.000000,0.040065,9.93e-05
418,4,0.049506,0.000000,0.049506,9.93e-05
419,4,0.049976,0.000000,0.049976,9.93e-05
420,4,0.050810,0.000000,0.050810,9.93e-05
421,4,0.010039,0.000000,0.010039,9.93e-05
422,4,0.033200,0.000000,0.033200,9.93e-05
423,4,0.044731,0.000000,0.044731,9.93e-05
424,4,0.026182,0.000000,0.026182,9.93e-05
425,4,0.042945,0.000000,0.042945,9.93e-05
426,4,0.040198,0.000000,0.040198,9.93e-05
427,4,0.060845,0.000000,0.060845,9.93e-05
428,4,0.061097,0.000000,0.061097,9.93e-05
429,4,0.089116,0.000000,0.089116,9.93e-05
430,4,0.044967,0.000000,0.044967,9.93e-05
431,4,0.049689,0.000000,0.049689,9.93e-05
432,4,0.026782,0.000000,0.026782,9.93e-05
433,4,0.002291,0.000000,0.002291,9.93e-05
434,4,0.025370,0.000000,0.025370,9.93e-05
435,4,0.070954,0.000000,0.070954,9.93e-05
436,4,0.008360,0.000000,0.008360,9.93e-05
437,4,0.065102,0.000000,0.065102,9.93e-05
438,4,0.034813,0.000000,0.034813,9.93e-05
439,4,0.051375,0.000000,0.051375,9.92e-05
440,4,0.014381,0.000000,0.014381,9.92e-05
441,4,0.005864,0.000000,0.005864,9.92e-05
442,4,0.023855,0.000000,0.023855,9.92e-05
443,4,0.036643,0.000000,0.036643,9.92e-05
444,4,0.037998,0.000000,0.037998,9.92e-05
445,4,0.086181,0.000000,0.086181,9.92e-05
446,4,0.019453,0.000000,0.019453,9.92e-05
447,4,0.020615,0.000000,0.020615,9.92e-05
448,4,0.082850,0.000000,0.082850,9.92e-05
449,4,0.043770,0.000000,0.043770,9.92e-05
450,4,0.106549,0.000000,0.106549,9.92e-05
451,4,0.110210,0.000000,0.110210,9.92e-05
452,4,0.014353,0.000000,0.014353,9.92e-05
453,4,0.022154,0.000000,0.022154,9.92e-05
454,4,0.024989,0.000000,0.024989,9.92e-05
455,4,0.021043,0.000000,0.021043,9.92e-05
456,4,0.046984,0.000000,0.046984,9.92e-05
457,4,0.040799,0.000000,0.040799,9.92e-05
458,4,0.009985,0.000000,0.009985,9.92e-05
459,4,0.025107,0.000000,0.025107,9.92e-05
460,4,0.073373,0.000000,0.073373,9.92e-05
461,4,0.043340,0.000000,0.043340,9.91e-05
462,4,0.016020,0.000000,0.016020,9.91e-05
463,4,0.060801,0.000000,0.060801,9.91e-05
464,4,0.027067,0.000000,0.027067,9.91e-05
465,4,0.070308,0.000000,0.070308,9.91e-05
466,4,0.073133,0.000000,0.073133,9.91e-05
467,4,0.096133,0.000000,0.096133,9.91e-05
468,4,0.040538,0.000000,0.040538,9.91e-05
469,4,0.051520,0.000000,0.051520,9.91e-05
470,4,0.049473,0.000000,0.049473,9.91e-05
471,4,0.016890,0.000000,0.016890,9.91e-05
472,4,0.023736,0.000000,0.023736,9.91e-05
473,4,0.008476,0.000000,0.008476,9.91e-05
474,4,0.030976,0.000000,0.030976,9.91e-05
475,4,0.082083,0.000000,0.082083,9.91e-05
476,4,0.030894,0.000000,0.030894,9.91e-05
477,4,0.020869,0.000000,0.020869,9.91e-05
478,4,0.086380,0.000000,0.086380,9.91e-05
479,4,0.083705,0.000000,0.083705,9.91e-05
480,4,0.085352,0.000000,0.085352,9.91e-05
481,4,0.047256,0.000000,0.047256,9.91e-05
482,4,0.044458,0.000000,0.044458,9.90e-05
483,4,0.034728,0.000000,0.034728,9.90e-05
484,4,0.031402,0.000000,0.031402,9.90e-05
485,4,0.104655,0.000000,0.104655,9.90e-05
486,4,0.042676,0.000000,0.042676,9.90e-05
487,4,0.043697,0.000000,0.043697,9.90e-05
488,4,0.062352,0.000000,0.062352,9.90e-05
489,4,0.094456,0.000000,0.094456,9.90e-05
490,4,0.021136,0.000000,0.021136,9.90e-05
491,4,0.036372,0.000000,0.036372,9.90e-05
492,4,0.067930,0.000000,0.067930,9.90e-05
493,4,0.027447,0.000000,0.027447,9.90e-05
494,4,0.063111,0.000000,0.063111,9.90e-05
495,4,0.065512,0.000000,0.065512,9.90e-05
496,4,0.009339,0.000000,0.009339,9.90e-05
497,4,0.058176,0.000000,0.058176,9.90e-05
498,4,0.014580,0.000000,0.014580,9.90e-05
499,4,0.104902,0.000000,0.104902,9.90e-05
500,5,0.060411,0.000000,0.060411,9.90e-05
501,5,0.031749,0.000000,0.031749,9.89e-05
502,5,0.021563,0.000000,0.021563,9.89e-05
503,5,0.032321,0.000000,0.032321,9.89e-05
504,5,0.071442,0.000000,0.071442,9.89e-05
505,5,0.063251,0.000000,0.063251,9.89e-05
506,5,0.010551,0.000000,0.010551,9.89e-05
507,5,0.053940,0.000000,0.053940,9.89e-05
508,5,0.053685,0.000000,0.053685,9.89e-05
509,5,0.039560,0.000000,0.039560,9.89e-05
510,5,0.050067,0.000000,0.050067,9.89e-05
511,5,0.092102,0.000000,0.092102,9.89e-05
512,5,0.006073,0.000000,0.006073,9.89e-05
513,5,0.029327,0.000000,0.029327,9.89e-05
514,5,0.045001,0.000000,0.045001,9.89e-05
515,5,0.019932,0.000000,0.019932,9.89e-05
516,5,0.005139,0.000000,0.005139,9.89e-05
517,5,0.003736,0.000000,0.003736,9.89e-05
518,5,0.037352,0.000000,0.037352,9.89e-05
519,5,0.028597,0.000000,0.028597,9.89e-05
520,5,0.046878,0.000000,0.046878,9.88e-05
521,5,0.015742,0.000000,0.015742,9.88e-05
522,5,0.048344,0.000000,0.048344,9.88e-05
523,5,0.065608,0.000000,0.065608,9.88e-05
524,5,0.025857,0.000000,0.025857,9.88e-05
525,5,0.021280,0.000000,0.021280,9.88e-05
526,5,0.029965,0.000000,0.029965,9.88e-05
527,5,0.047973,0.000000,0.047973,9.88e-05
528,5,0.004216,0.000000,0.004216,9.88e-05
529,5,0.072758,0.000000,0.072758,9.88e-05
530,5,0.052471,0.000000,0.052471,9.88e-05
531,5,0.048928,0.000000,0.048928,9.88e-05
532,5,0.045706,0.000000,0.045706,9.88e-05
533,5,0.028566,0.000000,0.028566,9.88e-05
534,5,0.012380,0.000000,0.012380,9.88e-05
535,5,0.029069,0.000000,0.029069,9.88e-05
536,5,0.054194,0.000000,0.054194,9.88e-05
537,5,0.006866,0.000000,0.006866,9.88e-05
538,5,0.076019,0.000000,0.076019,9.87e-05
539,5,0.010813,0.000000,0.010813,9.87e-05
540,5,0.017038,0.000000,0.017038,9.87e-05
541,5,0.077613,0.000000,0.077613,9.87e-05
542,5,0.033596,0.000000,0.033596,9.87e-05
543,5,0.016886,0.000000,0.016886,9.87e-05
544,5,0.050133,0.000000,0.050133,9.87e-05
545,5,0.022540,0.000000,0.022540,9.87e-05
546,5,0.110009,0.000000,0.110009,9.87e-05
547,5,0.051758,0.000000,0.051758,9.87e-05
548,5,0.051643,0.000000,0.051643,9.87e-05
549,5,0.008727,0.000000,0.008727,9.87e-05
550,5,0.052061,0.000000,0.052061,9.87e-05
551,5,0.087962,0.000000,0.087962,9.87e-05
552,5,0.054741,0.000000,0.054741,9.87e-05
553,5,0.056665,0.000000,0.056665,9.87e-05
554,5,0.077576,0.000000,0.077576,9.87e-05
555,5,0.076626,0.000000,0.076626,9.86e-05
556,5,0.023990,0.000000,0.023990,9.86e-05
557,5,0.028096,0.000000,0.028096,9.86e-05
558,5,0.022895,0.000000,0.022895,9.86e-05
559,5,0.022827,0.000000,0.022827,9.86e-05
560,5,0.021143,0.000000,0.021143,9.86e-05
561,5,0.031531,0.000000,0.031531,9.86e-05
562,5,0.046890,0.000000,0.046890,9.86e-05
563,5,0.072287,0.000000,0.072287,9.86e-05
564,5,0.067509,0.000000,0.067509,9.86e-05
565,5,0.059508,0.000000,0.059508,9.86e-05
566,5,0.023119,0.000000,0.023119,9.86e-05
567,5,0.082061,0.000000,0.082061,9.86e-05
568,5,0.049828,0.000000,0.049828,9.86e-05
569,5,0.036114,0.000000,0.036114,9.86e-05
570,5,0.071578,0.000000,0.071578,9.86e-05
571,5,0.042944,0.000000,0.042944,9.86e-05
572,5,0.038925,0.000000,0.038925,9.85e-05
573,5,0.056851,0.000000,0.056851,9.85e-05
574,5,0.062654,0.000000,0.062654,9.85e-05
575,5,0.056319,0.000000,0.056319,9.85e-05
576,5,0.015739,0.000000,0.015739,9.85e-05
577,5,0.038350,0.000000,0.038350,9.85e-05
578,5,0.025391,0.000000,0.025391,9.85e-05
579,5,0.022940,0.000000,0.022940,9.85e-05
580,5,0.013089,0.000000,0.013089,9.85e-05
581,5,0.105965,0.000000,0.105965,9.85e-05
582,5,0.064142,0.000000,0.064142,9.85e-05
583,5,0.044192,0.000000,0.044192,9.85e-05
584,5,0.051793,0.000000,0.051793,9.85e-05
585,5,0.019567,0.000000,0.019567,9.85e-05
586,5,0.041099,0.000000,0.041099,9.85e-05
587,5,0.058707,0.000000,0.058707,9.85e-05
588,5,0.022821,0.000000,0.022821,9.84e-05
589,5,0.035578,0.000000,0.035578,9.84e-05
590,5,0.007514,0.000000,0.007514,9.84e-05
591,5,0.054300,0.000000,0.054300,9.84e-05
592,5,0.109609,0.000000,0.109609,9.84e-05
593,5,0.020474,0.000000,0.020474,9.84e-05
594,5,0.036745,0.000000,0.036745,9.84e-05
595,5,0.073533,0.000000,0.073533,9.84e-05
596,5,0.032007,0.000000,0.032007,9.84e-05
597,5,0.040440,0.000000,0.040440,9.84e-05
598,5,0.057417,0.000000,0.057417,9.84e-05
599,5,0.039656,0.000000,0.039656,9.84e-05
600,5,0.124329,0.000000,0.124329,9.84e-05
601,5,0.043455,0.000000,0.043455,9.84e-05
602,5,0.066206,0.000000,0.066206,9.84e-05
603,5,0.025744,0.000000,0.025744,9.84e-05
604,5,0.024395,0.000000,0.024395,9.83e-05
605,5,0.046678,0.000000,0.046678,9.83e-05
606,5,0.039563,0.000000,0.039563,9.83e-05
607,5,0.021636,0.000000,0.021636,9.83e-05
608,5,0.063545,0.000000,0.063545,9.83e-05
609,5,0.015161,0.000000,0.015161,9.83e-05
610,5,0.007305,0.000000,0.007305,9.83e-05
611,5,0.038861,0.000000,0.038861,9.83e-05
612,5,0.106205,0.000000,0.106205,9.83e-05
613,5,0.034816,0.000000,0.034816,9.83e-05
614,5,0.051410,0.000000,0.051410,9.83e-05
615,5,0.041051,0.000000,0.041051,9.83e-05
616,5,0.003082,0.000000,0.003082,9.83e-05
617,5,0.013123,0.000000,0.013123,9.83e-05
618,5,0.096579,0.000000,0.096579,9.83e-05
619,5,0.024971,0.000000,0.024971,9.82e-05
620,5,0.069639,0.000000,0.069639,9.82e-05
621,5,0.031666,0.000000,0.031666,9.82e-05
622,5,0.115625,0.000000,0.115625,9.82e-05
623,5,0.025306,0.000000,0.025306,9.82e-05
624,5,0.080772,0.000000,0.080772,9.82e-05
625,6,0.044816,0.000000,0.044816,9.82e-05
626,6,0.044918,0.000000,0.044918,9.82e-05
627,6,0.091531,0.000000,0.091531,9.82e-05
628,6,0.022733,0.000000,0.022733,9.82e-05
629,6,0.027398,0.000000,0.027398,9.82e-05
630,6,0.143008,0.000000,0.143008,9.82e-05
631,6,0.050049,0.000000,0.050049,9.82e-05
632,6,0.147471,0.000000,0.147471,9.82e-05
633,6,0.033937,0.000000,0.033937,9.82e-05
634,6,0.060528,0.000000,0.060528,9.81e-05
635,6,0.019042,0.000000,0.019042,9.81e-05
636,6,0.023087,0.000000,0.023087,9.81e-05
637,6,0.055375,0.000000,0.055375,9.81e-05
638,6,0.039574,0.000000,0.039574,9.81e-05
639,6,0.046065,0.000000,0.046065,9.81e-05
640,6,0.027679,0.000000,0.027679,9.81e-05
641,6,0.045141,0.000000,0.045141,9.81e-05
642,6,0.025735,0.000000,0.025735,9.81e-05
643,6,0.006814,0.000000,0.006814,9.81e-05
644,6,0.041450,0.000000,0.041450,9.81e-05
645,6,0.050704,0.000000,0.050704,9.81e-05
646,6,0.084517,0.000000,0.084517,9.81e-05
647,6,0.081914,0.000000,0.081914,9.81e-05
648,6,0.019224,0.000000,0.019224,9.80e-05
649,6,0.040950,0.000000,0.040950,9.80e-05
650,6,0.051549,0.000000,0.051549,9.80e-05
651,6,0.021800,0.000000,0.021800,9.80e-05
652,6,0.041036,0.000000,0.041036,9.80e-05
653,6,0.047383,0.000000,0.047383,9.80e-05
654,6,0.057453,0.000000,0.057453,9.80e-05
655,6,0.055888,0.000000,0.055888,9.80e-05
656,6,0.057680,0.000000,0.057680,9.80e-05
657,6,0.025256,0.000000,0.025256,9.80e-05
658,6,0.031289,0.000000,0.031289,9.80e-05
659,6,0.020285,0.000000,0.020285,9.80e-05
660,6,0.066022,0.000000,0.066022,9.80e-05
661,6,0.061677,0.000000,0.061677,9.80e-05
662,6,0.060308,0.000000,0.060308,9.79e-05
663,6,0.052925,0.000000,0.052925,9.79e-05
664,6,0.058841,0.000000,0.058841,9.79e-05
665,6,0.002639,0.000000,0.002639,9.79e-05
666,6,0.101296,0.000000,0.101296,9.79e-05
667,6,0.013583,0.000000,0.013583,9.79e-05
668,6,0.070938,0.000000,0.070938,9.79e-05
669,6,0.070151,0.000000,0.070151,9.79e-05
670,6,0.048753,0.000000,0.048753,9.79e-05
671,6,0.104109,0.000000,0.104109,9.79e-05
672,6,0.050064,0.000000,0.050064,9.79e-05
673,6,0.039508,0.000000,0.039508,9.79e-05
674,6,0.038519,0.000000,0.038519,9.79e-05
675,6,0.023584,0.000000,0.023584,9.79e-05
676,6,0.061443,0.000000,0.061443,9.78e-05
677,6,0.072857,0.000000,0.072857,9.78e-05
678,6,0.069955,0.000000,0.069955,9.78e-05
679,6,0.122600,0.000000,0.122600,9.78e-05
680,6,0.063916,0.000000,0.063916,9.78e-05
681,6,0.069196,0.000000,0.069196,9.78e-05
682,6,0.062079,0.000000,0.062079,9.78e-05
683,6,0.071825,0.000000,0.071825,9.78e-05
684,6,0.121313,0.000000,0.121313,9.78e-05
685,6,0.029700,0.000000,0.029700,9.78e-05
686,6,0.058811,0.000000,0.058811,9.78e-05
687,6,0.030122,0.000000,0.030122,9.78e-05
688,6,0.073452,0.000000,0.073452,9.78e-05
689,6,0.040182,0.000000,0.040182,9.77e-05
690,6,0.032709,0.000000,0.032709,9.77e-05
691,6,0.065956,0.000000,0.065956,9.77e-05
692,6,0.019097,0.000000,0.019097,9.77e-05
693,6,0.053187,0.000000,0.053187,9.77e-05
694,6,0.078616,0.000000,0.078616,9.77e-05
695,6,0.032271,0.000000,0.032271,9.77e-05
696,6,0.075455,0.000000,0.075455,9.77e-05
697,6,0.033502,0.000000,0.033502,9.77e-05
698,6,0.002952,0.000000,0.002952,9.77e-05
699,6,0.091559,0.000000,0.091559,9.77e-05
700,6,0.011773,0.000000,0.011773,9.77e-05
701,6,0.050175,0.000000,0.050175,9.77e-05
702,6,0.036719,0.000000,0.036719,9.76e-05
703,6,0.054843,0.000000,0.054843,9.76e-05
704,6,0.032731,0.000000,0.032731,9.76e-05
705,6,0.033212,0.000000,0.033212,9.76e-05
706,6,0.005576,0.000000,0.005576,9.76e-05
707,6,0.056502,0.000000,0.056502,9.76e-05
708,6,0.048792,0.000000,0.048792,9.76e-05
709,6,0.056630,0.000000,0.056630,9.76e-05
710,6,0.026376,0.000000,0.026376,9.76e-05
711,6,0.093859,0.000000,0.093859,9.76e-05
712,6,0.103109,0.000000,0.103109,9.76e-05
713,6,0.034567,0.000000,0.034567,9.76e-05
714,6,0.031152,0.000000,0.031152,9.76e-05
715,6,0.061671,0.000000,0.061671,9.75e-05
716,6,0.035337,0.000000,0.035337,9.75e-05
717,6,0.084582,0.000000,0.084582,9.75e-05
718,6,0.093978,0.000000,0.093978,9.75e-05
719,6,0.037207,0.000000,0.037207,9.75e-05
720,6,0.049090,0.000000,0.049090,9.75e-05
721,6,0.055466,0.000000,0.055466,9.75e-05
722,6,0.061799,0.000000,0.061799,9.75e-05
723,6,0.019399,0.000000,0.019399,9.75e-05
724,6,0.042071,0.000000,0.042071,9.75e-05
725,6,0.042127,0.000000,0.042127,9.75e-05
726,6,0.023096,0.000000,0.023096,9.75e-05
727,6,0.032744,0.000000,0.032744,9.74e-05
728,6,0.052141,0.000000,0.052141,9.74e-05
729,6,0.078672,0.000000,0.078672,9.74e-05
730,6,0.040883,0.000000,0.040883,9.74e-05
731,6,0.090293,0.000000,0.090293,9.74e-05
732,6,0.056027,0.000000,0.056027,9.74e-05
733,6,0.039467,0.000000,0.039467,9.74e-05
734,6,0.066418,0.000000,0.066418,9.74e-05
735,6,0.013049,0.000000,0.013049,9.74e-05
736,6,0.037486,0.000000,0.037486,9.74e-05
737,6,0.021258,0.000000,0.021258,9.74e-05
738,6,0.073550,0.000000,0.073550,9.74e-05
739,6,0.005215,0.000000,0.005215,9.74e-05
740,6,0.036345,0.000000,0.036345,9.73e-05
741,6,0.019269,0.000000,0.019269,9.73e-05
742,6,0.037050,0.000000,0.037050,9.73e-05
743,6,0.013799,0.000000,0.013799,9.73e-05
744,6,0.057662,0.000000,0.057662,9.73e-05
745,6,0.028160,0.000000,0.028160,9.73e-05
746,6,0.042427,0.000000,0.042427,9.73e-05
747,6,0.068397,0.000000,0.068397,9.73e-05
748,6,0.029490,0.000000,0.029490,9.73e-05
749,6,0.021327,0.000000,0.021327,9.73e-05
750,7,0.069247,0.000000,0.069247,9.73e-05
751,7,0.105261,0.000000,0.105261,9.73e-05
752,7,0.025857,0.000000,0.025857,9.72e-05
753,7,0.062550,0.000000,0.062550,9.72e-05
754,7,0.025672,0.000000,0.025672,9.72e-05
755,7,0.078717,0.000000,0.078717,9.72e-05
756,7,0.059594,0.000000,0.059594,9.72e-05
757,7,0.064846,0.000000,0.064846,9.72e-05
758,7,0.007819,0.000000,0.007819,9.72e-05
759,7,0.011444,0.000000,0.011444,9.72e-05
760,7,0.016929,0.000000,0.016929,9.72e-05
761,7,0.021946,0.000000,0.021946,9.72e-05
762,7,0.088342,0.000000,0.088342,9.72e-05
763,7,0.067833,0.000000,0.067833,9.72e-05
764,7,0.141223,0.000000,0.141223,9.71e-05
765,7,0.015502,0.000000,0.015502,9.71e-05
766,7,0.041582,0.000000,0.041582,9.71e-05
767,7,0.064688,0.000000,0.064688,9.71e-05
768,7,0.047132,0.000000,0.047132,9.71e-05
769,7,0.059366,0.000000,0.059366,9.71e-05
770,7,0.054729,0.000000,0.054729,9.71e-05
771,7,0.059148,0.000000,0.059148,9.71e-05
772,7,0.026386,0.000000,0.026386,9.71e-05
773,7,0.010038,0.000000,0.010038,9.71e-05
774,7,0.044094,0.000000,0.044094,9.71e-05
775,7,0.026918,0.000000,0.026918,9.70e-05
776,7,0.055667,0.000000,0.055667,9.70e-05
777,7,0.048102,0.000000,0.048102,9.70e-05
778,7,0.077619,0.000000,0.077619,9.70e-05
779,7,0.017210,0.000000,0.017210,9.70e-05
780,7,0.054317,0.000000,0.054317,9.70e-05
781,7,0.058706,0.000000,0.058706,9.70e-05
782,7,0.103550,0.000000,0.103550,9.70e-05
783,7,0.031036,0.000000,0.031036,9.70e-05
784,7,0.037465,0.000000,0.037465,9.70e-05
785,7,0.027837,0.000000,0.027837,9.70e-05
786,7,0.033496,0.000000,0.033496,9.70e-05
787,7,0.025770,0.000000,0.025770,9.69e-05
788,7,0.047881,0.000000,0.047881,9.69e-05
789,7,0.088731,0.000000,0.088731,9.69e-05
790,7,0.058390,0.000000,0.058390,9.69e-05
791,7,0.079499,0.000000,0.079499,9.69e-05
792,7,0.070355,0.000000,0.070355,9.69e-05
793,7,0.005273,0.000000,0.005273,9.69e-05
794,7,0.021614,0.000000,0.021614,9.69e-05
795,7,0.046568,0.000000,0.046568,9.69e-05
796,7,0.059185,0.000000,0.059185,9.69e-05
797,7,0.048832,0.000000,0.048832,9.69e-05
798,7,0.086971,0.000000,0.086971,9.68e-05
799,7,0.029030,0.000000,0.029030,9.68e-05
800,7,0.008271,0.000000,0.008271,9.68e-05
801,7,0.014597,0.000000,0.014597,9.68e-05
802,7,0.010390,0.000000,0.010390,9.68e-05
803,7,0.038762,0.000000,0.038762,9.68e-05
804,7,0.099641,0.000000,0.099641,9.68e-05
805,7,0.086353,0.000000,0.086353,9.68e-05
806,7,0.072182,0.000000,0.072182,9.68e-05
807,7,0.024059,0.000000,0.024059,9.68e-05
808,7,0.032932,0.000000,0.032932,9.68e-05
809,7,0.026860,0.000000,0.026860,9.67e-05
810,7,0.012131,0.000000,0.012131,9.67e-05
811,7,0.013175,0.000000,0.013175,9.67e-05
812,7,0.025056,0.000000,0.025056,9.67e-05
813,7,0.046824,0.000000,0.046824,9.67e-05
814,7,0.042538,0.000000,0.042538,9.67e-05
815,7,0.019431,0.000000,0.019431,9.67e-05
816,7,0.031340,0.000000,0.031340,9.67e-05
817,7,0.104708,0.000000,0.104708,9.67e-05
818,7,0.036690,0.000000,0.036690,9.67e-05
819,7,0.077426,0.000000,0.077426,9.67e-05
820,7,0.066982,0.000000,0.066982,9.66e-05
821,7,0.090957,0.000000,0.090957,9.66e-05
822,7,0.041155,0.000000,0.041155,9.66e-05
823,7,0.025951,0.000000,0.025951,9.66e-05
824,7,0.002669,0.000000,0.002669,9.66e-05
825,7,0.031544,0.000000,0.031544,9.66e-05
826,7,0.049890,0.000000,0.049890,9.66e-05
827,7,0.010872,0.000000,0.010872,9.66e-05
828,7,0.042835,0.000000,0.042835,9.66e-05
829,7,0.037687,0.000000,0.037687,9.66e-05
830,7,0.018718,0.000000,0.018718,9.66e-05
831,7,0.046986,0.000000,0.046986,9.65e-05
832,7,0.006858,0.000000,0.006858,9.65e-05
833,7,0.059448,0.000000,0.059448,9.65e-05
834,7,0.011336,0.000000,0.011336,9.65e-05
835,7,0.015622,0.000000,0.015622,9.65e-05
836,7,0.103987,0.000000,0.103987,9.65e-05
837,7,0.022950,0.000000,0.022950,9.65e-05
838,7,0.055030,0.000000,0.055030,9.65e-05
839,7,0.059152,0.000000,0.059152,9.65e-05
840,7,0.059872,0.000000,0.059872,9.65e-05
841,7,0.114966,0.000000,0.114966,9.65e-05
842,7,0.105200,0.000000,0.105200,9.64e-05
843,7,0.069581,0.000000,0.069581,9.64e-05
844,7,0.071442,0.000000,0.071442,9.64e-05
845,7,0.030326,0.000000,0.030326,9.64e-05
846,7,0.010152,0.000000,0.010152,9.64e-05
847,7,0.026369,0.000000,0.026369,9.64e-05
848,7,0.067319,0.000000,0.067319,9.64e-05
849,7,0.025604,0.000000,0.025604,9.64e-05
850,7,0.038131,0.000000,0.038131,9.64e-05
851,7,0.057920,0.000000,0.057920,9.64e-05
852,7,0.085876,0.000000,0.085876,9.63e-05
853,7,0.066235,0.000000,0.066235,9.63e-05
854,7,0.029859,0.000000,0.029859,9.63e-05
855,7,0.043105,0.000000,0.043105,9.63e-05
856,7,0.014789,0.000000,0.014789,9.63e-05
857,7,0.047074,0.000000,0.047074,9.63e-05
858,7,0.060052,0.000000,0.060052,9.63e-05
859,7,0.077189,0.000000,0.077189,9.63e-05
860,7,0.062195,0.000000,0.062195,9.63e-05
861,7,0.045346,0.000000,0.045346,9.63e-05
862,7,0.040421,0.000000,0.040421,9.62e-05
863,7,0.022358,0.000000,0.022358,9.62e-05
864,7,0.051093,0.000000,0.051093,9.62e-05
865,7,0.002494,0.000000,0.002494,9.62e-05
866,7,0.007917,0.000000,0.007917,9.62e-05
867,7,0.031820,0.000000,0.031820,9.62e-05
868,7,0.062343,0.000000,0.062343,9.62e-05
869,7,0.104441,0.000000,0.104441,9.62e-05
870,7,0.053626,0.000000,0.053626,9.62e-05
871,7,0.054140,0.000000,0.054140,9.62e-05
872,7,0.057139,0.000000,0.057139,9.62e-05
873,7,0.012414,0.000000,0.012414,9.61e-05
874,7,0.034287,0.000000,0.034287,9.61e-05
875,8,0.009871,0.000000,0.009871,9.61e-05
876,8,0.070158,0.000000,0.070158,9.61e-05
877,8,0.032044,0.000000,0.032044,9.61e-05
878,8,0.042069,0.000000,0.042069,9.61e-05
879,8,0.084152,0.000000,0.084152,9.61e-05
880,8,0.016003,0.000000,0.016003,9.61e-05
881,8,0.038592,0.000000,0.038592,9.61e-05
882,8,0.005657,0.000000,0.005657,9.61e-05
883,8,0.041475,0.000000,0.041475,9.60e-05
884,8,0.012457,0.000000,0.012457,9.60e-05
885,8,0.043571,0.000000,0.043571,9.60e-05
886,8,0.006192,0.000000,0.006192,9.60e-05
887,8,0.008407,0.000000,0.008407,9.60e-05
888,8,0.037011,0.000000,0.037011,9.60e-05
889,8,0.066245,0.000000,0.066245,9.60e-05
890,8,0.021628,0.000000,0.021628,9.60e-05
891,8,0.060865,0.000000,0.060865,9.60e-05
892,8,0.016424,0.000000,0.016424,9.60e-05
893,8,0.006739,0.000000,0.006739,9.59e-05
894,8,0.058270,0.000000,0.058270,9.59e-05
895,8,0.047540,0.000000,0.047540,9.59e-05
896,8,0.076826,0.000000,0.076826,9.59e-05
897,8,0.045419,0.000000,0.045419,9.59e-05
898,8,0.017858,0.000000,0.017858,9.59e-05
899,8,0.043244,0.000000,0.043244,9.59e-05
900,8,0.018945,0.000000,0.018945,9.59e-05
901,8,0.068245,0.000000,0.068245,9.59e-05
902,8,0.066448,0.000000,0.066448,9.59e-05
903,8,0.040557,0.000000,0.040557,9.58e-05
904,8,0.077274,0.000000,0.077274,9.58e-05
905,8,0.084929,0.000000,0.084929,9.58e-05
906,8,0.031575,0.000000,0.031575,9.58e-05
907,8,0.016122,0.000000,0.016122,9.58e-05
908,8,0.032122,0.000000,0.032122,9.58e-05
909,8,0.009248,0.000000,0.009248,9.58e-05
910,8,0.065530,0.000000,0.065530,9.58e-05
911,8,0.032411,0.000000,0.032411,9.58e-05
912,8,0.048731,0.000000,0.048731,9.57e-05
913,8,0.013959,0.000000,0.013959,9.57e-05
914,8,0.033637,0.000000,0.033637,9.57e-05
915,8,0.036843,0.000000,0.036843,9.57e-05
916,8,0.038528,0.000000,0.038528,9.57e-05
917,8,0.059659,0.000000,0.059659,9.57e-05
918,8,0.071681,0.000000,0.071681,9.57e-05
919,8,0.040921,0.000000,0.040921,9.57e-05
920,8,0.034643,0.000000,0.034643,9.57e-05
921,8,0.027890,0.000000,0.027890,9.57e-05
922,8,0.058760,0.000000,0.058760,9.56e-05
923,8,0.046087,0.000000,0.046087,9.56e-05
924,8,0.061456,0.000000,0.061456,9.56e-05
925,8,0.045139,0.000000,0.045139,9.56e-05
926,8,0.035075,0.000000,0.035075,9.56e-05
927,8,0.030851,0.000000,0.030851,9.56e-05
928,8,0.028288,0.000000,0.028288,9.56e-05
929,8,0.051756,0.000000,0.051756,9.56e-05
930,8,0.023136,0.000000,0.023136,9.56e-05
931,8,0.075669,0.000000,0.075669,9.56e-05
932,8,0.047311,0.000000,0.047311,9.55e-05
933,8,0.016044,0.000000,0.016044,9.55e-05
934,8,0.070903,0.000000,0.070903,9.55e-05
935,8,0.047142,0.000000,0.047142,9.55e-05
936,8,0.112200,0.000000,0.112200,9.55e-05
937,8,0.025780,0.000000,0.025780,9.55e-05
938,8,0.022479,0.000000,0.022479,9.55e-05
939,8,0.048114,0.000000,0.048114,9.55e-05
940,8,0.004730,0.000000,0.004730,9.55e-05
941,8,0.056679,0.000000,0.056679,9.54e-05
942,8,0.076166,0.000000,0.076166,9.54e-05
943,8,0.002229,0.000000,0.002229,9.54e-05
944,8,0.004850,0.000000,0.004850,9.54e-05
945,8,0.039608,0.000000,0.039608,9.54e-05
946,8,0.029576,0.000000,0.029576,9.54e-05
947,8,0.057623,0.000000,0.057623,9.54e-05
948,8,0.010360,0.000000,0.010360,9.54e-05
949,8,0.039926,0.000000,0.039926,9.54e-05
950,8,0.010102,0.000000,0.010102,9.53e-05
951,8,0.020242,0.000000,0.020242,9.53e-05
952,8,0.054986,0.000000,0.054986,9.53e-05
953,8,0.061262,0.000000,0.061262,9.53e-05
954,8,0.056521,0.000000,0.056521,9.53e-05
955,8,0.092457,0.000000,0.092457,9.53e-05
956,8,0.038844,0.000000,0.038844,9.53e-05
957,8,0.047793,0.000000,0.047793,9.53e-05
958,8,0.030431,0.000000,0.030431,9.53e-05
959,8,0.016547,0.000000,0.016547,9.53e-05
960,8,0.098957,0.000000,0.098957,9.52e-05
961,8,0.036921,0.000000,0.036921,9.52e-05
962,8,0.119039,0.000000,0.119039,9.52e-05
963,8,0.100226,0.000000,0.100226,9.52e-05
964,8,0.028384,0.000000,0.028384,9.52e-05
965,8,0.030370,0.000000,0.030370,9.52e-05
966,8,0.052794,0.000000,0.052794,9.52e-05
967,8,0.059383,0.000000,0.059383,9.52e-05
968,8,0.071113,0.000000,0.071113,9.52e-05
969,8,0.108023,0.000000,0.108023,9.51e-05
970,8,0.092429,0.000000,0.092429,9.51e-05
971,8,0.031442,0.000000,0.031442,9.51e-05
972,8,0.032558,0.000000,0.032558,9.51e-05
973,8,0.034512,0.000000,0.034512,9.51e-05
974,8,0.056241,0.000000,0.056241,9.51e-05
975,8,0.034492,0.000000,0.034492,9.51e-05
976,8,0.130476,0.000000,0.130476,9.51e-05
977,8,0.024500,0.000000,0.024500,9.51e-05
978,8,0.068323,0.000000,0.068323,9.50e-05
979,8,0.008201,0.000000,0.008201,9.50e-05
980,8,0.019696,0.000000,0.019696,9.50e-05
981,8,0.103093,0.000000,0.103093,9.50e-05
982,8,0.023846,0.000000,0.023846,9.50e-05
983,8,0.071628,0.000000,0.071628,9.50e-05
984,8,0.063315,0.000000,0.063315,9.50e-05
985,8,0.037295,0.000000,0.037295,9.50e-05
986,8,0.014976,0.000000,0.014976,9.50e-05
987,8,0.006513,0.000000,0.006513,9.49e-05
988,8,0.017985,0.000000,0.017985,9.49e-05
989,8,0.042150,0.000000,0.042150,9.49e-05
990,8,0.049440,0.000000,0.049440,9.49e-05
991,8,0.030270,0.000000,0.030270,9.49e-05
992,8,0.045041,0.000000,0.045041,9.49e-05
993,8,0.033286,0.000000,0.033286,9.49e-05
994,8,0.095206,0.000000,0.095206,9.49e-05
995,8,0.048069,0.000000,0.048069,9.49e-05
996,8,0.071686,0.000000,0.071686,9.48e-05
997,8,0.048056,0.000000,0.048056,9.48e-05
998,8,0.071307,0.000000,0.071307,9.48e-05
999,8,0.034076,0.000000,0.034076,9.48e-05
1000,9,0.037042,0.000000,0.037042,9.48e-05
1001,9,0.093282,0.000000,0.093282,9.48e-05
1002,9,0.046081,0.000000,0.046081,9.48e-05
1003,9,0.029300,0.000000,0.029300,9.48e-05
1004,9,0.071854,0.000000,0.071854,9.48e-05
1005,9,0.060200,0.000000,0.060200,9.47e-05
1006,9,0.130911,0.000000,0.130911,9.47e-05
1007,9,0.054079,0.000000,0.054079,9.47e-05
1008,9,0.017699,0.000000,0.017699,9.47e-05
1009,9,0.079548,0.000000,0.079548,9.47e-05
1010,9,0.028650,0.000000,0.028650,9.47e-05
1011,9,0.094225,0.000000,0.094225,9.47e-05
1012,9,0.024658,0.000000,0.024658,9.47e-05
1013,9,0.007418,0.000000,0.007418,9.46e-05
1014,9,0.140387,0.000000,0.140387,9.46e-05
1015,9,0.030085,0.000000,0.030085,9.46e-05
1016,9,0.051138,0.000000,0.051138,9.46e-05
1017,9,0.039553,0.000000,0.039553,9.46e-05
1018,9,0.035714,0.000000,0.035714,9.46e-05
1019,9,0.051382,0.000000,0.051382,9.46e-05
1020,9,0.030723,0.000000,0.030723,9.46e-05
1021,9,0.130317,0.000000,0.130317,9.46e-05
1022,9,0.054575,0.000000,0.054575,9.45e-05
1023,9,0.092216,0.000000,0.092216,9.45e-05
1024,9,0.047715,0.000000,0.047715,9.45e-05
1025,9,0.072030,0.000000,0.072030,9.45e-05
1026,9,0.034801,0.000000,0.034801,9.45e-05
1027,9,0.053371,0.000000,0.053371,9.45e-05
1028,9,0.048972,0.000000,0.048972,9.45e-05
1029,9,0.020348,0.000000,0.020348,9.45e-05
1030,9,0.026668,0.000000,0.026668,9.45e-05
1031,9,0.056209,0.000000,0.056209,9.44e-05
1032,9,0.023072,0.000000,0.023072,9.44e-05
1033,9,0.025638,0.000000,0.025638,9.44e-05
1034,9,0.029403,0.000000,0.029403,9.44e-05
1035,9,0.044123,0.000000,0.044123,9.44e-05
1036,9,0.018606,0.000000,0.018606,9.44e-05
1037,9,0.051445,0.000000,0.051445,9.44e-05
1038,9,0.027964,0.000000,0.027964,9.44e-05
1039,9,0.027289,0.000000,0.027289,9.43e-05
1040,9,0.036107,0.000000,0.036107,9.43e-05
1041,9,0.021051,0.000000,0.021051,9.43e-05
1042,9,0.016396,0.000000,0.016396,9.43e-05
1043,9,0.070559,0.000000,0.070559,9.43e-05
1044,9,0.056439,0.000000,0.056439,9.43e-05
1045,9,0.064253,0.000000,0.064253,9.43e-05
1046,9,0.098489,0.000000,0.098489,9.43e-05
1047,9,0.158729,0.000000,0.158729,9.43e-05
1048,9,0.053109,0.000000,0.053109,9.42e-05
1049,9,0.025735,0.000000,0.025735,9.42e-05
1050,9,0.087585,0.000000,0.087585,9.42e-05
1051,9,0.099804,0.000000,0.099804,9.42e-05
1052,9,0.027834,0.000000,0.027834,9.42e-05
1053,9,0.048511,0.000000,0.048511,9.42e-05
1054,9,0.072695,0.000000,0.072695,9.42e-05
1055,9,0.077339,0.000000,0.077339,9.42e-05
1056,9,0.055825,0.000000,0.055825,9.41e-05
1057,9,0.021395,0.000000,0.021395,9.41e-05
1058,9,0.028028,0.000000,0.028028,9.41e-05
1059,9,0.036430,0.000000,0.036430,9.41e-05
1060,9,0.039971,0.000000,0.039971,9.41e-05
1061,9,0.021652,0.000000,0.021652,9.41e-05
1062,9,0.027946,0.000000,0.027946,9.41e-05
1063,9,0.014631,0.000000,0.014631,9.41e-05
1064,9,0.005612,0.000000,0.005612,9.40e-05
1065,9,0.021243,0.000000,0.021243,9.40e-05
1066,9,0.021495,0.000000,0.021495,9.40e-05
1067,9,0.050526,0.000000,0.050526,9.40e-05
1068,9,0.055417,0.000000,0.055417,9.40e-05
1069,9,0.019583,0.000000,0.019583,9.40e-05
1070,9,0.045386,0.000000,0.045386,9.40e-05
1071,9,0.053548,0.000000,0.053548,9.40e-05
1072,9,0.049112,0.000000,0.049112,9.39e-05
1073,9,0.003465,0.000000,0.003465,9.39e-05
1074,9,0.100463,0.000000,0.100463,9.39e-05
1075,9,0.045655,0.000000,0.045655,9.39e-05
1076,9,0.063543,0.000000,0.063543,9.39e-05
1077,9,0.033641,0.000000,0.033641,9.39e-05
1078,9,0.043158,0.000000,0.043158,9.39e-05
1079,9,0.039839,0.000000,0.039839,9.39e-05
1080,9,0.048230,0.000000,0.048230,9.39e-05
1081,9,0.067945,0.000000,0.067945,9.38e-05
1082,9,0.035582,0.000000,0.035582,9.38e-05
1083,9,0.037924,0.000000,0.037924,9.38e-05
1084,9,0.056180,0.000000,0.056180,9.38e-05
1085,9,0.034192,0.000000,0.034192,9.38e-05
1086,9,0.032583,0.000000,0.032583,9.38e-05
1087,9,0.040934,0.000000,0.040934,9.38e-05
1088,9,0.107621,0.000000,0.107621,9.38e-05
1089,9,0.027527,0.000000,0.027527,9.37e-05
1090,9,0.050894,0.000000,0.050894,9.37e-05
1091,9,0.060504,0.000000,0.060504,9.37e-05
1092,9,0.042370,0.000000,0.042370,9.37e-05
1093,9,0.061127,0.000000,0.061127,9.37e-05
1094,9,0.070093,0.000000,0.070093,9.37e-05
1095,9,0.041887,0.000000,0.041887,9.37e-05
1096,9,0.029103,0.000000,0.029103,9.37e-05
1097,9,0.103705,0.000000,0.103705,9.36e-05
1098,9,0.050253,0.000000,0.050253,9.36e-05
1099,9,0.080195,0.000000,0.080195,9.36e-05
1100,9,0.035939,0.000000,0.035939,9.36e-05
1101,9,0.039586,0.000000,0.039586,9.36e-05
1102,9,0.045162,0.000000,0.045162,9.36e-05
1103,9,0.051563,0.000000,0.051563,9.36e-05
1104,9,0.019561,0.000000,0.019561,9.36e-05
1105,9,0.041524,0.000000,0.041524,9.35e-05
1106,9,0.078960,0.000000,0.078960,9.35e-05
1107,9,0.003810,0.000000,0.003810,9.35e-05
1108,9,0.075894,0.000000,0.075894,9.35e-05
1109,9,0.028892,0.000000,0.028892,9.35e-05
1110,9,0.058845,0.000000,0.058845,9.35e-05
1111,9,0.004108,0.000000,0.004108,9.35e-05
1112,9,0.006453,0.000000,0.006453,9.35e-05
1113,9,0.127965,0.000000,0.127965,9.34e-05
1114,9,0.033311,0.000000,0.033311,9.34e-05
1115,9,0.046155,0.000000,0.046155,9.34e-05
1116,9,0.042284,0.000000,0.042284,9.34e-05
1117,9,0.071716,0.000000,0.071716,9.34e-05
1118,9,0.049185,0.000000,0.049185,9.34e-05
1119,9,0.091696,0.000000,0.091696,9.34e-05
1120,9,0.097082,0.000000,0.097082,9.34e-05
1121,9,0.021906,0.000000,0.021906,9.33e-05
1122,9,0.059079,0.000000,0.059079,9.33e-05
1123,9,0.060905,0.000000,0.060905,9.33e-05
1124,9,0.081919,0.000000,0.081919,9.33e-05
1125,10,0.004526,0.000000,0.004526,9.33e-05
1126,10,0.092038,0.000000,0.092038,9.33e-05
1127,10,0.050579,0.000000,0.050579,9.33e-05
1128,10,0.049843,0.000000,0.049843,9.33e-05
1129,10,0.012615,0.000000,0.012615,9.32e-05
1130,10,0.003550,0.000000,0.003550,9.32e-05
1131,10,0.069681,0.000000,0.069681,9.32e-05
1132,10,0.023679,0.000000,0.023679,9.32e-05
1133,10,0.043379,0.000000,0.043379,9.32e-05
1134,10,0.112577,0.000000,0.112577,9.32e-05
1135,10,0.031456,0.000000,0.031456,9.32e-05
1136,10,0.048170,0.000000,0.048170,9.31e-05
1137,10,0.050899,0.000000,0.050899,9.31e-05
1138,10,0.017356,0.000000,0.017356,9.31e-05
1139,10,0.065020,0.000000,0.065020,9.31e-05
1140,10,0.020395,0.000000,0.020395,9.31e-05
1141,10,0.097469,0.000000,0.097469,9.31e-05
1142,10,0.026235,0.000000,0.026235,9.31e-05
1143,10,0.079271,0.000000,0.079271,9.31e-05
1144,10,0.025624,0.000000,0.025624,9.30e-05
1145,10,0.062863,0.000000,0.062863,9.30e-05
1146,10,0.002150,0.000000,0.002150,9.30e-05
1147,10,0.042228,0.000000,0.042228,9.30e-05
1148,10,0.021145,0.000000,0.021145,9.30e-05
1149,10,0.095267,0.000000,0.095267,9.30e-05
1150,10,0.007380,0.000000,0.007380,9.30e-05
1151,10,0.117065,0.000000,0.117065,9.30e-05
1152,10,0.034556,0.000000,0.034556,9.29e-05
1153,10,0.012789,0.000000,0.012789,9.29e-05
1154,10,0.044935,0.000000,0.044935,9.29e-05
1155,10,0.034046,0.000000,0.034046,9.29e-05
1156,10,0.034651,0.000000,0.034651,9.29e-05
1157,10,0.065611,0.000000,0.065611,9.29e-05
1158,10,0.054321,0.000000,0.054321,9.29e-05
1159,10,0.035160,0.000000,0.035160,9.28e-05
1160,10,0.075779,0.000000,0.075779,9.28e-05
1161,10,0.069537,0.000000,0.069537,9.28e-05
1162,10,0.009208,0.000000,0.009208,9.28e-05
1163,10,0.061172,0.000000,0.061172,9.28e-05
1164,10,0.063890,0.000000,0.063890,9.28e-05
1165,10,0.050915,0.000000,0.050915,9.28e-05
1166,10,0.038631,0.000000,0.038631,9.28e-05
1167,10,0.046531,0.000000,0.046531,9.27e-05
1168,10,0.038106,0.000000,0.038106,9.27e-05
1169,10,0.040531,0.000000,0.040531,9.27e-05
1170,10,0.017922,0.000000,0.017922,9.27e-05
1171,10,0.004063,0.000000,0.004063,9.27e-05
1172,10,0.163617,0.000000,0.163617,9.27e-05
1173,10,0.088320,0.000000,0.088320,9.27e-05
1174,10,0.033243,0.000000,0.033243,9.26e-05
1175,10,0.100291,0.000000,0.100291,9.26e-05
1176,10,0.062719,0.000000,0.062719,9.26e-05
1177,10,0.094593,0.000000,0.094593,9.26e-05
1178,10,0.015447,0.000000,0.015447,9.26e-05
1179,10,0.069124,0.000000,0.069124,9.26e-05
1180,10,0.064726,0.000000,0.064726,9.26e-05
1181,10,0.019449,0.000000,0.019449,9.26e-05
1182,10,0.049858,0.000000,0.049858,9.25e-05
1183,10,0.070107,0.000000,0.070107,9.25e-05
1184,10,0.044609,0.000000,0.044609,9.25e-05
1185,10,0.044225,0.000000,0.044225,9.25e-05
1186,10,0.006588,0.000000,0.006588,9.25e-05
1187,10,0.085508,0.000000,0.085508,9.25e-05
1188,10,0.059287,0.000000,0.059287,9.25e-05
1189,10,0.036147,0.000000,0.036147,9.24e-05
1190,10,0.053805,0.000000,0.053805,9.24e-05
1191,10,0.022113,0.000000,0.022113,9.24e-05
1192,10,0.036247,0.000000,0.036247,9.24e-05
1193,10,0.038047,0.000000,0.038047,9.24e-05
1194,10,0.039205,0.000000,0.039205,9.24e-05
1195,10,0.042637,0.000000,0.042637,9.24e-05
1196,10,0.064307,0.000000,0.064307,9.24e-05
1197,10,0.071726,0.000000,0.071726,9.23e-05
1198,10,0.042382,0.000000,0.042382,9.23e-05
1199,10,0.018491,0.000000,0.018491,9.23e-05
1200,10,0.088690,0.000000,0.088690,9.23e-05
1201,10,0.059215,0.000000,0.059215,9.23e-05
1202,10,0.021031,0.000000,0.021031,9.23e-05
1203,10,0.036655,0.000000,0.036655,9.23e-05
1204,10,0.064083,0.000000,0.064083,9.22e-05
1205,10,0.026804,0.000000,0.026804,9.22e-05
1206,10,0.018922,0.000000,0.018922,9.22e-05
1207,10,0.100316,0.000000,0.100316,9.22e-05
1208,10,0.016836,0.000000,0.016836,9.22e-05
1209,10,0.035229,0.000000,0.035229,9.22e-05
1210,10,0.203504,0.000000,0.203504,9.22e-05
1211,10,0.055440,0.000000,0.055440,9.21e-05
1212,10,0.059508,0.000000,0.059508,9.21e-05
1213,10,0.074321,0.000000,0.074321,9.21e-05
1214,10,0.125363,0.000000,0.125363,9.21e-05
1215,10,0.080136,0.000000,0.080136,9.21e-05
1216,10,0.034079,0.000000,0.034079,9.21e-05
1217,10,0.040002,0.000000,0.040002,9.21e-05
1218,10,0.118133,0.000000,0.118133,9.21e-05
1219,10,0.048142,0.000000,0.048142,9.20e-05
1220,10,0.127158,0.000000,0.127158,9.20e-05
1221,10,0.068448,0.000000,0.068448,9.20e-05
1222,10,0.023678,0.000000,0.023678,9.20e-05
1223,10,0.041109,0.000000,0.041109,9.20e-05
1224,10,0.061719,0.000000,0.061719,9.20e-05
1225,10,0.103513,0.000000,0.103513,9.20e-05
1226,10,0.065191,0.000000,0.065191,9.19e-05
1227,10,0.032002,0.000000,0.032002,9.19e-05
1228,10,0.027882,0.000000,0.027882,9.19e-05
1229,10,0.034960,0.000000,0.034960,9.19e-05
1230,10,0.039229,0.000000,0.039229,9.19e-05
1231,10,0.040876,0.000000,0.040876,9.19e-05
1232,10,0.004422,0.000000,0.004422,9.19e-05
1233,10,0.043702,0.000000,0.043702,9.18e-05
1234,10,0.050176,0.000000,0.050176,9.18e-05
1235,10,0.060054,0.000000,0.060054,9.18e-05
1236,10,0.121085,0.000000,0.121085,9.18e-05
1237,10,0.011276,0.000000,0.011276,9.18e-05
1238,10,0.059288,0.000000,0.059288,9.18e-05
1239,10,0.053592,0.000000,0.053592,9.18e-05
1240,10,0.050077,0.000000,0.050077,9.17e-05
1241,10,0.040296,0.000000,0.040296,9.17e-05
1242,10,0.009684,0.000000,0.009684,9.17e-05
1243,10,0.064533,0.000000,0.064533,9.17e-05
1244,10,0.071686,0.000000,0.071686,9.17e-05
1245,10,0.034836,0.000000,0.034836,9.17e-05
1246,10,0.056082,0.000000,0.056082,9.17e-05
1247,10,0.002761,0.000000,0.002761,9.16e-05
1248,10,0.112252,0.000000,0.112252,9.16e-05
1249,10,0.030613,0.000000,0.030613,9.16e-05
1250,11,0.051871,0.000000,0.051871,9.16e-05
1251,11,0.012401,0.000000,0.012401,9.16e-05
1252,11,0.043944,0.000000,0.043944,9.16e-05
1253,11,0.033113,0.000000,0.033113,9.16e-05
1254,11,0.043310,0.000000,0.043310,9.15e-05
1255,11,0.073465,0.000000,0.073465,9.15e-05
1256,11,0.044846,0.000000,0.044846,9.15e-05
1257,11,0.051656,0.000000,0.051656,9.15e-05
1258,11,0.142193,0.000000,0.142193,9.15e-05
1259,11,0.053795,0.000000,0.053795,9.15e-05
1260,11,0.086109,0.000000,0.086109,9.15e-05
1261,11,0.026180,0.000000,0.026180,9.14e-05
1262,11,0.014711,0.000000,0.014711,9.14e-05
1263,11,0.005176,0.000000,0.005176,9.14e-05
1264,11,0.095565,0.000000,0.095565,9.14e-05
1265,11,0.009640,0.000000,0.009640,9.14e-05
1266,11,0.027537,0.000000,0.027537,9.14e-05
1267,11,0.054308,0.000000,0.054308,9.14e-05
1268,11,0.053035,0.000000,0.053035,9.13e-05
1269,11,0.065437,0.000000,0.065437,9.13e-05
1270,11,0.015005,0.000000,0.015005,9.13e-05
1271,11,0.056607,0.000000,0.056607,9.13e-05
1272,11,0.034873,0.000000,0.034873,9.13e-05
1273,11,0.056125,0.000000,0.056125,9.13e-05
1274,11,0.039731,0.000000,0.039731,9.13e-05
1275,11,0.115090,0.000000,0.115090,9.12e-05
1276,11,0.008007,0.000000,0.008007,9.12e-05
1277,11,0.032445,0.000000,0.032445,9.12e-05
1278,11,0.048102,0.000000,0.048102,9.12e-05
1279,11,0.074393,0.000000,0.074393,9.12e-05
1280,11,0.034496,0.000000,0.034496,9.12e-05
1281,11,0.038265,0.000000,0.038265,9.12e-05
1282,11,0.082525,0.000000,0.082525,9.11e-05
1283,11,0.041385,0.000000,0.041385,9.11e-05
1284,11,0.028715,0.000000,0.028715,9.11e-05
1285,11,0.021283,0.000000,0.021283,9.11e-05
1286,11,0.025410,0.000000,0.025410,9.11e-05
1287,11,0.013676,0.000000,0.013676,9.11e-05
1288,11,0.036100,0.000000,0.036100,9.11e-05
1289,11,0.009504,0.000000,0.009504,9.10e-05
1290,11,0.024909,0.000000,0.024909,9.10e-05
1291,11,0.032879,0.000000,0.032879,9.10e-05
1292,11,0.094528,0.000000,0.094528,9.10e-05
1293,11,0.031534,0.000000,0.031534,9.10e-05
1294,11,0.025025,0.000000,0.025025,9.10e-05
1295,11,0.005967,0.000000,0.005967,9.10e-05
1296,11,0.113574,0.000000,0.113574,9.09e-05
1297,11,0.030008,0.000000,0.030008,9.09e-05
1298,11,0.081696,0.000000,0.081696,9.09e-05
1299,11,0.067761,0.000000,0.067761,9.09e-05
1300,11,0.012240,0.000000,0.012240,9.09e-05
1301,11,0.060598,0.000000,0.060598,9.09e-05
1302,11,0.041259,0.000000,0.041259,9.09e-05
1303,11,0.076970,0.000000,0.076970,9.08e-05
1304,11,0.026103,0.000000,0.026103,9.08e-05
1305,11,0.039395,0.000000,0.039395,9.08e-05
1306,11,0.014332,0.000000,0.014332,9.08e-05
1307,11,0.014164,0.000000,0.014164,9.08e-05
1308,11,0.050275,0.000000,0.050275,9.08e-05
1309,11,0.022893,0.000000,0.022893,9.07e-05
1310,11,0.007050,0.000000,0.007050,9.07e-05
1311,11,0.121905,0.000000,0.121905,9.07e-05
1312,11,0.013701,0.000000,0.013701,9.07e-05
1313,11,0.038874,0.000000,0.038874,9.07e-05
1314,11,0.067802,0.000000,0.067802,9.07e-05
1315,11,0.026316,0.000000,0.026316,9.07e-05
1316,11,0.051893,0.000000,0.051893,9.06e-05
1317,11,0.027898,0.000000,0.027898,9.06e-05
1318,11,0.049045,0.000000,0.049045,9.06e-05
1319,11,0.143084,0.000000,0.143084,9.06e-05
1320,11,0.048090,0.000000,0.048090,9.06e-05
1321,11,0.041158,0.000000,0.041158,9.06e-05
1322,11,0.059597,0.000000,0.059597,9.06e-05
1323,11,0.042738,0.000000,0.042738,9.05e-05
1324,11,0.039505,0.000000,0.039505,9.05e-05
1325,11,0.069812,0.000000,0.069812,9.05e-05
1326,11,0.037071,0.000000,0.037071,9.05e-05
1327,11,0.122123,0.000000,0.122123,9.05e-05
1328,11,0.038372,0.000000,0.038372,9.05e-05
1329,11,0.011851,0.000000,0.011851,9.05e-05
1330,11,0.084174,0.000000,0.084174,9.04e-05
1331,11,0.018774,0.000000,0.018774,9.04e-05
1332,11,0.008549,0.000000,0.008549,9.04e-05
1333,11,0.035597,0.000000,0.035597,9.04e-05
1334,11,0.019133,0.000000,0.019133,9.04e-05
1335,11,0.038159,0.000000,0.038159,9.04e-05
1336,11,0.022320,0.000000,0.022320,9.03e-05
1337,11,0.089130,0.000000,0.089130,9.03e-05
1338,11,0.065089,0.000000,0.065089,9.03e-05
1339,11,0.128061,0.000000,0.128061,9.03e-05
1340,11,0.062179,0.000000,0.062179,9.03e-05
1341,11,0.055396,0.000000,0.055396,9.03e-05
1342,11,0.056154,0.000000,0.056154,9.03e-05
1343,11,0.015837,0.000000,0.015837,9.02e-05
1344,11,0.022828,0.000000,0.022828,9.02e-05
1345,11,0.017533,0.000000,0.017533,9.02e-05
1346,11,0.074388,0.000000,0.074388,9.02e-05
1347,11,0.080141,0.000000,0.080141,9.02e-05
1348,11,0.042647,0.000000,0.042647,9.02e-05
1349,11,0.034762,0.000000,0.034762,9.01e-05
1350,11,0.061895,0.000000,0.061895,9.01e-05
1351,11,0.041633,0.000000,0.041633,9.01e-05
1352,11,0.041682,0.000000,0.041682,9.01e-05
1353,11,0.092002,0.000000,0.092002,9.01e-05
1354,11,0.100646,0.000000,0.100646,9.01e-05
1355,11,0.060349,0.000000,0.060349,9.01e-05
1356,11,0.059696,0.000000,0.059696,9.00e-05
1357,11,0.028363,0.000000,0.028363,9.00e-05
1358,11,0.063774,0.000000,0.063774,9.00e-05
1359,11,0.033942,0.000000,0.033942,9.00e-05
1360,11,0.044544,0.000000,0.044544,9.00e-05
1361,11,0.022273,0.000000,0.022273,9.00e-05
1362,11,0.035443,0.000000,0.035443,8.99e-05
1363,11,0.076847,0.000000,0.076847,8.99e-05
1364,11,0.026771,0.000000,0.026771,8.99e-05
1365,11,0.034044,0.000000,0.034044,8.99e-05
1366,11,0.046469,0.000000,0.046469,8.99e-05
1367,11,0.079375,0.000000,0.079375,8.99e-05
1368,11,0.043228,0.000000,0.043228,8.99e-05
1369,11,0.078094,0.000000,0.078094,8.98e-05
1370,11,0.052798,0.000000,0.052798,8.98e-05
1371,11,0.047398,0.000000,0.047398,8.98e-05
1372,11,0.073726,0.000000,0.073726,8.98e-05
1373,11,0.102590,0.000000,0.102590,8.98e-05
1374,11,0.022976,0.000000,0.022976,8.98e-05
1375,12,0.033619,0.000000,0.033619,8.97e-05
1376,12,0.036818,0.000000,0.036818,8.97e-05
1377,12,0.040486,0.000000,0.040486,8.97e-05
1378,12,0.153124,0.000000,0.153124,8.97e-05
1379,12,0.130502,0.000000,0.130502,8.97e-05
1380,12,0.055977,0.000000,0.055977,8.97e-05
1381,12,0.016565,0.000000,0.016565,8.97e-05
1382,12,0.033722,0.000000,0.033722,8.96e-05
1383,12,0.044119,0.000000,0.044119,8.96e-05
1384,12,0.042283,0.000000,0.042283,8.96e-05
1385,12,0.024778,0.000000,0.024778,8.96e-05
1386,12,0.078544,0.000000,0.078544,8.96e-05
1387,12,0.006673,0.000000,0.006673,8.96e-05
1388,12,0.087674,0.000000,0.087674,8.95e-05
1389,12,0.021133,0.000000,0.021133,8.95e-05
1390,12,0.042887,0.000000,0.042887,8.95e-05
1391,12,0.069047,0.000000,0.069047,8.95e-05
1392,12,0.069837,0.000000,0.069837,8.95e-05
1393,12,0.042350,0.000000,0.042350,8.95e-05
1394,12,0.009412,0.000000,0.009412,8.95e-05
1395,12,0.080686,0.000000,0.080686,8.94e-05
1396,12,0.088754,0.000000,0.088754,8.94e-05
1397,12,0.057028,0.000000,0.057028,8.94e-05
1398,12,0.024873,0.000000,0.024873,8.94e-05
1399,12,0.041631,0.000000,0.041631,8.94e-05
1400,12,0.086337,0.000000,0.086337,8.94e-05
1401,12,0.014651,0.000000,0.014651,8.93e-05
1402,12,0.032978,0.000000,0.032978,8.93e-05
1403,12,0.039150,0.000000,0.039150,8.93e-05
1404,12,0.087275,0.000000,0.087275,8.93e-05
1405,12,0.068331,0.000000,0.068331,8.93e-05
1406,12,0.023436,0.000000,0.023436,8.93e-05
1407,12,0.005435,0.000000,0.005435,8.92e-05
1408,12,0.015469,0.000000,0.015469,8.92e-05
1409,12,0.079943,0.000000,0.079943,8.92e-05
1410,12,0.048286,0.000000,0.048286,8.92e-05
1411,12,0.032441,0.000000,0.032441,8.92e-05
1412,12,0.030203,0.000000,0.030203,8.92e-05
1413,12,0.082118,0.000000,0.082118,8.92e-05
1414,12,0.021319,0.000000,0.021319,8.91e-05
1415,12,0.102200,0.000000,0.102200,8.91e-05
1416,12,0.036270,0.000000,0.036270,8.91e-05
1417,12,0.005143,0.000000,0.005143,8.91e-05
1418,12,0.004909,0.000000,0.004909,8.91e-05
1419,12,0.032912,0.000000,0.032912,8.91e-05
1420,12,0.005159,0.000000,0.005159,8.90e-05
1421,12,0.021343,0.000000,0.021343,8.90e-05
1422,12,0.070811,0.000000,0.070811,8.90e-05
1423,12,0.052003,0.000000,0.052003,8.90e-05
1424,12,0.068746,0.000000,0.068746,8.90e-05
1425,12,0.012311,0.000000,0.012311,8.90e-05
1426,12,0.037180,0.000000,0.037180,8.89e-05
1427,12,0.091049,0.000000,0.091049,8.89e-05
1428,12,0.047132,0.000000,0.047132,8.89e-05
1429,12,0.027084,0.000000,0.027084,8.89e-05
1430,12,0.057751,0.000000,0.057751,8.89e-05
1431,12,0.048240,0.000000,0.048240,8.89e-05
1432,12,0.038745,0.000000,0.038745,8.88e-05
1433,12,0.065083,0.000000,0.065083,8.88e-05
1434,12,0.018351,0.000000,0.018351,8.88e-05
1435,12,0.052732,0.000000,0.052732,8.88e-05
1436,12,0.070414,0.000000,0.070414,8.88e-05
1437,12,0.027829,0.000000,0.027829,8.88e-05
1438,12,0.076296,0.000000,0.076296,8.88e-05
1439,12,0.105610,0.000000,0.105610,8.87e-05
1440,12,0.062564,0.000000,0.062564,8.87e-05
1441,12,0.044603,0.000000,0.044603,8.87e-05
1442,12,0.086819,0.000000,0.086819,8.87e-05
1443,12,0.040263,0.000000,0.040263,8.87e-05
1444,12,0.027602,0.000000,0.027602,8.87e-05
1445,12,0.073572,0.000000,0.073572,8.86e-05
1446,12,0.076530,0.000000,0.076530,8.86e-05
1447,12,0.033722,0.000000,0.033722,8.86e-05
1448,12,0.030876,0.000000,0.030876,8.86e-05
1449,12,0.026854,0.000000,0.026854,8.86e-05
1450,12,0.028061,0.000000,0.028061,8.86e-05
1451,12,0.054453,0.000000,0.054453,8.85e-05
1452,12,0.046644,0.000000,0.046644,8.85e-05
1453,12,0.019282,0.000000,0.019282,8.85e-05
1454,12,0.042085,0.000000,0.042085,8.85e-05
1455,12,0.071063,0.000000,0.071063,8.85e-05
1456,12,0.056573,0.000000,0.056573,8.85e-05
1457,12,0.003049,0.000000,0.003049,8.84e-05
1458,12,0.066169,0.000000,0.066169,8.84e-05
1459,12,0.032406,0.000000,0.032406,8.84e-05
1460,12,0.044552,0.000000,0.044552,8.84e-05
1461,12,0.061632,0.000000,0.061632,8.84e-05
1462,12,0.038512,0.000000,0.038512,8.84e-05
1463,12,0.043120,0.000000,0.043120,8.83e-05
1464,12,0.023321,0.000000,0.023321,8.83e-05
1465,12,0.051668,0.000000,0.051668,8.83e-05
1466,12,0.050314,0.000000,0.050314,8.83e-05
1467,12,0.025924,0.000000,0.025924,8.83e-05
1468,12,0.068809,0.000000,0.068809,8.83e-05
1469,12,0.014962,0.000000,0.014962,8.82e-05
1470,12,0.005736,0.000000,0.005736,8.82e-05
1471,12,0.061642,0.000000,0.061642,8.82e-05
1472,12,0.061483,0.000000,0.061483,8.82e-05
1473,12,0.064199,0.000000,0.064199,8.82e-05
1474,12,0.027378,0.000000,0.027378,8.82e-05
1475,12,0.059656,0.000000,0.059656,8.81e-05
1476,12,0.060824,0.000000,0.060824,8.81e-05
1477,12,0.069985,0.000000,0.069985,8.81e-05
1478,12,0.061429,0.000000,0.061429,8.81e-05
1479,12,0.032233,0.000000,0.032233,8.81e-05
1480,12,0.051101,0.000000,0.051101,8.81e-05
1481,12,0.058840,0.000000,0.058840,8.80e-05
1482,12,0.197382,0.000000,0.197382,8.80e-05
1483,12,0.054011,0.000000,0.054011,8.80e-05
1484,12,0.030831,0.000000,0.030831,8.80e-05
1485,12,0.031123,0.000000,0.031123,8.80e-05
1486,12,0.046710,0.000000,0.046710,8.80e-05
1487,12,0.028176,0.000000,0.028176,8.79e-05
1488,12,0.073651,0.000000,0.073651,8.79e-05
1489,12,0.051163,0.000000,0.051163,8.79e-05
1490,12,0.045746,0.000000,0.045746,8.79e-05
1491,12,0.029832,0.000000,0.029832,8.79e-05
1492,12,0.019565,0.000000,0.019565,8.79e-05
1493,12,0.120614,0.000000,0.120614,8.78e-05
1494,12,0.022620,0.000000,0.022620,8.78e-05
1495,12,0.036113,0.000000,0.036113,8.78e-05
1496,12,0.054940,0.000000,0.054940,8.78e-05
1497,12,0.045158,0.000000,0.045158,8.78e-05
1498,12,0.033390,0.000000,0.033390,8.78e-05
1499,12,0.062075,0.000000,0.062075,8.77e-05
1500,13,0.022080,0.000000,0.022080,8.77e-05
1501,13,0.017369,0.000000,0.017369,8.77e-05
1502,13,0.060911,0.000000,0.060911,8.77e-05
1503,13,0.040813,0.000000,0.040813,8.77e-05
1504,13,0.039149,0.000000,0.039149,8.77e-05
1505,13,0.025050,0.000000,0.025050,8.76e-05
1506,13,0.009246,0.000000,0.009246,8.76e-05
1507,13,0.061981,0.000000,0.061981,8.76e-05
1508,13,0.037629,0.000000,0.037629,8.76e-05
1509,13,0.049347,0.000000,0.049347,8.76e-05
1510,13,0.020191,0.000000,0.020191,8.76e-05
1511,13,0.042357,0.000000,0.042357,8.75e-05
1512,13,0.029429,0.000000,0.029429,8.75e-05
1513,13,0.035480,0.000000,0.035480,8.75e-05
1514,13,0.118780,0.000000,0.118780,8.75e-05
1515,13,0.038525,0.000000,0.038525,8.75e-05
1516,13,0.048274,0.000000,0.048274,8.75e-05
1517,13,0.002027,0.000000,0.002027,8.74e-05
1518,13,0.011326,0.000000,0.011326,8.74e-05
1519,13,0.028486,0.000000,0.028486,8.74e-05
1520,13,0.045983,0.000000,0.045983,8.74e-05
1521,13,0.003842,0.000000,0.003842,8.74e-05
1522,13,0.072220,0.000000,0.072220,8.74e-05
1523,13,0.025368,0.000000,0.025368,8.73e-05
1524,13,0.045606,0.000000,0.045606,8.73e-05
1525,13,0.047593,0.000000,0.047593,8.73e-05
1526,13,0.042680,0.000000,0.042680,8.73e-05
1527,13,0.030680,0.000000,0.030680,8.73e-05
1528,13,0.079386,0.000000,0.079386,8.73e-05
1529,13,0.097567,0.000000,0.097567,8.72e-05
1530,13,0.056717,0.000000,0.056717,8.72e-05
1531,13,0.030379,0.000000,0.030379,8.72e-05
1532,13,0.007796,0.000000,0.007796,8.72e-05
1533,13,0.023985,0.000000,0.023985,8.72e-05
1534,13,0.091898,0.000000,0.091898,8.72e-05
1535,13,0.073593,0.000000,0.073593,8.71e-05
1536,13,0.058893,0.000000,0.058893,8.71e-05
1537,13,0.038444,0.000000,0.038444,8.71e-05
1538,13,0.039807,0.000000,0.039807,8.71e-05
1539,13,0.047977,0.000000,0.047977,8.71e-05
1540,13,0.061474,0.000000,0.061474,8.71e-05
1541,13,0.051154,0.000000,0.051154,8.70e-05
1542,13,0.016362,0.000000,0.016362,8.70e-05
1543,13,0.068670,0.000000,0.068670,8.70e-05
1544,13,0.046139,0.000000,0.046139,8.70e-05
1545,13,0.050067,0.000000,0.050067,8.70e-05
1546,13,0.063604,0.000000,0.063604,8.70e-05
1547,13,0.053445,0.000000,0.053445,8.69e-05
1548,13,0.058374,0.000000,0.058374,8.69e-05
1549,13,0.048461,0.000000,0.048461,8.69e-05
1550,13,0.038985,0.000000,0.038985,8.69e-05
1551,13,0.047565,0.000000,0.047565,8.69e-05
1552,13,0.045677,0.000000,0.045677,8.68e-05
1553,13,0.046942,0.000000,0.046942,8.68e-05
1554,13,0.005984,0.000000,0.005984,8.68e-05
1555,13,0.073835,0.000000,0.073835,8.68e-05
1556,13,0.017039,0.000000,0.017039,8.68e-05
1557,13,0.029132,0.000000,0.029132,8.68e-05
1558,13,0.201829,0.000000,0.201829,8.67e-05
1559,13,0.018945,0.000000,0.018945,8.67e-05
1560,13,0.009156,0.000000,0.009156,8.67e-05
1561,13,0.066867,0.000000,0.066867,8.67e-05
1562,13,0.092276,0.000000,0.092276,8.67e-05
1563,13,0.014540,0.000000,0.014540,8.67e-05
1564,13,0.038593,0.000000,0.038593,8.66e-05
1565,13,0.048859,0.000000,0.048859,8.66e-05
1566,13,0.033093,0.000000,0.033093,8.66e-05
1567,13,0.095493,0.000000,0.095493,8.66e-05
1568,13,0.027804,0.000000,0.027804,8.66e-05
1569,13,0.040846,0.000000,0.040846,8.66e-05
1570,13,0.030551,0.000000,0.030551,8.65e-05
1571,13,0.055818,0.000000,0.055818,8.65e-05
1572,13,0.060679,0.000000,0.060679,8.65e-05
1573,13,0.050487,0.000000,0.050487,8.65e-05
1574,13,0.057933,0.000000,0.057933,8.65e-05
1575,13,0.051387,0.000000,0.051387,8.64e-05
1576,13,0.030656,0.000000,0.030656,8.64e-05
1577,13,0.065190,0.000000,0.065190,8.64e-05
1578,13,0.072039,0.000000,0.072039,8.64e-05
1579,13,0.030134,0.000000,0.030134,8.64e-05
1580,13,0.009510,0.000000,0.009510,8.64e-05
1581,13,0.096919,0.000000,0.096919,8.63e-05
1582,13,0.040538,0.000000,0.040538,8.63e-05
1583,13,0.054053,0.000000,0.054053,8.63e-05
1584,13,0.052805,0.000000,0.052805,8.63e-05
1585,13,0.054990,0.000000,0.054990,8.63e-05
1586,13,0.015557,0.000000,0.015557,8.63e-05
1587,13,0.008534,0.000000,0.008534,8.62e-05
1588,13,0.168532,0.000000,0.168532,8.62e-05
1589,13,0.049905,0.000000,0.049905,8.62e-05
1590,13,0.036891,0.000000,0.036891,8.62e-05
1591,13,0.024302,0.000000,0.024302,8.62e-05
1592,13,0.004478,0.000000,0.004478,8.61e-05
1593,13,0.049519,0.000000,0.049519,8.61e-05
1594,13,0.014852,0.000000,0.014852,8.61e-05
1595,13,0.128027,0.000000,0.128027,8.61e-05
1596,13,0.043004,0.000000,0.043004,8.61e-05
1597,13,0.055629,0.000000,0.055629,8.61e-05
1598,13,0.025276,0.000000,0.025276,8.60e-05
1599,13,0.002991,0.000000,0.002991,8.60e-05
1600,13,0.020238,0.000000,0.020238,8.60e-05
1601,13,0.065360,0.000000,0.065360,8.60e-05
1602,13,0.052219,0.000000,0.052219,8.60e-05
1603,13,0.041164,0.000000,0.041164,8.60e-05
1604,13,0.045215,0.000000,0.045215,8.59e-05
1605,13,0.103536,0.000000,0.103536,8.59e-05
1606,13,0.053675,0.000000,0.053675,8.59e-05
1607,13,0.063932,0.000000,0.063932,8.59e-05
1608,13,0.011085,0.000000,0.011085,8.59e-05
1609,13,0.084420,0.000000,0.084420,8.58e-05
1610,13,0.065455,0.000000,0.065455,8.58e-05
1611,13,0.031149,0.000000,0.031149,8.58e-05
1612,13,0.049691,0.000000,0.049691,8.58e-05
1613,13,0.048397,0.000000,0.048397,8.58e-05
1614,13,0.074134,0.000000,0.074134,8.58e-05
1615,13,0.055170,0.000000,0.055170,8.57e-05
1616,13,0.063065,0.000000,0.063065,8.57e-05
1617,13,0.110131,0.000000,0.110131,8.57e-05
1618,13,0.045209,0.000000,0.045209,8.57e-05
1619,13,0.057882,0.000000,0.057882,8.57e-05
1620,13,0.032591,0.000000,0.032591,8.57e-05
1621,13,0.048605,0.000000,0.048605,8.56e-05
1622,13,0.031588,0.000000,0.031588,8.56e-05
1623,13,0.072091,0.000000,0.072091,8.56e-05
1624,13,0.041287,0.000000,0.041287,8.56e-05
1625,14,0.018035,0.000000,0.018035,8.56e-05
1626,14,0.012541,0.000000,0.012541,8.55e-05
1627,14,0.097144,0.000000,0.097144,8.55e-05
1628,14,0.032508,0.000000,0.032508,8.55e-05
1629,14,0.043095,0.000000,0.043095,8.55e-05
1630,14,0.024238,0.000000,0.024238,8.55e-05
1631,14,0.055336,0.000000,0.055336,8.55e-05
1632,14,0.044807,0.000000,0.044807,8.54e-05
1633,14,0.026782,0.000000,0.026782,8.54e-05
1634,14,0.014194,0.000000,0.014194,8.54e-05
1635,14,0.028032,0.000000,0.028032,8.54e-05
1636,14,0.040245,0.000000,0.040245,8.54e-05
1637,14,0.070427,0.000000,0.070427,8.53e-05
1638,14,0.064651,0.000000,0.064651,8.53e-05
1639,14,0.031157,0.000000,0.031157,8.53e-05
1640,14,0.035716,0.000000,0.035716,8.53e-05
1641,14,0.062395,0.000000,0.062395,8.53e-05
1642,14,0.070060,0.000000,0.070060,8.53e-05
1643,14,0.039952,0.000000,0.039952,8.52e-05
1644,14,0.081143,0.000000,0.081143,8.52e-05
1645,14,0.027750,0.000000,0.027750,8.52e-05
1646,14,0.047950,0.000000,0.047950,8.52e-05
1647,14,0.042767,0.000000,0.042767,8.52e-05
1648,14,0.006960,0.000000,0.006960,8.51e-05
1649,14,0.013822,0.000000,0.013822,8.51e-05
1650,14,0.078697,0.000000,0.078697,8.51e-05
1651,14,0.064634,0.000000,0.064634,8.51e-05
1652,14,0.016991,0.000000,0.016991,8.51e-05
1653,14,0.014206,0.000000,0.014206,8.51e-05
1654,14,0.038862,0.000000,0.038862,8.50e-05
1655,14,0.073960,0.000000,0.073960,8.50e-05
1656,14,0.061862,0.000000,0.061862,8.50e-05
1657,14,0.074889,0.000000,0.074889,8.50e-05
1658,14,0.041272,0.000000,0.041272,8.50e-05
1659,14,0.017057,0.000000,0.017057,8.49e-05
1660,14,0.062146,0.000000,0.062146,8.49e-05
1661,14,0.006746,0.000000,0.006746,8.49e-05
1662,14,0.079796,0.000000,0.079796,8.49e-05
1663,14,0.051379,0.000000,0.051379,8.49e-05
1664,14,0.053315,0.000000,0.053315,8.49e-05
1665,14,0.068468,0.000000,0.068468,8.48e-05
1666,14,0.019771,0.000000,0.019771,8.48e-05
1667,14,0.162653,0.000000,0.162653,8.48e-05
1668,14,0.021751,0.000000,0.021751,8.48e-05
1669,14,0.048487,0.000000,0.048487,8.48e-05
1670,14,0.036555,0.000000,0.036555,8.47e-05
1671,14,0.076124,0.000000,0.076124,8.47e-05
1672,14,0.083733,0.000000,0.083733,8.47e-05
1673,14,0.022276,0.000000,0.022276,8.47e-05
1674,14,0.047928,0.000000,0.047928,8.47e-05
1675,14,0.047305,0.000000,0.047305,8.47e-05
1676,14,0.103062,0.000000,0.103062,8.46e-05
1677,14,0.070140,0.000000,0.070140,8.46e-05
1678,14,0.032683,0.000000,0.032683,8.46e-05
1679,14,0.029906,0.000000,0.029906,8.46e-05
1680,14,0.118964,0.000000,0.118964,8.46e-05
1681,14,0.034628,0.000000,0.034628,8.45e-05
1682,14,0.032043,0.000000,0.032043,8.45e-05
1683,14,0.017695,0.000000,0.017695,8.45e-05
1684,14,0.053509,0.000000,0.053509,8.45e-05
1685,14,0.059527,0.000000,0.059527,8.45e-05
1686,14,0.045541,0.000000,0.045541,8.45e-05
1687,14,0.017013,0.000000,0.017013,8.44e-05
1688,14,0.029140,0.000000,0.029140,8.44e-05
1689,14,0.011548,0.000000,0.011548,8.44e-05
1690,14,0.090534,0.000000,0.090534,8.44e-05
1691,14,0.072088,0.000000,0.072088,8.44e-05
1692,14,0.049744,0.000000,0.049744,8.43e-05
1693,14,0.067895,0.000000,0.067895,8.43e-05
1694,14,0.107528,0.000000,0.107528,8.43e-05
1695,14,0.035784,0.000000,0.035784,8.43e-05
1696,14,0.027978,0.000000,0.027978,8.43e-05
1697,14,0.028629,0.000000,0.028629,8.42e-05
1698,14,0.044783,0.000000,0.044783,8.42e-05
1699,14,0.034685,0.000000,0.034685,8.42e-05
1700,14,0.087269,0.000000,0.087269,8.42e-05
1701,14,0.077833,0.000000,0.077833,8.42e-05
1702,14,0.046906,0.000000,0.046906,8.42e-05
1703,14,0.035788,0.000000,0.035788,8.41e-05
1704,14,0.062313,0.000000,0.062313,8.41e-05
1705,14,0.028388,0.000000,0.028388,8.41e-05
1706,14,0.074033,0.000000,0.074033,8.41e-05
1707,14,0.017608,0.000000,0.017608,8.41e-05
1708,14,0.038984,0.000000,0.038984,8.40e-05
1709,14,0.026863,0.000000,0.026863,8.40e-05
1710,14,0.055673,0.000000,0.055673,8.40e-05
1711,14,0.035702,0.000000,0.035702,8.40e-05
1712,14,0.024242,0.000000,0.024242,8.40e-05
1713,14,0.117656,0.000000,0.117656,8.39e-05
1714,14,0.062351,0.000000,0.062351,8.39e-05
1715,14,0.060675,0.000000,0.060675,8.39e-05
1716,14,0.039380,0.000000,0.039380,8.39e-05
1717,14,0.030375,0.000000,0.030375,8.39e-05
1718,14,0.043766,0.000000,0.043766,8.39e-05
1719,14,0.027775,0.000000,0.027775,8.38e-05
1720,14,0.023850,0.000000,0.023850,8.38e-05
1721,14,0.017365,0.000000,0.017365,8.38e-05
1722,14,0.058730,0.000000,0.058730,8.38e-05
1723,14,0.084897,0.000000,0.084897,8.38e-05
1724,14,0.034599,0.000000,0.034599,8.37e-05
1725,14,0.013083,0.000000,0.013083,8.37e-05
1726,14,0.004664,0.000000,0.004664,8.37e-05
1727,14,0.055923,0.000000,0.055923,8.37e-05
1728,14,0.042845,0.000000,0.042845,8.37e-05
1729,14,0.054924,0.000000,0.054924,8.36e-05
1730,14,0.009601,0.000000,0.009601,8.36e-05
1731,14,0.034138,0.000000,0.034138,8.36e-05
1732,14,0.045501,0.000000,0.045501,8.36e-05
1733,14,0.017937,0.000000,0.017937,8.36e-05
1734,14,0.064158,0.000000,0.064158,8.36e-05
1735,14,0.074052,0.000000,0.074052,8.35e-05
1736,14,0.019568,0.000000,0.019568,8.35e-05
1737,14,0.027443,0.000000,0.027443,8.35e-05
1738,14,0.047812,0.000000,0.047812,8.35e-05
1739,14,0.054635,0.000000,0.054635,8.35e-05
1740,14,0.049880,0.000000,0.049880,8.34e-05
1741,14,0.085014,0.000000,0.085014,8.34e-05
1742,14,0.026154,0.000000,0.026154,8.34e-05
1743,14,0.034424,0.000000,0.034424,8.34e-05
1744,14,0.028689,0.000000,0.028689,8.34e-05
1745,14,0.019934,0.000000,0.019934,8.33e-05
1746,14,0.083098,0.000000,0.083098,8.33e-05
1747,14,0.005529,0.000000,0.005529,8.33e-05
1748,14,0.040913,0.000000,0.040913,8.33e-05
1749,14,0.048159,0.000000,0.048159,8.33e-05
1750,15,0.059409,0.000000,0.059409,8.32e-05
1751,15,0.027894,0.000000,0.027894,8.32e-05
1752,15,0.023241,0.000000,0.023241,8.32e-05
1753,15,0.038961,0.000000,0.038961,8.32e-05
1754,15,0.076564,0.000000,0.076564,8.32e-05
1755,15,0.035028,0.000000,0.035028,8.32e-05
1756,15,0.033528,0.000000,0.033528,8.31e-05
1757,15,0.004888,0.000000,0.004888,8.31e-05
1758,15,0.046787,0.000000,0.046787,8.31e-05
1759,15,0.009612,0.000000,0.009612,8.31e-05
1760,15,0.030317,0.000000,0.030317,8.31e-05
1761,15,0.062004,0.000000,0.062004,8.30e-05
1762,15,0.038703,0.000000,0.038703,8.30e-05
1763,15,0.039751,0.000000,0.039751,8.30e-05
1764,15,0.044537,0.000000,0.044537,8.30e-05
1765,15,0.025125,0.000000,0.025125,8.30e-05
1766,15,0.057986,0.000000,0.057986,8.29e-05
1767,15,0.082616,0.000000,0.082616,8.29e-05
1768,15,0.037385,0.000000,0.037385,8.29e-05
1769,15,0.025856,0.000000,0.025856,8.29e-05
1770,15,0.027716,0.000000,0.027716,8.29e-05
1771,15,0.033576,0.000000,0.033576,8.28e-05
1772,15,0.009528,0.000000,0.009528,8.28e-05
1773,15,0.032704,0.000000,0.032704,8.28e-05
1774,15,0.064766,0.000000,0.064766,8.28e-05
1775,15,0.036440,0.000000,0.036440,8.28e-05
1776,15,0.080395,0.000000,0.080395,8.27e-05
1777,15,0.040297,0.000000,0.040297,8.27e-05
1778,15,0.098289,0.000000,0.098289,8.27e-05
1779,15,0.063119,0.000000,0.063119,8.27e-05
1780,15,0.050183,0.000000,0.050183,8.27e-05
1781,15,0.031454,0.000000,0.031454,8.27e-05
1782,15,0.025093,0.000000,0.025093,8.26e-05
1783,15,0.007533,0.000000,0.007533,8.26e-05
1784,15,0.059436,0.000000,0.059436,8.26e-05
1785,15,0.065017,0.000000,0.065017,8.26e-05
1786,15,0.057545,0.000000,0.057545,8.26e-05
1787,15,0.048913,0.000000,0.048913,8.25e-05
1788,15,0.013004,0.000000,0.013004,8.25e-05
1789,15,0.030868,0.000000,0.030868,8.25e-05
1790,15,0.087528,0.000000,0.087528,8.25e-05
1791,15,0.060021,0.000000,0.060021,8.25e-05
1792,15,0.067726,0.000000,0.067726,8.24e-05
1793,15,0.046519,0.000000,0.046519,8.24e-05
1794,15,0.068668,0.000000,0.068668,8.24e-05
1795,15,0.073369,0.000000,0.073369,8.24e-05
1796,15,0.031138,0.000000,0.031138,8.24e-05
1797,15,0.005669,0.000000,0.005669,8.23e-05
1798,15,0.044812,0.000000,0.044812,8.23e-05
1799,15,0.047332,0.000000,0.047332,8.23e-05
1800,15,0.079774,0.000000,0.079774,8.23e-05
1801,15,0.103690,0.000000,0.103690,8.23e-05
1802,15,0.028898,0.000000,0.028898,8.22e-05
1803,15,0.074668,0.000000,0.074668,8.22e-05
1804,15,0.038164,0.000000,0.038164,8.22e-05
1805,15,0.035647,0.000000,0.035647,8.22e-05
1806,15,0.053694,0.000000,0.053694,8.22e-05
1807,15,0.051788,0.000000,0.051788,8.21e-05
1808,15,0.031089,0.000000,0.031089,8.21e-05
1809,15,0.077958,0.000000,0.077958,8.21e-05
1810,15,0.035607,0.000000,0.035607,8.21e-05
1811,15,0.026453,0.000000,0.026453,8.21e-05
1812,15,0.084900,0.000000,0.084900,8.20e-05
1813,15,0.006534,0.000000,0.006534,8.20e-05
1814,15,0.085175,0.000000,0.085175,8.20e-05
1815,15,0.034391,0.000000,0.034391,8.20e-05
1816,15,0.057553,0.000000,0.057553,8.20e-05
1817,15,0.077942,0.000000,0.077942,8.19e-05
1818,15,0.055703,0.000000,0.055703,8.19e-05
1819,15,0.052621,0.000000,0.052621,8.19e-05
1820,15,0.030685,0.000000,0.030685,8.19e-05
1821,15,0.025084,0.000000,0.025084,8.19e-05
1822,15,0.051911,0.000000,0.051911,8.19e-05
1823,15,0.010677,0.000000,0.010677,8.18e-05
1824,15,0.079661,0.000000,0.079661,8.18e-05
1825,15,0.025409,0.000000,0.025409,8.18e-05
1826,15,0.071683,0.000000,0.071683,8.18e-05
1827,15,0.086812,0.000000,0.086812,8.18e-05
1828,15,0.038554,0.000000,0.038554,8.17e-05
1829,15,0.102353,0.000000,0.102353,8.17e-05
1830,15,0.099174,0.000000,0.099174,8.17e-05
1831,15,0.026075,0.000000,0.026075,8.17e-05
1832,15,0.091326,0.000000,0.091326,8.17e-05
1833,15,0.015641,0.000000,0.015641,8.16e-05
1834,15,0.072077,0.000000,0.072077,8.16e-05
1835,15,0.042362,0.000000,0.042362,8.16e-05
1836,15,0.049123,0.000000,0.049123,8.16e-05
1837,15,0.036308,0.000000,0.036308,8.16e-05
1838,15,0.015905,0.000000,0.015905,8.15e-05
1839,15,0.009665,0.000000,0.009665,8.15e-05
1840,15,0.041266,0.000000,0.041266,8.15e-05
1841,15,0.026463,0.000000,0.026463,8.15e-05
1842,15,0.047868,0.000000,0.047868,8.15e-05
1843,15,0.039081,0.000000,0.039081,8.14e-05
1844,15,0.035231,0.000000,0.035231,8.14e-05
1845,15,0.141653,0.000000,0.141653,8.14e-05
1846,15,0.012067,0.000000,0.012067,8.14e-05
1847,15,0.004446,0.000000,0.004446,8.14e-05
1848,15,0.101753,0.000000,0.101753,8.13e-05
1849,15,0.068776,0.000000,0.068776,8.13e-05
1850,15,0.012224,0.000000,0.012224,8.13e-05
1851,15,0.021197,0.000000,0.021197,8.13e-05
1852,15,0.086272,0.000000,0.086272,8.13e-05
1853,15,0.035441,0.000000,0.035441,8.12e-05
1854,15,0.091804,0.000000,0.091804,8.12e-05
1855,15,0.045686,0.000000,0.045686,8.12e-05
1856,15,0.014448,0.000000,0.014448,8.12e-05
1857,15,0.047594,0.000000,0.047594,8.12e-05
1858,15,0.059890,0.000000,0.059890,8.11e-05
1859,15,0.034994,0.000000,0.034994,8.11e-05
1860,15,0.028598,0.000000,0.028598,8.11e-05
1861,15,0.041701,0.000000,0.041701,8.11e-05
1862,15,0.027497,0.000000,0.027497,8.11e-05
1863,15,0.061182,0.000000,0.061182,8.10e-05
1864,15,0.068431,0.000000,0.068431,8.10e-05
1865,15,0.072616,0.000000,0.072616,8.10e-05
1866,15,0.019805,0.000000,0.019805,8.10e-05
1867,15,0.079908,0.000000,0.079908,8.10e-05
1868,15,0.043101,0.000000,0.043101,8.09e-05
1869,15,0.053828,0.000000,0.053828,8.09e-05
1870,15,0.032490,0.000000,0.032490,8.09e-05
1871,15,0.004394,0.000000,0.004394,8.09e-05
1872,15,0.032603,0.000000,0.032603,8.09e-05
1873,15,0.086830,0.000000,0.086830,8.08e-05
1874,15,0.010892,0.000000,0.010892,8.08e-05
1875,16,0.115293,0.000000,0.115293,8.08e-05
1876,16,0.020497,0.000000,0.020497,8.08e-05
1877,16,0.004721,0.000000,0.004721,8.08e-05
1878,16,0.089277,0.000000,0.089277,8.07e-05
1879,16,0.057856,0.000000,0.057856,8.07e-05
1880,16,0.009292,0.000000,0.009292,8.07e-05
1881,16,0.058008,0.000000,0.058008,8.07e-05
1882,16,0.056470,0.000000,0.056470,8.07e-05
1883,16,0.059517,0.000000,0.059517,8.06e-05
1884,16,0.018443,0.000000,0.018443,8.06e-05
1885,16,0.012321,0.000000,0.012321,8.06e-05
1886,16,0.048054,0.000000,0.048054,8.06e-05
1887,16,0.074162,0.000000,0.074162,8.06e-05
1888,16,0.026335,0.000000,0.026335,8.05e-05
1889,16,0.052664,0.000000,0.052664,8.05e-05
1890,16,0.075668,0.000000,0.075668,8.05e-05
1891,16,0.027932,0.000000,0.027932,8.05e-05
1892,16,0.087710,0.000000,0.087710,8.05e-05
1893,16,0.074820,0.000000,0.074820,8.04e-05
1894,16,0.011072,0.000000,0.011072,8.04e-05
1895,16,0.027036,0.000000,0.027036,8.04e-05
1896,16,0.048872,0.000000,0.048872,8.04e-05
1897,16,0.072764,0.000000,0.072764,8.04e-05
1898,16,0.068260,0.000000,0.068260,8.03e-05
1899,16,0.041686,0.000000,0.041686,8.03e-05
1900,16,0.042108,0.000000,0.042108,8.03e-05
1901,16,0.024855,0.000000,0.024855,8.03e-05
1902,16,0.053473,0.000000,0.053473,8.03e-05
1903,16,0.013679,0.000000,0.013679,8.02e-05
1904,16,0.012263,0.000000,0.012263,8.02e-05
1905,16,0.022580,0.000000,0.022580,8.02e-05
1906,16,0.024762,0.000000,0.024762,8.02e-05
1907,16,0.019163,0.000000,0.019163,8.01e-05
1908,16,0.003082,0.000000,0.003082,8.01e-05
1909,16,0.047264,0.000000,0.047264,8.01e-05
1910,16,0.021906,0.000000,0.021906,8.01e-05
1911,16,0.062470,0.000000,0.062470,8.01e-05
1912,16,0.060807,0.000000,0.060807,8.00e-05
1913,16,0.006554,0.000000,0.006554,8.00e-05
1914,16,0.070839,0.000000,0.070839,8.00e-05
1915,16,0.029818,0.000000,0.029818,8.00e-05
1916,16,0.002219,0.000000,0.002219,8.00e-05
1917,16,0.094039,0.000000,0.094039,7.99e-05
1918,16,0.125314,0.000000,0.125314,7.99e-05
1919,16,0.067549,0.000000,0.067549,7.99e-05
1920,16,0.040676,0.000000,0.040676,7.99e-05
1921,16,0.033730,0.000000,0.033730,7.99e-05
1922,16,0.073749,0.000000,0.073749,7.98e-05
1923,16,0.045588,0.000000,0.045588,7.98e-05
1924,16,0.050172,0.000000,0.050172,7.98e-05
1925,16,0.111615,0.000000,0.111615,7.98e-05
1926,16,0.007039,0.000000,0.007039,7.98e-05
1927,16,0.080070,0.000000,0.080070,7.97e-05
1928,16,0.023682,0.000000,0.023682,7.97e-05
1929,16,0.070819,0.000000,0.070819,7.97e-05
1930,16,0.020002,0.000000,0.020002,7.97e-05
1931,16,0.016570,0.000000,0.016570,7.97e-05
1932,16,0.053895,0.000000,0.053895,7.96e-05
1933,16,0.062068,0.000000,0.062068,7.96e-05
1934,16,0.054706,0.000000,0.054706,7.96e-05
1935,16,0.025042,0.000000,0.025042,7.96e-05
1936,16,0.026849,0.000000,0.026849,7.96e-05
1937,16,0.067646,0.000000,0.067646,7.95e-05
1938,16,0.059725,0.000000,0.059725,7.95e-05
1939,16,0.044473,0.000000,0.044473,7.95e-05
1940,16,0.029893,0.000000,0.029893,7.95e-05
1941,16,0.036431,0.000000,0.036431,7.95e-05
1942,16,0.052320,0.000000,0.052320,7.94e-05
1943,16,0.029849,0.000000,0.029849,7.94e-05
1944,16,0.020384,0.000000,0.020384,7.94e-05
1945,16,0.103403,0.000000,0.103403,7.94e-05
1946,16,0.043197,0.000000,0.043197,7.93e-05
1947,16,0.044847,0.000000,0.044847,7.93e-05
1948,16,0.114537,0.000000,0.114537,7.93e-05
1949,16,0.025828,0.000000,0.025828,7.93e-05
1950,16,0.027892,0.000000,0.027892,7.93e-05
1951,16,0.031043,0.000000,0.031043,7.92e-05
1952,16,0.049743,0.000000,0.049743,7.92e-05
1953,16,0.012903,0.000000,0.012903,7.92e-05
1954,16,0.049002,0.000000,0.049002,7.92e-05
1955,16,0.040020,0.000000,0.040020,7.92e-05
1956,16,0.012082,0.000000,0.012082,7.91e-05
1957,16,0.050613,0.000000,0.050613,7.91e-05
1958,16,0.124684,0.000000,0.124684,7.91e-05
1959,16,0.054267,0.000000,0.054267,7.91e-05
1960,16,0.022926,0.000000,0.022926,7.91e-05
1961,16,0.090321,0.000000,0.090321,7.90e-05
1962,16,0.046261,0.000000,0.046261,7.90e-05
1963,16,0.016958,0.000000,0.016958,7.90e-05
1964,16,0.029583,0.000000,0.029583,7.90e-05
1965,16,0.020716,0.000000,0.020716,7.90e-05
1966,16,0.017986,0.000000,0.017986,7.89e-05
1967,16,0.106598,0.000000,0.106598,7.89e-05
1968,16,0.036759,0.000000,0.036759,7.89e-05
1969,16,0.061950,0.000000,0.061950,7.89e-05
1970,16,0.029611,0.000000,0.029611,7.88e-05
1971,16,0.090339,0.000000,0.090339,7.88e-05
1972,16,0.004621,0.000000,0.004621,7.88e-05
1973,16,0.110597,0.000000,0.110597,7.88e-05
1974,16,0.067413,0.000000,0.067413,7.88e-05
1975,16,0.006005,0.000000,0.006005,7.87e-05
1976,16,0.017254,0.000000,0.017254,7.87e-05
1977,16,0.056490,0.000000,0.056490,7.87e-05
1978,16,0.056949,0.000000,0.056949,7.87e-05
1979,16,0.006447,0.000000,0.006447,7.87e-05
1980,16,0.039690,0.000000,0.039690,7.86e-05
1981,16,0.065214,0.000000,0.065214,7.86e-05
1982,16,0.068974,0.000000,0.068974,7.86e-05
1983,16,0.031624,0.000000,0.031624,7.86e-05
1984,16,0.048637,0.000000,0.048637,7.86e-05
1985,16,0.029938,0.000000,0.029938,7.85e-05
1986,16,0.125180,0.000000,0.125180,7.85e-05
1987,16,0.055191,0.000000,0.055191,7.85e-05
1988,16,0.058804,0.000000,0.058804,7.85e-05
1989,16,0.051830,0.000000,0.051830,7.85e-05
1990,16,0.084953,0.000000,0.084953,7.84e-05
1991,16,0.005007,0.000000,0.005007,7.84e-05
1992,16,0.092971,0.000000,0.092971,7.84e-05
1993,16,0.024438,0.000000,0.024438,7.84e-05
1994,16,0.118428,0.000000,0.118428,7.83e-05
1995,16,0.052058,0.000000,0.052058,7.83e-05
1996,16,0.069202,0.000000,0.069202,7.83e-05
1997,16,0.035710,0.000000,0.035710,7.83e-05
1998,16,0.076198,0.000000,0.076198,7.83e-05
1999,16,0.049431,0.000000,0.049431,7.82e-05
2000,17,0.025626,0.000000,0.025626,7.82e-05
2001,17,0.024699,0.000000,0.024699,7.82e-05
2002,17,0.076555,0.000000,0.076555,7.82e-05
2003,17,0.042058,0.000000,0.042058,7.82e-05
2004,17,0.052126,0.000000,0.052126,7.81e-05
2005,17,0.105729,0.000000,0.105729,7.81e-05
2006,17,0.048218,0.000000,0.048218,7.81e-05
2007,17,0.063686,0.000000,0.063686,7.81e-05
2008,17,0.046547,0.000000,0.046547,7.81e-05
2009,17,0.050908,0.000000,0.050908,7.80e-05
2010,17,0.025574,0.000000,0.025574,7.80e-05
2011,17,0.040411,0.000000,0.040411,7.80e-05
2012,17,0.048620,0.000000,0.048620,7.80e-05
2013,17,0.046826,0.000000,0.046826,7.79e-05
2014,17,0.028506,0.000000,0.028506,7.79e-05
2015,17,0.026324,0.000000,0.026324,7.79e-05
2016,17,0.017231,0.000000,0.017231,7.79e-05
2017,17,0.048910,0.000000,0.048910,7.79e-05
2018,17,0.023154,0.000000,0.023154,7.78e-05
2019,17,0.027066,0.000000,0.027066,7.78e-05
2020,17,0.080101,0.000000,0.080101,7.78e-05
2021,17,0.054242,0.000000,0.054242,7.78e-05
2022,17,0.123683,0.000000,0.123683,7.78e-05
2023,17,0.067882,0.000000,0.067882,7.77e-05
2024,17,0.016260,0.000000,0.016260,7.77e-05
2025,17,0.014084,0.000000,0.014084,7.77e-05
2026,17,0.055118,0.000000,0.055118,7.77e-05
2027,17,0.040179,0.000000,0.040179,7.76e-05
2028,17,0.036899,0.000000,0.036899,7.76e-05
2029,17,0.007547,0.000000,0.007547,7.76e-05
2030,17,0.053244,0.000000,0.053244,7.76e-05
2031,17,0.022790,0.000000,0.022790,7.76e-05
2032,17,0.024178,0.000000,0.024178,7.75e-05
2033,17,0.035016,0.000000,0.035016,7.75e-05
2034,17,0.091310,0.000000,0.091310,7.75e-05
2035,17,0.011852,0.000000,0.011852,7.75e-05
2036,17,0.021754,0.000000,0.021754,7.75e-05
2037,17,0.028464,0.000000,0.028464,7.74e-05
2038,17,0.092211,0.000000,0.092211,7.74e-05
2039,17,0.043929,0.000000,0.043929,7.74e-05
2040,17,0.036819,0.000000,0.036819,7.74e-05
2041,17,0.048120,0.000000,0.048120,7.73e-05
2042,17,0.056478,0.000000,0.056478,7.73e-05
2043,17,0.043763,0.000000,0.043763,7.73e-05
2044,17,0.044111,0.000000,0.044111,7.73e-05
2045,17,0.023462,0.000000,0.023462,7.73e-05
2046,17,0.064924,0.000000,0.064924,7.72e-05
2047,17,0.037431,0.000000,0.037431,7.72e-05
2048,17,0.079305,0.000000,0.079305,7.72e-05
2049,17,0.107472,0.000000,0.107472,7.72e-05
2050,17,0.045584,0.000000,0.045584,7.72e-05
2051,17,0.067279,0.000000,0.067279,7.71e-05
2052,17,0.022176,0.000000,0.022176,7.71e-05
2053,17,0.029737,0.000000,0.029737,7.71e-05
2054,17,0.009580,0.000000,0.009580,7.71e-05
2055,17,0.025084,0.000000,0.025084,7.70e-05
2056,17,0.059960,0.000000,0.059960,7.70e-05
2057,17,0.076187,0.000000,0.076187,7.70e-05
2058,17,0.019587,0.000000,0.019587,7.70e-05
2059,17,0.036729,0.000000,0.036729,7.70e-05
2060,17,0.077454,0.000000,0.077454,7.69e-05
2061,17,0.101917,0.000000,0.101917,7.69e-05
2062,17,0.004004,0.000000,0.004004,7.69e-05
2063,17,0.104582,0.000000,0.104582,7.69e-05
2064,17,0.024481,0.000000,0.024481,7.69e-05
2065,17,0.085100,0.000000,0.085100,7.68e-05
2066,17,0.103985,0.000000,0.103985,7.68e-05
2067,17,0.062646,0.000000,0.062646,7.68e-05
2068,17,0.055760,0.000000,0.055760,7.68e-05
2069,17,0.039994,0.000000,0.039994,7.67e-05
2070,17,0.019774,0.000000,0.019774,7.67e-05
2071,17,0.065016,0.000000,0.065016,7.67e-05
2072,17,0.064039,0.000000,0.064039,7.67e-05
2073,17,0.049025,0.000000,0.049025,7.67e-05
2074,17,0.039340,0.000000,0.039340,7.66e-05
2075,17,0.065612,0.000000,0.065612,7.66e-05
2076,17,0.029458,0.000000,0.029458,7.66e-05
2077,17,0.035181,0.000000,0.035181,7.66e-05
2078,17,0.043626,0.000000,0.043626,7.66e-05
2079,17,0.022723,0.000000,0.022723,7.65e-05
2080,17,0.026231,0.000000,0.026231,7.65e-05
2081,17,0.042834,0.000000,0.042834,7.65e-05
2082,17,0.025086,0.000000,0.025086,7.65e-05
2083,17,0.074028,0.000000,0.074028,7.64e-05
2084,17,0.083747,0.000000,0.083747,7.64e-05
2085,17,0.024916,0.000000,0.024916,7.64e-05
2086,17,0.048320,0.000000,0.048320,7.64e-05
2087,17,0.037992,0.000000,0.037992,7.64e-05
2088,17,0.019124,0.000000,0.019124,7.63e-05
2089,17,0.052764,0.000000,0.052764,7.63e-05
2090,17,0.043986,0.000000,0.043986,7.63e-05
2091,17,0.038101,0.000000,0.038101,7.63e-05
2092,17,0.127598,0.000000,0.127598,7.63e-05
2093,17,0.140621,0.000000,0.140621,7.62e-05
2094,17,0.058633,0.000000,0.058633,7.62e-05
2095,17,0.081489,0.000000,0.081489,7.62e-05
2096,17,0.056423,0.000000,0.056423,7.62e-05
2097,17,0.021279,0.000000,0.021279,7.61e-05
2098,17,0.069081,0.000000,0.069081,7.61e-05
2099,17,0.035240,0.000000,0.035240,7.61e-05
2100,17,0.060401,0.000000,0.060401,7.61e-05
2101,17,0.089954,0.000000,0.089954,7.61e-05
2102,17,0.030765,0.000000,0.030765,7.60e-05
2103,17,0.003332,0.000000,0.003332,7.60e-05
2104,17,0.072055,0.000000,0.072055,7.60e-05
2105,17,0.073011,0.000000,0.073011,7.60e-05
2106,17,0.062070,0.000000,0.062070,7.59e-05
2107,17,0.026116,0.000000,0.026116,7.59e-05
2108,17,0.021351,0.000000,0.021351,7.59e-05
2109,17,0.023955,0.000000,0.023955,7.59e-05
2110,17,0.009067,0.000000,0.009067,7.59e-05
2111,17,0.033566,0.000000,0.033566,7.58e-05
2112,17,0.043256,0.000000,0.043256,7.58e-05
2113,17,0.039988,0.000000,0.039988,7.58e-05
2114,17,0.015413,0.000000,0.015413,7.58e-05
2115,17,0.020786,0.000000,0.020786,7.57e-05
2116,17,0.002605,0.000000,0.002605,7.57e-05
2117,17,0.024292,0.000000,0.024292,7.57e-05
2118,17,0.050149,0.000000,0.050149,7.57e-05
2119,17,0.093376,0.000000,0.093376,7.57e-05
2120,17,0.031104,0.000000,0.031104,7.56e-05
2121,17,0.007503,0.000000,0.007503,7.56e-05
2122,17,0.059199,0.000000,0.059199,7.56e-05
2123,17,0.074648,0.000000,0.074648,7.56e-05
2124,17,0.042765,0.000000,0.042765,7.56e-05
2125,18,0.054779,0.000000,0.054779,7.55e-05
2126,18,0.128408,0.000000,0.128408,7.55e-05
2127,18,0.042626,0.000000,0.042626,7.55e-05
2128,18,0.066406,0.000000,0.066406,7.55e-05
2129,18,0.013930,0.000000,0.013930,7.54e-05
2130,18,0.053714,0.000000,0.053714,7.54e-05
2131,18,0.043480,0.000000,0.043480,7.54e-05
2132,18,0.045325,0.000000,0.045325,7.54e-05
2133,18,0.033281,0.000000,0.033281,7.54e-05
2134,18,0.081879,0.000000,0.081879,7.53e-05
2135,18,0.062800,0.000000,0.062800,7.53e-05
2136,18,0.055773,0.000000,0.055773,7.53e-05
2137,18,0.040906,0.000000,0.040906,7.53e-05
2138,18,0.022580,0.000000,0.022580,7.52e-05
2139,18,0.031610,0.000000,0.031610,7.52e-05
2140,18,0.052339,0.000000,0.052339,7.52e-05
2141,18,0.017216,0.000000,0.017216,7.52e-05
2142,18,0.032315,0.000000,0.032315,7.52e-05
2143,18,0.115515,0.000000,0.115515,7.51e-05
2144,18,0.086416,0.000000,0.086416,7.51e-05
2145,18,0.067871,0.000000,0.067871,7.51e-05
2146,18,0.032422,0.000000,0.032422,7.51e-05
2147,18,0.026623,0.000000,0.026623,7.50e-05
2148,18,0.060652,0.000000,0.060652,7.50e-05
2149,18,0.033818,0.000000,0.033818,7.50e-05
2150,18,0.002776,0.000000,0.002776,7.50e-05
2151,18,0.042473,0.000000,0.042473,7.50e-05
2152,18,0.033432,0.000000,0.033432,7.49e-05
2153,18,0.037611,0.000000,0.037611,7.49e-05
2154,18,0.006233,0.000000,0.006233,7.49e-05
2155,18,0.063642,0.000000,0.063642,7.49e-05
2156,18,0.081679,0.000000,0.081679,7.48e-05
2157,18,0.034438,0.000000,0.034438,7.48e-05
2158,18,0.059492,0.000000,0.059492,7.48e-05
2159,18,0.016094,0.000000,0.016094,7.48e-05
2160,18,0.090411,0.000000,0.090411,7.48e-05
2161,18,0.031376,0.000000,0.031376,7.47e-05
2162,18,0.066897,0.000000,0.066897,7.47e-05
2163,18,0.012354,0.000000,0.012354,7.47e-05
2164,18,0.027155,0.000000,0.027155,7.47e-05
2165,18,0.083820,0.000000,0.083820,7.46e-05
2166,18,0.030853,0.000000,0.030853,7.46e-05
2167,18,0.023215,0.000000,0.023215,7.46e-05
2168,18,0.070420,0.000000,0.070420,7.46e-05
2169,18,0.030280,0.000000,0.030280,7.46e-05
2170,18,0.031388,0.000000,0.031388,7.45e-05
2171,18,0.030764,0.000000,0.030764,7.45e-05
2172,18,0.021779,0.000000,0.021779,7.45e-05
2173,18,0.029013,0.000000,0.029013,7.45e-05
2174,18,0.012940,0.000000,0.012940,7.44e-05
2175,18,0.029799,0.000000,0.029799,7.44e-05
2176,18,0.081799,0.000000,0.081799,7.44e-05
2177,18,0.059865,0.000000,0.059865,7.44e-05
2178,18,0.057142,0.000000,0.057142,7.44e-05
2179,18,0.026488,0.000000,0.026488,7.43e-05
2180,18,0.044184,0.000000,0.044184,7.43e-05
2181,18,0.037162,0.000000,0.037162,7.43e-05
2182,18,0.026453,0.000000,0.026453,7.43e-05
2183,18,0.068062,0.000000,0.068062,7.42e-05
2184,18,0.035109,0.000000,0.035109,7.42e-05
2185,18,0.116081,0.000000,0.116081,7.42e-05
2186,18,0.030596,0.000000,0.030596,7.42e-05
2187,18,0.047910,0.000000,0.047910,7.42e-05
2188,18,0.033387,0.000000,0.033387,7.41e-05
2189,18,0.009996,0.000000,0.009996,7.41e-05
2190,18,0.052698,0.000000,0.052698,7.41e-05
2191,18,0.015877,0.000000,0.015877,7.41e-05
2192,18,0.035445,0.000000,0.035445,7.40e-05
2193,18,0.011102,0.000000,0.011102,7.40e-05
2194,18,0.061420,0.000000,0.061420,7.40e-05
2195,18,0.023404,0.000000,0.023404,7.40e-05
2196,18,0.053873,0.000000,0.053873,7.40e-05
2197,18,0.092416,0.000000,0.092416,7.39e-05
2198,18,0.022458,0.000000,0.022458,7.39e-05
2199,18,0.068929,0.000000,0.068929,7.39e-05
2200,18,0.016318,0.000000,0.016318,7.39e-05
2201,18,0.031168,0.000000,0.031168,7.38e-05
2202,18,0.080187,0.000000,0.080187,7.38e-05
2203,18,0.059201,0.000000,0.059201,7.38e-05
2204,18,0.022323,0.000000,0.022323,7.38e-05
2205,18,0.052064,0.000000,0.052064,7.38e-05
2206,18,0.015153,0.000000,0.015153,7.37e-05
2207,18,0.052053,0.000000,0.052053,7.37e-05
2208,18,0.045203,0.000000,0.045203,7.37e-05
2209,18,0.023258,0.000000,0.023258,7.37e-05
2210,18,0.085433,0.000000,0.085433,7.36e-05
2211,18,0.037835,0.000000,0.037835,7.36e-05
2212,18,0.070274,0.000000,0.070274,7.36e-05
2213,18,0.024222,0.000000,0.024222,7.36e-05
2214,18,0.039145,0.000000,0.039145,7.35e-05
2215,18,0.045157,0.000000,0.045157,7.35e-05
2216,18,0.057383,0.000000,0.057383,7.35e-05
2217,18,0.068627,0.000000,0.068627,7.35e-05
2218,18,0.024733,0.000000,0.024733,7.35e-05
2219,18,0.035353,0.000000,0.035353,7.34e-05
2220,18,0.048302,0.000000,0.048302,7.34e-05
2221,18,0.049942,0.000000,0.049942,7.34e-05
2222,18,0.020041,0.000000,0.020041,7.34e-05
2223,18,0.094118,0.000000,0.094118,7.33e-05
2224,18,0.028171,0.000000,0.028171,7.33e-05
2225,18,0.007075,0.000000,0.007075,7.33e-05
2226,18,0.087062,0.000000,0.087062,7.33e-05
2227,18,0.065599,0.000000,0.065599,7.33e-05
2228,18,0.037854,0.000000,0.037854,7.32e-05
2229,18,0.094228,0.000000,0.094228,7.32e-05
2230,18,0.065163,0.000000,0.065163,7.32e-05
2231,18,0.093103,0.000000,0.093103,7.32e-05
2232,18,0.033033,0.000000,0.033033,7.31e-05
2233,18,0.043483,0.000000,0.043483,7.31e-05
2234,18,0.030969,0.000000,0.030969,7.31e-05
2235,18,0.037786,0.000000,0.037786,7.31e-05
2236,18,0.049269,0.000000,0.049269,7.31e-05
2237,18,0.082861,0.000000,0.082861,7.30e-05
2238,18,0.087234,0.000000,0.087234,7.30e-05
2239,18,0.075276,0.000000,0.075276,7.30e-05
2240,18,0.049304,0.000000,0.049304,7.30e-05
2241,18,0.026486,0.000000,0.026486,7.29e-05
2242,18,0.054353,0.000000,0.054353,7.29e-05
2243,18,0.070775,0.000000,0.070775,7.29e-05
2244,18,0.046201,0.000000,0.046201,7.29e-05
2245,18,0.043107,0.000000,0.043107,7.28e-05
2246,18,0.025414,0.000000,0.025414,7.28e-05
2247,18,0.017151,0.000000,0.017151,7.28e-05
2248,18,0.029873,0.000000,0.029873,7.28e-05
2249,18,0.034683,0.000000,0.034683,7.28e-05
2250,19,0.086933,0.000000,0.086933,7.27e-05
2251,19,0.039202,0.000000,0.039202,7.27e-05
2252,19,0.038314,0.000000,0.038314,7.27e-05
2253,19,0.027342,0.000000,0.027342,7.27e-05
2254,19,0.044265,0.000000,0.044265,7.26e-05
2255,19,0.033017,0.000000,0.033017,7.26e-05
2256,19,0.057683,0.000000,0.057683,7.26e-05
2257,19,0.044201,0.000000,0.044201,7.26e-05
2258,19,0.130041,0.000000,0.130041,7.26e-05
2259,19,0.051963,0.000000,0.051963,7.25e-05
2260,19,0.012810,0.000000,0.012810,7.25e-05
2261,19,0.037452,0.000000,0.037452,7.25e-05
2262,19,0.013041,0.000000,0.013041,7.25e-05
2263,19,0.041219,0.000000,0.041219,7.24e-05
2264,19,0.093226,0.000000,0.093226,7.24e-05
2265,19,0.075546,0.000000,0.075546,7.24e-05
2266,19,0.011550,0.000000,0.011550,7.24e-05
2267,19,0.048490,0.000000,0.048490,7.23e-05
2268,19,0.007090,0.000000,0.007090,7.23e-05
2269,19,0.011787,0.000000,0.011787,7.23e-05
2270,19,0.064240,0.000000,0.064240,7.23e-05
2271,19,0.030258,0.000000,0.030258,7.23e-05
2272,19,0.030212,0.000000,0.030212,7.22e-05
2273,19,0.038208,0.000000,0.038208,7.22e-05
2274,19,0.056908,0.000000,0.056908,7.22e-05
2275,19,0.005967,0.000000,0.005967,7.22e-05
2276,19,0.009091,0.000000,0.009091,7.21e-05
2277,19,0.075351,0.000000,0.075351,7.21e-05
2278,19,0.037457,0.000000,0.037457,7.21e-05
2279,19,0.029533,0.000000,0.029533,7.21e-05
2280,19,0.121029,0.000000,0.121029,7.20e-05
2281,19,0.010569,0.000000,0.010569,7.20e-05
2282,19,0.072626,0.000000,0.072626,7.20e-05
2283,19,0.046455,0.000000,0.046455,7.20e-05
2284,19,0.042756,0.000000,0.042756,7.20e-05
2285,19,0.008072,0.000000,0.008072,7.19e-05
2286,19,0.020812,0.000000,0.020812,7.19e-05
2287,19,0.019631,0.000000,0.019631,7.19e-05
2288,19,0.031027,0.000000,0.031027,7.19e-05
2289,19,0.031737,0.000000,0.031737,7.18e-05
2290,19,0.053600,0.000000,0.053600,7.18e-05
2291,19,0.042761,0.000000,0.042761,7.18e-05
2292,19,0.044135,0.000000,0.044135,7.18e-05
2293,19,0.095152,0.000000,0.095152,7.18e-05
2294,19,0.004612,0.000000,0.004612,7.17e-05
2295,19,0.171887,0.000000,0.171887,7.17e-05
2296,19,0.006466,0.000000,0.006466,7.17e-05
2297,19,0.024293,0.000000,0.024293,7.17e-05
2298,19,0.082676,0.000000,0.082676,7.16e-05
2299,19,0.024999,0.000000,0.024999,7.16e-05
2300,19,0.079494,0.000000,0.079494,7.16e-05
2301,19,0.063260,0.000000,0.063260,7.16e-05
2302,19,0.003635,0.000000,0.003635,7.15e-05
2303,19,0.035549,0.000000,0.035549,7.15e-05
2304,19,0.091511,0.000000,0.091511,7.15e-05
2305,19,0.088277,0.000000,0.088277,7.15e-05
2306,19,0.102530,0.000000,0.102530,7.15e-05
2307,19,0.041456,0.000000,0.041456,7.14e-05
2308,19,0.065189,0.000000,0.065189,7.14e-05
2309,19,0.012364,0.000000,0.012364,7.14e-05
2310,19,0.042749,0.000000,0.042749,7.14e-05
2311,19,0.050484,0.000000,0.050484,7.13e-05
2312,19,0.037221,0.000000,0.037221,7.13e-05
2313,19,0.032281,0.000000,0.032281,7.13e-05
2314,19,0.068234,0.000000,0.068234,7.13e-05
2315,19,0.080966,0.000000,0.080966,7.12e-05
2316,19,0.008449,0.000000,0.008449,7.12e-05
2317,19,0.047734,0.000000,0.047734,7.12e-05
2318,19,0.053924,0.000000,0.053924,7.12e-05
2319,19,0.017612,0.000000,0.017612,7.12e-05
2320,19,0.018114,0.000000,0.018114,7.11e-05
2321,19,0.030423,0.000000,0.030423,7.11e-05
2322,19,0.186266,0.000000,0.186266,7.11e-05
2323,19,0.034369,0.000000,0.034369,7.11e-05
2324,19,0.037931,0.000000,0.037931,7.10e-05
2325,19,0.006591,0.000000,0.006591,7.10e-05
2326,19,0.044013,0.000000,0.044013,7.10e-05
2327,19,0.039543,0.000000,0.039543,7.10e-05
2328,19,0.004886,0.000000,0.004886,7.09e-05
2329,19,0.047603,0.000000,0.047603,7.09e-05
2330,19,0.026050,0.000000,0.026050,7.09e-05
2331,19,0.025899,0.000000,0.025899,7.09e-05
2332,19,0.062056,0.000000,0.062056,7.08e-05
2333,19,0.030041,0.000000,0.030041,7.08e-05
2334,19,0.034593,0.000000,0.034593,7.08e-05
2335,19,0.073948,0.000000,0.073948,7.08e-05
2336,19,0.042409,0.000000,0.042409,7.08e-05
2337,19,0.021868,0.000000,0.021868,7.07e-05
2338,19,0.093182,0.000000,0.093182,7.07e-05
2339,19,0.006538,0.000000,0.006538,7.07e-05
2340,19,0.046149,0.000000,0.046149,7.07e-05
2341,19,0.003518,0.000000,0.003518,7.06e-05
2342,19,0.015634,0.000000,0.015634,7.06e-05
2343,19,0.052993,0.000000,0.052993,7.06e-05
2344,19,0.005839,0.000000,0.005839,7.06e-05
2345,19,0.060090,0.000000,0.060090,7.05e-05
2346,19,0.018539,0.000000,0.018539,7.05e-05
2347,19,0.028826,0.000000,0.028826,7.05e-05
2348,19,0.066054,0.000000,0.066054,7.05e-05
2349,19,0.067077,0.000000,0.067077,7.05e-05
2350,19,0.089165,0.000000,0.089165,7.04e-05
2351,19,0.039648,0.000000,0.039648,7.04e-05
2352,19,0.061800,0.000000,0.061800,7.04e-05
2353,19,0.041402,0.000000,0.041402,7.04e-05
2354,19,0.002725,0.000000,0.002725,7.03e-05
2355,19,0.090629,0.000000,0.090629,7.03e-05
2356,19,0.033203,0.000000,0.033203,7.03e-05
2357,19,0.046344,0.000000,0.046344,7.03e-05
2358,19,0.029672,0.000000,0.029672,7.02e-05
2359,19,0.029172,0.000000,0.029172,7.02e-05
2360,19,0.048907,0.000000,0.048907,7.02e-05
2361,19,0.047697,0.000000,0.047697,7.02e-05
2362,19,0.042609,0.000000,0.042609,7.01e-05
2363,19,0.029571,0.000000,0.029571,7.01e-05
2364,19,0.039524,0.000000,0.039524,7.01e-05
2365,19,0.090003,0.000000,0.090003,7.01e-05
2366,19,0.022267,0.000000,0.022267,7.01e-05
2367,19,0.005292,0.000000,0.005292,7.00e-05
2368,19,0.072921,0.000000,0.072921,7.00e-05
2369,19,0.013190,0.000000,0.013190,7.00e-05
2370,19,0.045592,0.000000,0.045592,7.00e-05
2371,19,0.046246,0.000000,0.046246,6.99e-05
2372,19,0.037346,0.000000,0.037346,6.99e-05
2373,19,0.005036,0.000000,0.005036,6.99e-05
2374,19,0.069133,0.000000,0.069133,6.99e-05
2375,20,0.053446,0.000000,0.053446,6.98e-05
2376,20,0.030225,0.000000,0.030225,6.98e-05
2377,20,0.017805,0.000000,0.017805,6.98e-05
2378,20,0.007033,0.000000,0.007033,6.98e-05
2379,20,0.040937,0.000000,0.040937,6.98e-05
2380,20,0.003295,0.000000,0.003295,6.97e-05
2381,20,0.057929,0.000000,0.057929,6.97e-05
2382,20,0.046906,0.000000,0.046906,6.97e-05
2383,20,0.036727,0.000000,0.036727,6.97e-05
2384,20,0.075993,0.000000,0.075993,6.96e-05
2385,20,0.064845,0.000000,0.064845,6.96e-05
2386,20,0.042071,0.000000,0.042071,6.96e-05
2387,20,0.056277,0.000000,0.056277,6.96e-05
2388,20,0.050381,0.000000,0.050381,6.95e-05
2389,20,0.016343,0.000000,0.016343,6.95e-05
2390,20,0.020315,0.000000,0.020315,6.95e-05
2391,20,0.029669,0.000000,0.029669,6.95e-05
2392,20,0.141305,0.000000,0.141305,6.94e-05
2393,20,0.046721,0.000000,0.046721,6.94e-05
2394,20,0.054171,0.000000,0.054171,6.94e-05
2395,20,0.015589,0.000000,0.015589,6.94e-05
2396,20,0.044587,0.000000,0.044587,6.94e-05
2397,20,0.029302,0.000000,0.029302,6.93e-05
2398,20,0.022639,0.000000,0.022639,6.93e-05
2399,20,0.038724,0.000000,0.038724,6.93e-05
2400,20,0.034358,0.000000,0.034358,6.93e-05
2401,20,0.005352,0.000000,0.005352,6.92e-05
2402,20,0.115447,0.000000,0.115447,6.92e-05
2403,20,0.064010,0.000000,0.064010,6.92e-05
2404,20,0.028903,0.000000,0.028903,6.92e-05
2405,20,0.059285,0.000000,0.059285,6.91e-05
2406,20,0.017416,0.000000,0.017416,6.91e-05
2407,20,0.110288,0.000000,0.110288,6.91e-05
2408,20,0.043074,0.000000,0.043074,6.91e-05
2409,20,0.082561,0.000000,0.082561,6.90e-05
2410,20,0.022482,0.000000,0.022482,6.90e-05
2411,20,0.085397,0.000000,0.085397,6.90e-05
2412,20,0.040126,0.000000,0.040126,6.90e-05
2413,20,0.079565,0.000000,0.079565,6.90e-05
2414,20,0.057243,0.000000,0.057243,6.89e-05
2415,20,0.006678,0.000000,0.006678,6.89e-05
2416,20,0.066287,0.000000,0.066287,6.89e-05
2417,20,0.020956,0.000000,0.020956,6.89e-05
2418,20,0.069838,0.000000,0.069838,6.88e-05
2419,20,0.009063,0.000000,0.009063,6.88e-05
2420,20,0.038921,0.000000,0.038921,6.88e-05
2421,20,0.032747,0.000000,0.032747,6.88e-05
2422,20,0.004659,0.000000,0.004659,6.87e-05
2423,20,0.022142,0.000000,0.022142,6.87e-05
2424,20,0.104012,0.000000,0.104012,6.87e-05
2425,20,0.028657,0.000000,0.028657,6.87e-05
2426,20,0.021802,0.000000,0.021802,6.86e-05
2427,20,0.028937,0.000000,0.028937,6.86e-05
2428,20,0.059145,0.000000,0.059145,6.86e-05
2429,20,0.034687,0.000000,0.034687,6.86e-05
2430,20,0.029203,0.000000,0.029203,6.85e-05
2431,20,0.079611,0.000000,0.079611,6.85e-05
2432,20,0.027082,0.000000,0.027082,6.85e-05
2433,20,0.084027,0.000000,0.084027,6.85e-05
2434,20,0.026274,0.000000,0.026274,6.85e-05
2435,20,0.034925,0.000000,0.034925,6.84e-05
2436,20,0.042398,0.000000,0.042398,6.84e-05
2437,20,0.029948,0.000000,0.029948,6.84e-05
2438,20,0.072188,0.000000,0.072188,6.84e-05
2439,20,0.052128,0.000000,0.052128,6.83e-05
2440,20,0.031915,0.000000,0.031915,6.83e-05
2441,20,0.052907,0.000000,0.052907,6.83e-05
2442,20,0.043268,0.000000,0.043268,6.83e-05
2443,20,0.062493,0.000000,0.062493,6.82e-05
2444,20,0.043061,0.000000,0.043061,6.82e-05
2445,20,0.024200,0.000000,0.024200,6.82e-05
2446,20,0.013498,0.000000,0.013498,6.82e-05
2447,20,0.031727,0.000000,0.031727,6.81e-05
2448,20,0.032352,0.000000,0.032352,6.81e-05
2449,20,0.008977,0.000000,0.008977,6.81e-05
2450,20,0.041013,0.000000,0.041013,6.81e-05
2451,20,0.055807,0.000000,0.055807,6.80e-05
2452,20,0.095384,0.000000,0.095384,6.80e-05
2453,20,0.033108,0.000000,0.033108,6.80e-05
2454,20,0.009963,0.000000,0.009963,6.80e-05
2455,20,0.012303,0.000000,0.012303,6.80e-05
2456,20,0.010061,0.000000,0.010061,6.79e-05
2457,20,0.047979,0.000000,0.047979,6.79e-05
2458,20,0.005255,0.000000,0.005255,6.79e-05
2459,20,0.114012,0.000000,0.114012,6.79e-05
2460,20,0.063821,0.000000,0.063821,6.78e-05
2461,20,0.056351,0.000000,0.056351,6.78e-05
2462,20,0.047498,0.000000,0.047498,6.78e-05
2463,20,0.083579,0.000000,0.083579,6.78e-05
2464,20,0.076012,0.000000,0.076012,6.77e-05
2465,20,0.039313,0.000000,0.039313,6.77e-05
2466,20,0.010241,0.000000,0.010241,6.77e-05
2467,20,0.035700,0.000000,0.035700,6.77e-05
2468,20,0.046888,0.000000,0.046888,6.76e-05
2469,20,0.008676,0.000000,0.008676,6.76e-05
2470,20,0.024641,0.000000,0.024641,6.76e-05
2471,20,0.059293,0.000000,0.059293,6.76e-05
2472,20,0.052848,0.000000,0.052848,6.75e-05
2473,20,0.076890,0.000000,0.076890,6.75e-05
2474,20,0.047185,0.000000,0.047185,6.75e-05
2475,20,0.058234,0.000000,0.058234,6.75e-05
2476,20,0.027806,0.000000,0.027806,6.75e-05
2477,20,0.078983,0.000000,0.078983,6.74e-05
2478,20,0.023686,0.000000,0.023686,6.74e-05
2479,20,0.051155,0.000000,0.051155,6.74e-05
2480,20,0.020905,0.000000,0.020905,6.74e-05
2481,20,0.054248,0.000000,0.054248,6.73e-05
2482,20,0.049538,0.000000,0.049538,6.73e-05
2483,20,0.032009,0.000000,0.032009,6.73e-05
2484,20,0.041941,0.000000,0.041941,6.73e-05
2485,20,0.016941,0.000000,0.016941,6.72e-05
2486,20,0.055084,0.000000,0.055084,6.72e-05
2487,20,0.059706,0.000000,0.059706,6.72e-05
2488,20,0.054006,0.000000,0.054006,6.72e-05
2489,20,0.073033,0.000000,0.073033,6.71e-05
2490,20,0.077739,0.000000,0.077739,6.71e-05
2491,20,0.041405,0.000000,0.041405,6.71e-05
2492,20,0.056554,0.000000,0.056554,6.71e-05
2493,20,0.132940,0.000000,0.132940,6.70e-05
2494,20,0.040892,0.000000,0.040892,6.70e-05
2495,20,0.018799,0.000000,0.018799,6.70e-05
2496,20,0.004863,0.000000,0.004863,6.70e-05
2497,20,0.045102,0.000000,0.045102,6.69e-05
2498,20,0.126837,0.000000,0.126837,6.69e-05
2499,20,0.062879,0.000000,0.062879,6.69e-05
2500,21,0.036164,0.000000,0.036164,6.69e-05
2501,21,0.040245,0.000000,0.040245,6.69e-05
2502,21,0.033794,0.000000,0.033794,6.68e-05
2503,21,0.077669,0.000000,0.077669,6.68e-05
2504,21,0.021540,0.000000,0.021540,6.68e-05
2505,21,0.027004,0.000000,0.027004,6.68e-05
2506,21,0.047563,0.000000,0.047563,6.67e-05
2507,21,0.120552,0.000000,0.120552,6.67e-05
2508,21,0.022559,0.000000,0.022559,6.67e-05
2509,21,0.052198,0.000000,0.052198,6.67e-05
2510,21,0.070969,0.000000,0.070969,6.66e-05
2511,21,0.039658,0.000000,0.039658,6.66e-05
2512,21,0.034727,0.000000,0.034727,6.66e-05
2513,21,0.027717,0.000000,0.027717,6.66e-05
2514,21,0.035676,0.000000,0.035676,6.65e-05
2515,21,0.071262,0.000000,0.071262,6.65e-05
2516,21,0.009482,0.000000,0.009482,6.65e-05
2517,21,0.013863,0.000000,0.013863,6.65e-05
2518,21,0.039577,0.000000,0.039577,6.64e-05
2519,21,0.062174,0.000000,0.062174,6.64e-05
2520,21,0.076336,0.000000,0.076336,6.64e-05
2521,21,0.065392,0.000000,0.065392,6.64e-05
2522,21,0.076579,0.000000,0.076579,6.63e-05
2523,21,0.045382,0.000000,0.045382,6.63e-05
2524,21,0.005560,0.000000,0.005560,6.63e-05
2525,21,0.049391,0.000000,0.049391,6.63e-05
2526,21,0.038136,0.000000,0.038136,6.63e-05
2527,21,0.029019,0.000000,0.029019,6.62e-05
2528,21,0.041753,0.000000,0.041753,6.62e-05
2529,21,0.028832,0.000000,0.028832,6.62e-05
2530,21,0.019518,0.000000,0.019518,6.62e-05
2531,21,0.032475,0.000000,0.032475,6.61e-05
2532,21,0.024873,0.000000,0.024873,6.61e-05
2533,21,0.138904,0.000000,0.138904,6.61e-05
2534,21,0.080840,0.000000,0.080840,6.61e-05
2535,21,0.131680,0.000000,0.131680,6.60e-05
2536,21,0.033833,0.000000,0.033833,6.60e-05
2537,21,0.018667,0.000000,0.018667,6.60e-05
2538,21,0.042092,0.000000,0.042092,6.60e-05
2539,21,0.007078,0.000000,0.007078,6.59e-05
2540,21,0.029381,0.000000,0.029381,6.59e-05
2541,21,0.053381,0.000000,0.053381,6.59e-05
2542,21,0.042139,0.000000,0.042139,6.59e-05
2543,21,0.011615,0.000000,0.011615,6.58e-05
2544,21,0.003042,0.000000,0.003042,6.58e-05
2545,21,0.004958,0.000000,0.004958,6.58e-05
2546,21,0.018123,0.000000,0.018123,6.58e-05
2547,21,0.055985,0.000000,0.055985,6.57e-05
2548,21,0.003445,0.000000,0.003445,6.57e-05
2549,21,0.029569,0.000000,0.029569,6.57e-05
2550,21,0.094222,0.000000,0.094222,6.57e-05
2551,21,0.012962,0.000000,0.012962,6.56e-05
2552,21,0.030413,0.000000,0.030413,6.56e-05
2553,21,0.043912,0.000000,0.043912,6.56e-05
2554,21,0.020542,0.000000,0.020542,6.56e-05
2555,21,0.058350,0.000000,0.058350,6.55e-05
2556,21,0.016562,0.000000,0.016562,6.55e-05
2557,21,0.034419,0.000000,0.034419,6.55e-05
2558,21,0.048394,0.000000,0.048394,6.55e-05
2559,21,0.040822,0.000000,0.040822,6.55e-05
2560,21,0.020590,0.000000,0.020590,6.54e-05
2561,21,0.028587,0.000000,0.028587,6.54e-05
2562,21,0.035980,0.000000,0.035980,6.54e-05
2563,21,0.068733,0.000000,0.068733,6.54e-05
2564,21,0.030561,0.000000,0.030561,6.53e-05
2565,21,0.035556,0.000000,0.035556,6.53e-05
2566,21,0.011139,0.000000,0.011139,6.53e-05
2567,21,0.045734,0.000000,0.045734,6.53e-05
2568,21,0.027590,0.000000,0.027590,6.52e-05
2569,21,0.091621,0.000000,0.091621,6.52e-05
2570,21,0.050047,0.000000,0.050047,6.52e-05
2571,21,0.050779,0.000000,0.050779,6.52e-05
2572,21,0.023870,0.000000,0.023870,6.51e-05
2573,21,0.037125,0.000000,0.037125,6.51e-05
2574,21,0.023903,0.000000,0.023903,6.51e-05
2575,21,0.057530,0.000000,0.057530,6.51e-05
2576,21,0.033873,0.000000,0.033873,6.50e-05
2577,21,0.042513,0.000000,0.042513,6.50e-05
2578,21,0.003178,0.000000,0.003178,6.50e-05
2579,21,0.065800,0.000000,0.065800,6.50e-05
2580,21,0.004700,0.000000,0.004700,6.49e-05
2581,21,0.019640,0.000000,0.019640,6.49e-05
2582,21,0.041400,0.000000,0.041400,6.49e-05
2583,21,0.108879,0.000000,0.108879,6.49e-05
2584,21,0.090565,0.000000,0.090565,6.48e-05
2585,21,0.042647,0.000000,0.042647,6.48e-05
2586,21,0.107212,0.000000,0.107212,6.48e-05
2587,21,0.090058,0.000000,0.090058,6.48e-05
2588,21,0.027611,0.000000,0.027611,6.47e-05
2589,21,0.017797,0.000000,0.017797,6.47e-05
2590,21,0.039307,0.000000,0.039307,6.47e-05
2591,21,0.037299,0.000000,0.037299,6.47e-05
2592,21,0.006528,0.000000,0.006528,6.46e-05
2593,21,0.076333,0.000000,0.076333,6.46e-05
2594,21,0.030677,0.000000,0.030677,6.46e-05
2595,21,0.028362,0.000000,0.028362,6.46e-05
2596,21,0.041314,0.000000,0.041314,6.45e-05
2597,21,0.025211,0.000000,0.025211,6.45e-05
2598,21,0.050513,0.000000,0.050513,6.45e-05
2599,21,0.033816,0.000000,0.033816,6.45e-05
2600,21,0.023149,0.000000,0.023149,6.45e-05
2601,21,0.045026,0.000000,0.045026,6.44e-05
2602,21,0.031680,0.000000,0.031680,6.44e-05
2603,21,0.043211,0.000000,0.043211,6.44e-05
2604,21,0.010709,0.000000,0.010709,6.44e-05
2605,21,0.042880,0.000000,0.042880,6.43e-05
2606,21,0.054540,0.000000,0.054540,6.43e-05
2607,21,0.028288,0.000000,0.028288,6.43e-05
2608,21,0.069299,0.000000,0.069299,6.43e-05
2609,21,0.112532,0.000000,0.112532,6.42e-05
2610,21,0.061919,0.000000,0.061919,6.42e-05
2611,21,0.021309,0.000000,0.021309,6.42e-05
2612,21,0.059273,0.000000,0.059273,6.42e-05
2613,21,0.025217,0.000000,0.025217,6.41e-05
2614,21,0.019351,0.000000,0.019351,6.41e-05
2615,21,0.019685,0.000000,0.019685,6.41e-05
2616,21,0.039120,0.000000,0.039120,6.41e-05
2617,21,0.150034,0.000000,0.150034,6.40e-05
2618,21,0.069093,0.000000,0.069093,6.40e-05
2619,21,0.092495,0.000000,0.092495,6.40e-05
2620,21,0.081187,0.000000,0.081187,6.40e-05
2621,21,0.015319,0.000000,0.015319,6.39e-05
2622,21,0.063748,0.000000,0.063748,6.39e-05
2623,21,0.072673,0.000000,0.072673,6.39e-05
2624,21,0.096068,0.000000,0.096068,6.39e-05
2625,22,0.015980,0.000000,0.015980,6.38e-05
2626,22,0.074158,0.000000,0.074158,6.38e-05
2627,22,0.043986,0.000000,0.043986,6.38e-05
2628,22,0.060065,0.000000,0.060065,6.38e-05
2629,22,0.044574,0.000000,0.044574,6.37e-05
2630,22,0.068178,0.000000,0.068178,6.37e-05
2631,22,0.084745,0.000000,0.084745,6.37e-05
2632,22,0.055207,0.000000,0.055207,6.37e-05
2633,22,0.053450,0.000000,0.053450,6.36e-05
2634,22,0.016727,0.000000,0.016727,6.36e-05
2635,22,0.005012,0.000000,0.005012,6.36e-05
2636,22,0.036789,0.000000,0.036789,6.36e-05
2637,22,0.038633,0.000000,0.038633,6.35e-05
2638,22,0.030533,0.000000,0.030533,6.35e-05
2639,22,0.016187,0.000000,0.016187,6.35e-05
2640,22,0.007200,0.000000,0.007200,6.35e-05
2641,22,0.031483,0.000000,0.031483,6.34e-05
2642,22,0.020570,0.000000,0.020570,6.34e-05
2643,22,0.007547,0.000000,0.007547,6.34e-05
2644,22,0.058081,0.000000,0.058081,6.34e-05
2645,22,0.020491,0.000000,0.020491,6.33e-05
2646,22,0.038983,0.000000,0.038983,6.33e-05
2647,22,0.024468,0.000000,0.024468,6.33e-05
2648,22,0.063110,0.000000,0.063110,6.33e-05
2649,22,0.039028,0.000000,0.039028,6.32e-05
2650,22,0.035009,0.000000,0.035009,6.32e-05
2651,22,0.056590,0.000000,0.056590,6.32e-05
2652,22,0.053273,0.000000,0.053273,6.32e-05
2653,22,0.004197,0.000000,0.004197,6.32e-05
2654,22,0.069683,0.000000,0.069683,6.31e-05
2655,22,0.011569,0.000000,0.011569,6.31e-05
2656,22,0.115259,0.000000,0.115259,6.31e-05
2657,22,0.090431,0.000000,0.090431,6.31e-05
2658,22,0.064601,0.000000,0.064601,6.30e-05
2659,22,0.073318,0.000000,0.073318,6.30e-05
2660,22,0.015535,0.000000,0.015535,6.30e-05
2661,22,0.009899,0.000000,0.009899,6.30e-05
2662,22,0.033397,0.000000,0.033397,6.29e-05
2663,22,0.051983,0.000000,0.051983,6.29e-05
2664,22,0.023400,0.000000,0.023400,6.29e-05
2665,22,0.013852,0.000000,0.013852,6.29e-05
2666,22,0.112239,0.000000,0.112239,6.28e-05
2667,22,0.057999,0.000000,0.057999,6.28e-05
2668,22,0.050856,0.000000,0.050856,6.28e-05
2669,22,0.059417,0.000000,0.059417,6.28e-05
2670,22,0.051754,0.000000,0.051754,6.27e-05
2671,22,0.030860,0.000000,0.030860,6.27e-05
2672,22,0.040031,0.000000,0.040031,6.27e-05
2673,22,0.075347,0.000000,0.075347,6.27e-05
2674,22,0.043711,0.000000,0.043711,6.26e-05
2675,22,0.029429,0.000000,0.029429,6.26e-05
2676,22,0.019786,0.000000,0.019786,6.26e-05
2677,22,0.025595,0.000000,0.025595,6.26e-05
2678,22,0.036551,0.000000,0.036551,6.25e-05
2679,22,0.051800,0.000000,0.051800,6.25e-05
2680,22,0.055516,0.000000,0.055516,6.25e-05
2681,22,0.035724,0.000000,0.035724,6.25e-05
2682,22,0.057442,0.000000,0.057442,6.24e-05
2683,22,0.025297,0.000000,0.025297,6.24e-05
2684,22,0.040802,0.000000,0.040802,6.24e-05
2685,22,0.033224,0.000000,0.033224,6.24e-05
2686,22,0.100867,0.000000,0.100867,6.23e-05
2687,22,0.027809,0.000000,0.027809,6.23e-05
2688,22,0.070060,0.000000,0.070060,6.23e-05
2689,22,0.065670,0.000000,0.065670,6.23e-05
2690,22,0.036626,0.000000,0.036626,6.22e-05
2691,22,0.038946,0.000000,0.038946,6.22e-05
2692,22,0.034284,0.000000,0.034284,6.22e-05
2693,22,0.113352,0.000000,0.113352,6.22e-05
2694,22,0.060306,0.000000,0.060306,6.21e-05
2695,22,0.050644,0.000000,0.050644,6.21e-05
2696,22,0.045189,0.000000,0.045189,6.21e-05
2697,22,0.008605,0.000000,0.008605,6.21e-05
2698,22,0.005185,0.000000,0.005185,6.20e-05
2699,22,0.064934,0.000000,0.064934,6.20e-05
2700,22,0.005005,0.000000,0.005005,6.20e-05
2701,22,0.007780,0.000000,0.007780,6.20e-05
2702,22,0.091943,0.000000,0.091943,6.19e-05
2703,22,0.032363,0.000000,0.032363,6.19e-05
2704,22,0.034091,0.000000,0.034091,6.19e-05
2705,22,0.109133,0.000000,0.109133,6.19e-05
2706,22,0.039584,0.000000,0.039584,6.18e-05
2707,22,0.063006,0.000000,0.063006,6.18e-05
2708,22,0.056871,0.000000,0.056871,6.18e-05
2709,22,0.033093,0.000000,0.033093,6.18e-05
2710,22,0.083405,0.000000,0.083405,6.17e-05
2711,22,0.031455,0.000000,0.031455,6.17e-05
2712,22,0.013959,0.000000,0.013959,6.17e-05
2713,22,0.008905,0.000000,0.008905,6.17e-05
2714,22,0.042003,0.000000,0.042003,6.16e-05
2715,22,0.039542,0.000000,0.039542,6.16e-05
2716,22,0.038828,0.000000,0.038828,6.16e-05
2717,22,0.019259,0.000000,0.019259,6.16e-05
2718,22,0.041043,0.000000,0.041043,6.15e-05
2719,22,0.052910,0.000000,0.052910,6.15e-05
2720,22,0.063720,0.000000,0.063720,6.15e-05
2721,22,0.022101,0.000000,0.022101,6.15e-05
2722,22,0.056308,0.000000,0.056308,6.14e-05
2723,22,0.041768,0.000000,0.041768,6.14e-05
2724,22,0.092194,0.000000,0.092194,6.14e-05
2725,22,0.136161,0.000000,0.136161,6.14e-05
2726,22,0.042161,0.000000,0.042161,6.13e-05
2727,22,0.021201,0.000000,0.021201,6.13e-05
2728,22,0.010164,0.000000,0.010164,6.13e-05
2729,22,0.110451,0.000000,0.110451,6.13e-05
2730,22,0.027601,0.000000,0.027601,6.12e-05
2731,22,0.097403,0.000000,0.097403,6.12e-05
2732,22,0.027165,0.000000,0.027165,6.12e-05
2733,22,0.010160,0.000000,0.010160,6.12e-05
2734,22,0.018231,0.000000,0.018231,6.11e-05
2735,22,0.031972,0.000000,0.031972,6.11e-05
2736,22,0.027661,0.000000,0.027661,6.11e-05
2737,22,0.052415,0.000000,0.052415,6.11e-05
2738,22,0.006996,0.000000,0.006996,6.10e-05
2739,22,0.079611,0.000000,0.079611,6.10e-05
2740,22,0.077134,0.000000,0.077134,6.10e-05
2741,22,0.008859,0.000000,0.008859,6.10e-05
2742,22,0.028159,0.000000,0.028159,6.09e-05
2743,22,0.002373,0.000000,0.002373,6.09e-05
2744,22,0.030557,0.000000,0.030557,6.09e-05
2745,22,0.056084,0.000000,0.056084,6.09e-05
2746,22,0.024417,0.000000,0.024417,6.08e-05
2747,22,0.024456,0.000000,0.024456,6.08e-05
2748,22,0.056223,0.000000,0.056223,6.08e-05
2749,22,0.056008,0.000000,0.056008,6.08e-05
2750,23,0.057509,0.000000,0.057509,6.07e-05
2751,23,0.017828,0.000000,0.017828,6.07e-05
2752,23,0.041228,0.000000,0.041228,6.07e-05
2753,23,0.021414,0.000000,0.021414,6.07e-05
2754,23,0.032583,0.000000,0.032583,6.06e-05
2755,23,0.081458,0.000000,0.081458,6.06e-05
2756,23,0.024801,0.000000,0.024801,6.06e-05
2757,23,0.039244,0.000000,0.039244,6.06e-05
2758,23,0.025709,0.000000,0.025709,6.05e-05
2759,23,0.076100,0.000000,0.076100,6.05e-05
2760,23,0.042571,0.000000,0.042571,6.05e-05
2761,23,0.023622,0.000000,0.023622,6.05e-05
2762,23,0.082035,0.000000,0.082035,6.04e-05
2763,23,0.022774,0.000000,0.022774,6.04e-05
2764,23,0.039104,0.000000,0.039104,6.04e-05
2765,23,0.044141,0.000000,0.044141,6.04e-05
2766,23,0.066327,0.000000,0.066327,6.03e-05
2767,23,0.038709,0.000000,0.038709,6.03e-05
2768,23,0.057044,0.000000,0.057044,6.03e-05
2769,23,0.029514,0.000000,0.029514,6.03e-05
2770,23,0.007493,0.000000,0.007493,6.02e-05
2771,23,0.077243,0.000000,0.077243,6.02e-05
2772,23,0.083957,0.000000,0.083957,6.02e-05
2773,23,0.006273,0.000000,0.006273,6.02e-05
2774,23,0.028100,0.000000,0.028100,6.01e-05
2775,23,0.041922,0.000000,0.041922,6.01e-05
2776,23,0.017323,0.000000,0.017323,6.01e-05
2777,23,0.064116,0.000000,0.064116,6.01e-05
2778,23,0.041025,0.000000,0.041025,6.00e-05
2779,23,0.012881,0.000000,0.012881,6.00e-05
2780,23,0.057901,0.000000,0.057901,6.00e-05
2781,23,0.027930,0.000000,0.027930,6.00e-05
2782,23,0.063276,0.000000,0.063276,5.99e-05
2783,23,0.048838,0.000000,0.048838,5.99e-05
2784,23,0.056098,0.000000,0.056098,5.99e-05
2785,23,0.032273,0.000000,0.032273,5.99e-05
2786,23,0.043505,0.000000,0.043505,5.98e-05
2787,23,0.011207,0.000000,0.011207,5.98e-05
2788,23,0.024009,0.000000,0.024009,5.98e-05
2789,23,0.041818,0.000000,0.041818,5.98e-05
2790,23,0.113503,0.000000,0.113503,5.97e-05
2791,23,0.057627,0.000000,0.057627,5.97e-05
2792,23,0.039081,0.000000,0.039081,5.97e-05
2793,23,0.029482,0.000000,0.029482,5.97e-05
2794,23,0.034736,0.000000,0.034736,5.96e-05
2795,23,0.037657,0.000000,0.037657,5.96e-05
2796,23,0.085659,0.000000,0.085659,5.96e-05
2797,23,0.072502,0.000000,0.072502,5.96e-05
2798,23,0.016086,0.000000,0.016086,5.95e-05
2799,23,0.040553,0.000000,0.040553,5.95e-05
2800,23,0.014424,0.000000,0.014424,5.95e-05
2801,23,0.052934,0.000000,0.052934,5.95e-05
2802,23,0.063482,0.000000,0.063482,5.94e-05
2803,23,0.077459,0.000000,0.077459,5.94e-05
2804,23,0.043038,0.000000,0.043038,5.94e-05
2805,23,0.024021,0.000000,0.024021,5.94e-05
2806,23,0.070254,0.000000,0.070254,5.93e-05
2807,23,0.035447,0.000000,0.035447,5.93e-05
2808,23,0.028101,0.000000,0.028101,5.93e-05
2809,23,0.022559,0.000000,0.022559,5.93e-05
2810,23,0.081789,0.000000,0.081789,5.92e-05
2811,23,0.048300,0.000000,0.048300,5.92e-05
2812,23,0.059343,0.000000,0.059343,5.92e-05
2813,23,0.090116,0.000000,0.090116,5.92e-05
2814,23,0.023516,0.000000,0.023516,5.91e-05
2815,23,0.048407,0.000000,0.048407,5.91e-05
2816,23,0.051534,0.000000,0.051534,5.91e-05
2817,23,0.058688,0.000000,0.058688,5.91e-05
2818,23,0.089806,0.000000,0.089806,5.90e-05
2819,23,0.061916,0.000000,0.061916,5.90e-05
2820,23,0.024190,0.000000,0.024190,5.90e-05
2821,23,0.022833,0.000000,0.022833,5.90e-05
2822,23,0.008067,0.000000,0.008067,5.89e-05
2823,23,0.034702,0.000000,0.034702,5.89e-05
2824,23,0.035083,0.000000,0.035083,5.89e-05
2825,23,0.065820,0.000000,0.065820,5.89e-05
2826,23,0.033183,0.000000,0.033183,5.88e-05
2827,23,0.043252,0.000000,0.043252,5.88e-05
2828,23,0.118753,0.000000,0.118753,5.88e-05
2829,23,0.017529,0.000000,0.017529,5.88e-05
2830,23,0.025016,0.000000,0.025016,5.87e-05
2831,23,0.032135,0.000000,0.032135,5.87e-05
2832,23,0.056326,0.000000,0.056326,5.87e-05
2833,23,0.047842,0.000000,0.047842,5.87e-05
2834,23,0.062882,0.000000,0.062882,5.86e-05
2835,23,0.074490,0.000000,0.074490,5.86e-05
2836,23,0.014460,0.000000,0.014460,5.86e-05
2837,23,0.070652,0.000000,0.070652,5.86e-05
2838,23,0.027285,0.000000,0.027285,5.85e-05
2839,23,0.064199,0.000000,0.064199,5.85e-05
2840,23,0.061965,0.000000,0.061965,5.85e-05
2841,23,0.005755,0.000000,0.005755,5.85e-05
2842,23,0.031324,0.000000,0.031324,5.84e-05
2843,23,0.068854,0.000000,0.068854,5.84e-05
2844,23,0.051532,0.000000,0.051532,5.84e-05
2845,23,0.043257,0.000000,0.043257,5.84e-05
2846,23,0.131176,0.000000,0.131176,5.83e-05
2847,23,0.032732,0.000000,0.032732,5.83e-05
2848,23,0.002725,0.000000,0.002725,5.83e-05
2849,23,0.046200,0.000000,0.046200,5.83e-05
2850,23,0.011895,0.000000,0.011895,5.82e-05
2851,23,0.089866,0.000000,0.089866,5.82e-05
2852,23,0.081416,0.000000,0.081416,5.82e-05
2853,23,0.086525,0.000000,0.086525,5.82e-05
2854,23,0.089549,0.000000,0.089549,5.81e-05
2855,23,0.099118,0.000000,0.099118,5.81e-05
2856,23,0.011586,0.000000,0.011586,5.81e-05
2857,23,0.070876,0.000000,0.070876,5.81e-05
2858,23,0.019509,0.000000,0.019509,5.80e-05
2859,23,0.033251,0.000000,0.033251,5.80e-05
2860,23,0.019936,0.000000,0.019936,5.80e-05
2861,23,0.022280,0.000000,0.022280,5.80e-05
2862,23,0.018876,0.000000,0.018876,5.79e-05
2863,23,0.069811,0.000000,0.069811,5.79e-05
2864,23,0.045948,0.000000,0.045948,5.79e-05
2865,23,0.041384,0.000000,0.041384,5.79e-05
2866,23,0.060702,0.000000,0.060702,5.78e-05
2867,23,0.015104,0.000000,0.015104,5.78e-05
2868,23,0.054518,0.000000,0.054518,5.78e-05
2869,23,0.038037,0.000000,0.038037,5.78e-05
2870,23,0.033419,0.000000,0.033419,5.77e-05
2871,23,0.086205,0.000000,0.086205,5.77e-05
2872,23,0.007549,0.000000,0.007549,5.77e-05
2873,23,0.012228,0.000000,0.012228,5.77e-05
2874,23,0.016044,0.000000,0.016044,5.76e-05
2875,24,0.019197,0.000000,0.019197,5.76e-05
2876,24,0.020304,0.000000,0.020304,5.76e-05
2877,24,0.034424,0.000000,0.034424,5.76e-05
2878,24,0.046331,0.000000,0.046331,5.75e-05
2879,24,0.105770,0.000000,0.105770,5.75e-05
2880,24,0.076739,0.000000,0.076739,5.75e-05
2881,24,0.072956,0.000000,0.072956,5.75e-05
2882,24,0.074915,0.000000,0.074915,5.74e-05
2883,24,0.028813,0.000000,0.028813,5.74e-05
2884,24,0.038546,0.000000,0.038546,5.74e-05
2885,24,0.030728,0.000000,0.030728,5.74e-05
2886,24,0.013761,0.000000,0.013761,5.73e-05
2887,24,0.079237,0.000000,0.079237,5.73e-05
2888,24,0.043988,0.000000,0.043988,5.73e-05
2889,24,0.050832,0.000000,0.050832,5.73e-05
2890,24,0.057858,0.000000,0.057858,5.72e-05
2891,24,0.048999,0.000000,0.048999,5.72e-05
2892,24,0.107745,0.000000,0.107745,5.72e-05
2893,24,0.045494,0.000000,0.045494,5.72e-05
2894,24,0.050385,0.000000,0.050385,5.71e-05
2895,24,0.014139,0.000000,0.014139,5.71e-05
2896,24,0.081221,0.000000,0.081221,5.71e-05
2897,24,0.079779,0.000000,0.079779,5.71e-05
2898,24,0.020557,0.000000,0.020557,5.70e-05
2899,24,0.044544,0.000000,0.044544,5.70e-05
2900,24,0.047084,0.000000,0.047084,5.70e-05
2901,24,0.093877,0.000000,0.093877,5.70e-05
2902,24,0.076883,0.000000,0.076883,5.69e-05
2903,24,0.029790,0.000000,0.029790,5.69e-05
2904,24,0.028595,0.000000,0.028595,5.69e-05
2905,24,0.046502,0.000000,0.046502,5.68e-05
2906,24,0.053574,0.000000,0.053574,5.68e-05
2907,24,0.018957,0.000000,0.018957,5.68e-05
2908,24,0.040640,0.000000,0.040640,5.68e-05
2909,24,0.018796,0.000000,0.018796,5.67e-05
2910,24,0.069337,0.000000,0.069337,5.67e-05
2911,24,0.044321,0.000000,0.044321,5.67e-05
2912,24,0.017382,0.000000,0.017382,5.67e-05
2913,24,0.037176,0.000000,0.037176,5.66e-05
2914,24,0.002559,0.000000,0.002559,5.66e-05
2915,24,0.035967,0.000000,0.035967,5.66e-05
2916,24,0.054657,0.000000,0.054657,5.66e-05
2917,24,0.067602,0.000000,0.067602,5.65e-05
2918,24,0.036643,0.000000,0.036643,5.65e-05
2919,24,0.059365,0.000000,0.059365,5.65e-05
2920,24,0.041235,0.000000,0.041235,5.65e-05
2921,24,0.030284,0.000000,0.030284,5.64e-05
2922,24,0.058978,0.000000,0.058978,5.64e-05
2923,24,0.030658,0.000000,0.030658,5.64e-05
2924,24,0.038943,0.000000,0.038943,5.64e-05
2925,24,0.094000,0.000000,0.094000,5.63e-05
2926,24,0.001933,0.000000,0.001933,5.63e-05
2927,24,0.020230,0.000000,0.020230,5.63e-05
2928,24,0.010188,0.000000,0.010188,5.63e-05
2929,24,0.032562,0.000000,0.032562,5.62e-05
2930,24,0.021113,0.000000,0.021113,5.62e-05
2931,24,0.017186,0.000000,0.017186,5.62e-05
2932,24,0.024992,0.000000,0.024992,5.62e-05
2933,24,0.071630,0.000000,0.071630,5.61e-05
2934,24,0.025665,0.000000,0.025665,5.61e-05
2935,24,0.014945,0.000000,0.014945,5.61e-05
2936,24,0.006485,0.000000,0.006485,5.61e-05
2937,24,0.028118,0.000000,0.028118,5.60e-05
2938,24,0.026620,0.000000,0.026620,5.60e-05
2939,24,0.031169,0.000000,0.031169,5.60e-05
2940,24,0.082196,0.000000,0.082196,5.60e-05
2941,24,0.038935,0.000000,0.038935,5.59e-05
2942,24,0.021963,0.000000,0.021963,5.59e-05
2943,24,0.022933,0.000000,0.022933,5.59e-05
2944,24,0.054848,0.000000,0.054848,5.59e-05
2945,24,0.017002,0.000000,0.017002,5.58e-05
2946,24,0.048535,0.000000,0.048535,5.58e-05
2947,24,0.026597,0.000000,0.026597,5.58e-05
2948,24,0.011273,0.000000,0.011273,5.58e-05
2949,24,0.025317,0.000000,0.025317,5.57e-05
2950,24,0.013335,0.000000,0.013335,5.57e-05
2951,24,0.016217,0.000000,0.016217,5.57e-05
2952,24,0.076240,0.000000,0.076240,5.57e-05
2953,24,0.050454,0.000000,0.050454,5.56e-05
2954,24,0.075556,0.000000,0.075556,5.56e-05
2955,24,0.026764,0.000000,0.026764,5.56e-05
2956,24,0.049594,0.000000,0.049594,5.56e-05
2957,24,0.044826,0.000000,0.044826,5.55e-05
2958,24,0.035132,0.000000,0.035132,5.55e-05
2959,24,0.041602,0.000000,0.041602,5.55e-05
2960,24,0.012686,0.000000,0.012686,5.55e-05
2961,24,0.035178,0.000000,0.035178,5.54e-05
2962,24,0.052385,0.000000,0.052385,5.54e-05
2963,24,0.115379,0.000000,0.115379,5.54e-05
2964,24,0.034702,0.000000,0.034702,5.54e-05
2965,24,0.022530,0.000000,0.022530,5.53e-05
2966,24,0.029827,0.000000,0.029827,5.53e-05
2967,24,0.016058,0.000000,0.016058,5.53e-05
2968,24,0.082017,0.000000,0.082017,5.53e-05
2969,24,0.053982,0.000000,0.053982,5.52e-05
2970,24,0.022471,0.000000,0.022471,5.52e-05
2971,24,0.036869,0.000000,0.036869,5.52e-05
2972,24,0.052927,0.000000,0.052927,5.52e-05
2973,24,0.022978,0.000000,0.022978,5.51e-05
2974,24,0.040860,0.000000,0.040860,5.51e-05
2975,24,0.083920,0.000000,0.083920,5.51e-05
2976,24,0.044673,0.000000,0.044673,5.50e-05
2977,24,0.057553,0.000000,0.057553,5.50e-05
2978,24,0.006061,0.000000,0.006061,5.50e-05
2979,24,0.050859,0.000000,0.050859,5.50e-05
2980,24,0.033544,0.000000,0.033544,5.49e-05
2981,24,0.056549,0.000000,0.056549,5.49e-05
2982,24,0.039396,0.000000,0.039396,5.49e-05
2983,24,0.040485,0.000000,0.040485,5.49e-05
2984,24,0.119258,0.000000,0.119258,5.48e-05
2985,24,0.064862,0.000000,0.064862,5.48e-05
2986,24,0.046266,0.000000,0.046266,5.48e-05
2987,24,0.101547,0.000000,0.101547,5.48e-05
2988,24,0.063356,0.000000,0.063356,5.47e-05
2989,24,0.046154,0.000000,0.046154,5.47e-05
2990,24,0.069307,0.000000,0.069307,5.47e-05
2991,24,0.042076,0.000000,0.042076,5.47e-05
2992,24,0.060477,0.000000,0.060477,5.46e-05
2993,24,0.031040,0.000000,0.031040,5.46e-05
2994,24,0.063689,0.000000,0.063689,5.46e-05
2995,24,0.112914,0.000000,0.112914,5.46e-05
2996,24,0.052191,0.000000,0.052191,5.45e-05
2997,24,0.006875,0.000000,0.006875,5.45e-05
2998,24,0.026731,0.000000,0.026731,5.45e-05
2999,24,0.107906,0.000000,0.107906,5.45e-05
3000,25,0.050109,0.000000,0.050109,5.44e-05
3001,25,0.031563,0.000000,0.031563,5.44e-05
3002,25,0.046903,0.000000,0.046903,5.44e-05
3003,25,0.043904,0.000000,0.043904,5.44e-05
3004,25,0.032758,0.000000,0.032758,5.43e-05
3005,25,0.152362,0.000000,0.152362,5.43e-05
3006,25,0.033187,0.000000,0.033187,5.43e-05
3007,25,0.045358,0.000000,0.045358,5.43e-05
3008,25,0.051762,0.000000,0.051762,5.42e-05
3009,25,0.059194,0.000000,0.059194,5.42e-05
3010,25,0.059784,0.000000,0.059784,5.42e-05
3011,25,0.022015,0.000000,0.022015,5.42e-05
3012,25,0.028601,0.000000,0.028601,5.41e-05
3013,25,0.016517,0.000000,0.016517,5.41e-05
3014,25,0.027162,0.000000,0.027162,5.41e-05
3015,25,0.023722,0.000000,0.023722,5.41e-05
3016,25,0.054810,0.000000,0.054810,5.40e-05
3017,25,0.016935,0.000000,0.016935,5.40e-05
3018,25,0.045730,0.000000,0.045730,5.40e-05
3019,25,0.085575,0.000000,0.085575,5.40e-05
3020,25,0.032067,0.000000,0.032067,5.39e-05
3021,25,0.056318,0.000000,0.056318,5.39e-05
3022,25,0.012880,0.000000,0.012880,5.39e-05
3023,25,0.044121,0.000000,0.044121,5.39e-05
3024,25,0.087896,0.000000,0.087896,5.38e-05
3025,25,0.103565,0.000000,0.103565,5.38e-05
3026,25,0.030425,0.000000,0.030425,5.38e-05
3027,25,0.035435,0.000000,0.035435,5.38e-05
3028,25,0.052348,0.000000,0.052348,5.37e-05
3029,25,0.074187,0.000000,0.074187,5.37e-05
3030,25,0.057957,0.000000,0.057957,5.37e-05
3031,25,0.035725,0.000000,0.035725,5.36e-05
3032,25,0.051996,0.000000,0.051996,5.36e-05
3033,25,0.019337,0.000000,0.019337,5.36e-05
3034,25,0.126138,0.000000,0.126138,5.36e-05
3035,25,0.017072,0.000000,0.017072,5.35e-05
3036,25,0.106785,0.000000,0.106785,5.35e-05
3037,25,0.066378,0.000000,0.066378,5.35e-05
3038,25,0.005989,0.000000,0.005989,5.35e-05
3039,25,0.067644,0.000000,0.067644,5.34e-05
3040,25,0.033562,0.000000,0.033562,5.34e-05
3041,25,0.081104,0.000000,0.081104,5.34e-05
3042,25,0.014374,0.000000,0.014374,5.34e-05
3043,25,0.045054,0.000000,0.045054,5.33e-05
3044,25,0.054436,0.000000,0.054436,5.33e-05
3045,25,0.054154,0.000000,0.054154,5.33e-05
3046,25,0.022297,0.000000,0.022297,5.33e-05
3047,25,0.093282,0.000000,0.093282,5.32e-05
3048,25,0.053808,0.000000,0.053808,5.32e-05
3049,25,0.018207,0.000000,0.018207,5.32e-05
3050,25,0.046128,0.000000,0.046128,5.32e-05
3051,25,0.076535,0.000000,0.076535,5.31e-05
3052,25,0.024314,0.000000,0.024314,5.31e-05
3053,25,0.024874,0.000000,0.024874,5.31e-05
3054,25,0.033165,0.000000,0.033165,5.31e-05
3055,25,0.012179,0.000000,0.012179,5.30e-05
3056,25,0.055416,0.000000,0.055416,5.30e-05
3057,25,0.048427,0.000000,0.048427,5.30e-05
3058,25,0.058123,0.000000,0.058123,5.30e-05
3059,25,0.042659,0.000000,0.042659,5.29e-05
3060,25,0.019637,0.000000,0.019637,5.29e-05
3061,25,0.053630,0.000000,0.053630,5.29e-05
3062,25,0.041628,0.000000,0.041628,5.29e-05
3063,25,0.061341,0.000000,0.061341,5.28e-05
3064,25,0.070576,0.000000,0.070576,5.28e-05
3065,25,0.026540,0.000000,0.026540,5.28e-05
3066,25,0.063705,0.000000,0.063705,5.28e-05
3067,25,0.043014,0.000000,0.043014,5.27e-05
3068,25,0.070810,0.000000,0.070810,5.27e-05
3069,25,0.038758,0.000000,0.038758,5.27e-05
3070,25,0.010752,0.000000,0.010752,5.27e-05
3071,25,0.150872,0.000000,0.150872,5.26e-05
3072,25,0.022487,0.000000,0.022487,5.26e-05
3073,25,0.032096,0.000000,0.032096,5.26e-05
3074,25,0.087818,0.000000,0.087818,5.26e-05
3075,25,0.023137,0.000000,0.023137,5.25e-05
3076,25,0.015123,0.000000,0.015123,5.25e-05
3077,25,0.019074,0.000000,0.019074,5.25e-05
3078,25,0.072546,0.000000,0.072546,5.25e-05
3079,25,0.068963,0.000000,0.068963,5.24e-05
3080,25,0.101935,0.000000,0.101935,5.24e-05
3081,25,0.025304,0.000000,0.025304,5.24e-05
3082,25,0.025086,0.000000,0.025086,5.23e-05
3083,25,0.058378,0.000000,0.058378,5.23e-05
3084,25,0.045709,0.000000,0.045709,5.23e-05
3085,25,0.010541,0.000000,0.010541,5.23e-05
3086,25,0.027538,0.000000,0.027538,5.22e-05
3087,25,0.023461,0.000000,0.023461,5.22e-05
3088,25,0.092900,0.000000,0.092900,5.22e-05
3089,25,0.026532,0.000000,0.026532,5.22e-05
3090,25,0.042664,0.000000,0.042664,5.21e-05
3091,25,0.065840,0.000000,0.065840,5.21e-05
3092,25,0.047106,0.000000,0.047106,5.21e-05
3093,25,0.033725,0.000000,0.033725,5.21e-05
3094,25,0.028327,0.000000,0.028327,5.20e-05
3095,25,0.021183,0.000000,0.021183,5.20e-05
3096,25,0.076884,0.000000,0.076884,5.20e-05
3097,25,0.061383,0.000000,0.061383,5.20e-05
3098,25,0.052781,0.000000,0.052781,5.19e-05
3099,25,0.032452,0.000000,0.032452,5.19e-05
3100,25,0.019160,0.000000,0.019160,5.19e-05
3101,25,0.057126,0.000000,0.057126,5.19e-05
3102,25,0.010227,0.000000,0.010227,5.18e-05
3103,25,0.037010,0.000000,0.037010,5.18e-05
3104,25,0.100587,0.000000,0.100587,5.18e-05
3105,25,0.029051,0.000000,0.029051,5.18e-05
3106,25,0.024217,0.000000,0.024217,5.17e-05
3107,25,0.047272,0.000000,0.047272,5.17e-05
3108,25,0.044579,0.000000,0.044579,5.17e-05
3109,25,0.089698,0.000000,0.089698,5.17e-05
3110,25,0.018766,0.000000,0.018766,5.16e-05
3111,25,0.078805,0.000000,0.078805,5.16e-05
3112,25,0.039481,0.000000,0.039481,5.16e-05
3113,25,0.024613,0.000000,0.024613,5.16e-05
3114,25,0.049949,0.000000,0.049949,5.15e-05
3115,25,0.083812,0.000000,0.083812,5.15e-05
3116,25,0.017599,0.000000,0.017599,5.15e-05
3117,25,0.037653,0.000000,0.037653,5.15e-05
3118,25,0.056452,0.000000,0.056452,5.14e-05
3119,25,0.047858,0.000000,0.047858,5.14e-05
3120,25,0.017581,0.000000,0.017581,5.14e-05
3121,25,0.048301,0.000000,0.048301,5.14e-05
3122,25,0.059288,0.000000,0.059288,5.13e-05
3123,25,0.040817,0.000000,0.040817,5.13e-05
3124,25,0.056513,0.000000,0.056513,5.13e-05
3125,26,0.020762,0.000000,0.020762,5.13e-05
3126,26,0.060173,0.000000,0.060173,5.12e-05
3127,26,0.092498,0.000000,0.092498,5.12e-05
3128,26,0.058230,0.000000,0.058230,5.12e-05
3129,26,0.025180,0.000000,0.025180,5.11e-05
3130,26,0.027624,0.000000,0.027624,5.11e-05
3131,26,0.049769,0.000000,0.049769,5.11e-05
3132,26,0.078592,0.000000,0.078592,5.11e-05
3133,26,0.010225,0.000000,0.010225,5.10e-05
3134,26,0.055366,0.000000,0.055366,5.10e-05
3135,26,0.068116,0.000000,0.068116,5.10e-05
3136,26,0.014322,0.000000,0.014322,5.10e-05
3137,26,0.034249,0.000000,0.034249,5.09e-05
3138,26,0.012521,0.000000,0.012521,5.09e-05
3139,26,0.094072,0.000000,0.094072,5.09e-05
3140,26,0.052689,0.000000,0.052689,5.09e-05
3141,26,0.034588,0.000000,0.034588,5.08e-05
3142,26,0.087823,0.000000,0.087823,5.08e-05
3143,26,0.038122,0.000000,0.038122,5.08e-05
3144,26,0.078264,0.000000,0.078264,5.08e-05
3145,26,0.031716,0.000000,0.031716,5.07e-05
3146,26,0.011410,0.000000,0.011410,5.07e-05
3147,26,0.063560,0.000000,0.063560,5.07e-05
3148,26,0.050486,0.000000,0.050486,5.07e-05
3149,26,0.068983,0.000000,0.068983,5.06e-05
3150,26,0.012461,0.000000,0.012461,5.06e-05
3151,26,0.068525,0.000000,0.068525,5.06e-05
3152,26,0.047207,0.000000,0.047207,5.06e-05
3153,26,0.034415,0.000000,0.034415,5.05e-05
3154,26,0.051503,0.000000,0.051503,5.05e-05
3155,26,0.109128,0.000000,0.109128,5.05e-05
3156,26,0.032594,0.000000,0.032594,5.05e-05
3157,26,0.064024,0.000000,0.064024,5.04e-05
3158,26,0.023713,0.000000,0.023713,5.04e-05
3159,26,0.043824,0.000000,0.043824,5.04e-05
3160,26,0.103056,0.000000,0.103056,5.04e-05
3161,26,0.032083,0.000000,0.032083,5.03e-05
3162,26,0.032382,0.000000,0.032382,5.03e-05
3163,26,0.114310,0.000000,0.114310,5.03e-05
3164,26,0.033494,0.000000,0.033494,5.03e-05
3165,26,0.038524,0.000000,0.038524,5.02e-05
3166,26,0.037068,0.000000,0.037068,5.02e-05
3167,26,0.036466,0.000000,0.036466,5.02e-05
3168,26,0.044637,0.000000,0.044637,5.02e-05
3169,26,0.007261,0.000000,0.007261,5.01e-05
3170,26,0.052935,0.000000,0.052935,5.01e-05
3171,26,0.043325,0.000000,0.043325,5.01e-05
3172,26,0.007864,0.000000,0.007864,5.01e-05
3173,26,0.041593,0.000000,0.041593,5.00e-05
3174,26,0.077058,0.000000,0.077058,5.00e-05
3175,26,0.039182,0.000000,0.039182,5.00e-05
3176,26,0.065691,0.000000,0.065691,4.99e-05
3177,26,0.007026,0.000000,0.007026,4.99e-05
3178,26,0.039799,0.000000,0.039799,4.99e-05
3179,26,0.003334,0.000000,0.003334,4.99e-05
3180,26,0.038575,0.000000,0.038575,4.98e-05
3181,26,0.026812,0.000000,0.026812,4.98e-05
3182,26,0.031404,0.000000,0.031404,4.98e-05
3183,26,0.046699,0.000000,0.046699,4.98e-05
3184,26,0.037221,0.000000,0.037221,4.97e-05
3185,26,0.030385,0.000000,0.030385,4.97e-05
3186,26,0.081439,0.000000,0.081439,4.97e-05
3187,26,0.046030,0.000000,0.046030,4.97e-05
3188,26,0.023762,0.000000,0.023762,4.96e-05
3189,26,0.066294,0.000000,0.066294,4.96e-05
3190,26,0.056406,0.000000,0.056406,4.96e-05
3191,26,0.069951,0.000000,0.069951,4.96e-05
3192,26,0.034098,0.000000,0.034098,4.95e-05
3193,26,0.094396,0.000000,0.094396,4.95e-05
3194,26,0.048228,0.000000,0.048228,4.95e-05
3195,26,0.057053,0.000000,0.057053,4.95e-05
3196,26,0.028925,0.000000,0.028925,4.94e-05
3197,26,0.039521,0.000000,0.039521,4.94e-05
3198,26,0.091826,0.000000,0.091826,4.94e-05
3199,26,0.047767,0.000000,0.047767,4.94e-05
3200,26,0.066510,0.000000,0.066510,4.93e-05
3201,26,0.121978,0.000000,0.121978,4.93e-05
3202,26,0.003184,0.000000,0.003184,4.93e-05
3203,26,0.054598,0.000000,0.054598,4.93e-05
3204,26,0.046097,0.000000,0.046097,4.92e-05
3205,26,0.057101,0.000000,0.057101,4.92e-05
3206,26,0.046507,0.000000,0.046507,4.92e-05
3207,26,0.028554,0.000000,0.028554,4.92e-05
3208,26,0.028949,0.000000,0.028949,4.91e-05
3209,26,0.036630,0.000000,0.036630,4.91e-05
3210,26,0.049741,0.000000,0.049741,4.91e-05
3211,26,0.054059,0.000000,0.054059,4.91e-05
3212,26,0.026581,0.000000,0.026581,4.90e-05
3213,26,0.006060,0.000000,0.006060,4.90e-05
3214,26,0.012619,0.000000,0.012619,4.90e-05
3215,26,0.009679,0.000000,0.009679,4.90e-05
3216,26,0.042410,0.000000,0.042410,4.89e-05
3217,26,0.037857,0.000000,0.037857,4.89e-05
3218,26,0.045861,0.000000,0.045861,4.89e-05
3219,26,0.084617,0.000000,0.084617,4.89e-05
3220,26,0.074708,0.000000,0.074708,4.88e-05
3221,26,0.046384,0.000000,0.046384,4.88e-05
3222,26,0.029778,0.000000,0.029778,4.88e-05
3223,26,0.076158,0.000000,0.076158,4.87e-05
3224,26,0.057570,0.000000,0.057570,4.87e-05
3225,26,0.045954,0.000000,0.045954,4.87e-05
3226,26,0.026293,0.000000,0.026293,4.87e-05
3227,26,0.082302,0.000000,0.082302,4.86e-05
3228,26,0.023441,0.000000,0.023441,4.86e-05
3229,26,0.033721,0.000000,0.033721,4.86e-05
3230,26,0.037139,0.000000,0.037139,4.86e-05
3231,26,0.034131,0.000000,0.034131,4.85e-05
3232,26,0.101693,0.000000,0.101693,4.85e-05
3233,26,0.030421,0.000000,0.030421,4.85e-05
3234,26,0.030725,0.000000,0.030725,4.85e-05
3235,26,0.036326,0.000000,0.036326,4.84e-05
3236,26,0.048651,0.000000,0.048651,4.84e-05
3237,26,0.020811,0.000000,0.020811,4.84e-05
3238,26,0.074014,0.000000,0.074014,4.84e-05
3239,26,0.014898,0.000000,0.014898,4.83e-05
3240,26,0.066679,0.000000,0.066679,4.83e-05
3241,26,0.101325,0.000000,0.101325,4.83e-05
3242,26,0.060819,0.000000,0.060819,4.83e-05
3243,26,0.057553,0.000000,0.057553,4.82e-05
3244,26,0.041894,0.000000,0.041894,4.82e-05
3245,26,0.046132,0.000000,0.046132,4.82e-05
3246,26,0.039168,0.000000,0.039168,4.82e-05
3247,26,0.053675,0.000000,0.053675,4.81e-05
3248,26,0.051939,0.000000,0.051939,4.81e-05
3249,26,0.006918,0.000000,0.006918,4.81e-05
3250,27,0.051185,0.000000,0.051185,4.81e-05
3251,27,0.010363,0.000000,0.010363,4.80e-05
3252,27,0.041165,0.000000,0.041165,4.80e-05
3253,27,0.078093,0.000000,0.078093,4.80e-05
3254,27,0.022226,0.000000,0.022226,4.80e-05
3255,27,0.016618,0.000000,0.016618,4.79e-05
3256,27,0.069763,0.000000,0.069763,4.79e-05
3257,27,0.039606,0.000000,0.039606,4.79e-05
3258,27,0.062581,0.000000,0.062581,4.79e-05
3259,27,0.061243,0.000000,0.061243,4.78e-05
3260,27,0.033219,0.000000,0.033219,4.78e-05
3261,27,0.114419,0.000000,0.114419,4.78e-05
3262,27,0.064450,0.000000,0.064450,4.78e-05
3263,27,0.079663,0.000000,0.079663,4.77e-05
3264,27,0.074384,0.000000,0.074384,4.77e-05
3265,27,0.047743,0.000000,0.047743,4.77e-05
3266,27,0.039635,0.000000,0.039635,4.77e-05
3267,27,0.078950,0.000000,0.078950,4.76e-05
3268,27,0.058925,0.000000,0.058925,4.76e-05
3269,27,0.014163,0.000000,0.014163,4.76e-05
3270,27,0.097066,0.000000,0.097066,4.75e-05
3271,27,0.029140,0.000000,0.029140,4.75e-05
3272,27,0.062641,0.000000,0.062641,4.75e-05
3273,27,0.066837,0.000000,0.066837,4.75e-05
3274,27,0.025084,0.000000,0.025084,4.74e-05
3275,27,0.068490,0.000000,0.068490,4.74e-05
3276,27,0.044688,0.000000,0.044688,4.74e-05
3277,27,0.075907,0.000000,0.075907,4.74e-05
3278,27,0.085861,0.000000,0.085861,4.73e-05
3279,27,0.022943,0.000000,0.022943,4.73e-05
3280,27,0.076587,0.000000,0.076587,4.73e-05
3281,27,0.041976,0.000000,0.041976,4.73e-05
3282,27,0.036586,0.000000,0.036586,4.72e-05
3283,27,0.048164,0.000000,0.048164,4.72e-05
3284,27,0.141915,0.000000,0.141915,4.72e-05
3285,27,0.027101,0.000000,0.027101,4.72e-05
3286,27,0.021127,0.000000,0.021127,4.71e-05
3287,27,0.010098,0.000000,0.010098,4.71e-05
3288,27,0.054233,0.000000,0.054233,4.71e-05
3289,27,0.075110,0.000000,0.075110,4.71e-05
3290,27,0.053906,0.000000,0.053906,4.70e-05
3291,27,0.048583,0.000000,0.048583,4.70e-05
3292,27,0.010496,0.000000,0.010496,4.70e-05
3293,27,0.062889,0.000000,0.062889,4.70e-05
3294,27,0.008819,0.000000,0.008819,4.69e-05
3295,27,0.059800,0.000000,0.059800,4.69e-05
3296,27,0.080962,0.000000,0.080962,4.69e-05
3297,27,0.029854,0.000000,0.029854,4.69e-05
3298,27,0.008271,0.000000,0.008271,4.68e-05
3299,27,0.032267,0.000000,0.032267,4.68e-05
3300,27,0.053151,0.000000,0.053151,4.68e-05
3301,27,0.086151,0.000000,0.086151,4.68e-05
3302,27,0.032805,0.000000,0.032805,4.67e-05
3303,27,0.041976,0.000000,0.041976,4.67e-05
3304,27,0.101880,0.000000,0.101880,4.67e-05
3305,27,0.018740,0.000000,0.018740,4.67e-05
3306,27,0.055823,0.000000,0.055823,4.66e-05
3307,27,0.031202,0.000000,0.031202,4.66e-05
3308,27,0.058354,0.000000,0.058354,4.66e-05
3309,27,0.037860,0.000000,0.037860,4.66e-05
3310,27,0.031890,0.000000,0.031890,4.65e-05
3311,27,0.024657,0.000000,0.024657,4.65e-05
3312,27,0.028370,0.000000,0.028370,4.65e-05
3313,27,0.043997,0.000000,0.043997,4.65e-05
3314,27,0.059274,0.000000,0.059274,4.64e-05
3315,27,0.033851,0.000000,0.033851,4.64e-05
3316,27,0.015853,0.000000,0.015853,4.64e-05
3317,27,0.047187,0.000000,0.047187,4.64e-05
3318,27,0.024605,0.000000,0.024605,4.63e-05
3319,27,0.041680,0.000000,0.041680,4.63e-05
3320,27,0.005012,0.000000,0.005012,4.63e-05
3321,27,0.036278,0.000000,0.036278,4.62e-05
3322,27,0.046768,0.000000,0.046768,4.62e-05
3323,27,0.024008,0.000000,0.024008,4.62e-05
3324,27,0.004219,0.000000,0.004219,4.62e-05
3325,27,0.039464,0.000000,0.039464,4.61e-05
3326,27,0.078255,0.000000,0.078255,4.61e-05
3327,27,0.038559,0.000000,0.038559,4.61e-05
3328,27,0.097372,0.000000,0.097372,4.61e-05
3329,27,0.057822,0.000000,0.057822,4.60e-05
3330,27,0.029339,0.000000,0.029339,4.60e-05
3331,27,0.049537,0.000000,0.049537,4.60e-05
3332,27,0.004470,0.000000,0.004470,4.60e-05
3333,27,0.070722,0.000000,0.070722,4.59e-05
3334,27,0.043249,0.000000,0.043249,4.59e-05
3335,27,0.056149,0.000000,0.056149,4.59e-05
3336,27,0.047207,0.000000,0.047207,4.59e-05
3337,27,0.022866,0.000000,0.022866,4.58e-05
3338,27,0.021452,0.000000,0.021452,4.58e-05
3339,27,0.021631,0.000000,0.021631,4.58e-05
3340,27,0.062863,0.000000,0.062863,4.58e-05
3341,27,0.050469,0.000000,0.050469,4.57e-05
3342,27,0.069435,0.000000,0.069435,4.57e-05
3343,27,0.040951,0.000000,0.040951,4.57e-05
3344,27,0.003144,0.000000,0.003144,4.57e-05
3345,27,0.001897,0.000000,0.001897,4.56e-05
3346,27,0.069061,0.000000,0.069061,4.56e-05
3347,27,0.065524,0.000000,0.065524,4.56e-05
3348,27,0.121525,0.000000,0.121525,4.56e-05
3349,27,0.051709,0.000000,0.051709,4.55e-05
3350,27,0.024502,0.000000,0.024502,4.55e-05
3351,27,0.013399,0.000000,0.013399,4.55e-05
3352,27,0.024669,0.000000,0.024669,4.55e-05
3353,27,0.039544,0.000000,0.039544,4.54e-05
3354,27,0.051188,0.000000,0.051188,4.54e-05
3355,27,0.035138,0.000000,0.035138,4.54e-05
3356,27,0.012445,0.000000,0.012445,4.54e-05
3357,27,0.027926,0.000000,0.027926,4.53e-05
3358,27,0.045572,0.000000,0.045572,4.53e-05
3359,27,0.034439,0.000000,0.034439,4.53e-05
3360,27,0.042462,0.000000,0.042462,4.53e-05
3361,27,0.031402,0.000000,0.031402,4.52e-05
3362,27,0.044406,0.000000,0.044406,4.52e-05
3363,27,0.062800,0.000000,0.062800,4.52e-05
3364,27,0.032265,0.000000,0.032265,4.52e-05
3365,27,0.034605,0.000000,0.034605,4.51e-05
3366,27,0.004198,0.000000,0.004198,4.51e-05
3367,27,0.052060,0.000000,0.052060,4.51e-05
3368,27,0.069514,0.000000,0.069514,4.51e-05
3369,27,0.028618,0.000000,0.028618,4.50e-05
3370,27,0.061466,0.000000,0.061466,4.50e-05
3371,27,0.090709,0.000000,0.090709,4.50e-05
3372,27,0.049903,0.000000,0.049903,4.50e-05
3373,27,0.036295,0.000000,0.036295,4.49e-05
3374,27,0.064429,0.000000,0.064429,4.49e-05
3375,28,0.043431,0.000000,0.043431,4.49e-05
3376,28,0.039029,0.000000,0.039029,4.48e-05
3377,28,0.019098,0.000000,0.019098,4.48e-05
3378,28,0.004655,0.000000,0.004655,4.48e-05
3379,28,0.046985,0.000000,0.046985,4.48e-05
3380,28,0.033222,0.000000,0.033222,4.47e-05
3381,28,0.046459,0.000000,0.046459,4.47e-05
3382,28,0.013244,0.000000,0.013244,4.47e-05
3383,28,0.027222,0.000000,0.027222,4.47e-05
3384,28,0.054897,0.000000,0.054897,4.46e-05
3385,28,0.094829,0.000000,0.094829,4.46e-05
3386,28,0.073416,0.000000,0.073416,4.46e-05
3387,28,0.040103,0.000000,0.040103,4.46e-05
3388,28,0.004417,0.000000,0.004417,4.45e-05
3389,28,0.040933,0.000000,0.040933,4.45e-05
3390,28,0.007911,0.000000,0.007911,4.45e-05
3391,28,0.057497,0.000000,0.057497,4.45e-05
3392,28,0.089705,0.000000,0.089705,4.44e-05
3393,28,0.027644,0.000000,0.027644,4.44e-05
3394,28,0.032852,0.000000,0.032852,4.44e-05
3395,28,0.053380,0.000000,0.053380,4.44e-05
3396,28,0.054210,0.000000,0.054210,4.43e-05
3397,28,0.032886,0.000000,0.032886,4.43e-05
3398,28,0.112875,0.000000,0.112875,4.43e-05
3399,28,0.042645,0.000000,0.042645,4.43e-05
3400,28,0.090911,0.000000,0.090911,4.42e-05
3401,28,0.032348,0.000000,0.032348,4.42e-05
3402,28,0.015955,0.000000,0.015955,4.42e-05
3403,28,0.021430,0.000000,0.021430,4.42e-05
3404,28,0.039728,0.000000,0.039728,4.41e-05
3405,28,0.017693,0.000000,0.017693,4.41e-05
3406,28,0.052600,0.000000,0.052600,4.41e-05
3407,28,0.027291,0.000000,0.027291,4.41e-05
3408,28,0.125711,0.000000,0.125711,4.40e-05
3409,28,0.036338,0.000000,0.036338,4.40e-05
3410,28,0.055295,0.000000,0.055295,4.40e-05
3411,28,0.164965,0.000000,0.164965,4.40e-05
3412,28,0.026022,0.000000,0.026022,4.39e-05
3413,28,0.083333,0.000000,0.083333,4.39e-05
3414,28,0.048770,0.000000,0.048770,4.39e-05
3415,28,0.045548,0.000000,0.045548,4.39e-05
3416,28,0.074085,0.000000,0.074085,4.38e-05
3417,28,0.042404,0.000000,0.042404,4.38e-05
3418,28,0.046872,0.000000,0.046872,4.38e-05
3419,28,0.050831,0.000000,0.050831,4.38e-05
3420,28,0.098719,0.000000,0.098719,4.37e-05
3421,28,0.026830,0.000000,0.026830,4.37e-05
3422,28,0.048497,0.000000,0.048497,4.37e-05
3423,28,0.053446,0.000000,0.053446,4.37e-05
3424,28,0.065913,0.000000,0.065913,4.36e-05
3425,28,0.027610,0.000000,0.027610,4.36e-05
3426,28,0.065968,0.000000,0.065968,4.36e-05
3427,28,0.016430,0.000000,0.016430,4.36e-05
3428,28,0.033895,0.000000,0.033895,4.35e-05
3429,28,0.034434,0.000000,0.034434,4.35e-05
3430,28,0.012082,0.000000,0.012082,4.35e-05
3431,28,0.049545,0.000000,0.049545,4.35e-05
3432,28,0.064629,0.000000,0.064629,4.34e-05
3433,28,0.029861,0.000000,0.029861,4.34e-05
3434,28,0.032345,0.000000,0.032345,4.34e-05
3435,28,0.043679,0.000000,0.043679,4.34e-05
3436,28,0.025783,0.000000,0.025783,4.33e-05
3437,28,0.049237,0.000000,0.049237,4.33e-05
3438,28,0.034907,0.000000,0.034907,4.33e-05
3439,28,0.014930,0.000000,0.014930,4.33e-05
3440,28,0.021959,0.000000,0.021959,4.32e-05
3441,28,0.050701,0.000000,0.050701,4.32e-05
3442,28,0.025794,0.000000,0.025794,4.32e-05
3443,28,0.088360,0.000000,0.088360,4.32e-05
3444,28,0.053138,0.000000,0.053138,4.31e-05
3445,28,0.021696,0.000000,0.021696,4.31e-05
3446,28,0.122164,0.000000,0.122164,4.31e-05
3447,28,0.037033,0.000000,0.037033,4.30e-05
3448,28,0.075422,0.000000,0.075422,4.30e-05
3449,28,0.060615,0.000000,0.060615,4.30e-05
3450,28,0.068204,0.000000,0.068204,4.30e-05
3451,28,0.063553,0.000000,0.063553,4.29e-05
3452,28,0.037479,0.000000,0.037479,4.29e-05
3453,28,0.031111,0.000000,0.031111,4.29e-05
3454,28,0.037074,0.000000,0.037074,4.29e-05
3455,28,0.050650,0.000000,0.050650,4.28e-05
3456,28,0.014010,0.000000,0.014010,4.28e-05
3457,28,0.038982,0.000000,0.038982,4.28e-05
3458,28,0.053449,0.000000,0.053449,4.28e-05
3459,28,0.155603,0.000000,0.155603,4.27e-05
3460,28,0.072372,0.000000,0.072372,4.27e-05
3461,28,0.086167,0.000000,0.086167,4.27e-05
3462,28,0.060857,0.000000,0.060857,4.27e-05
3463,28,0.055574,0.000000,0.055574,4.26e-05
3464,28,0.087849,0.000000,0.087849,4.26e-05
3465,28,0.051969,0.000000,0.051969,4.26e-05
3466,28,0.044182,0.000000,0.044182,4.26e-05
3467,28,0.069145,0.000000,0.069145,4.25e-05
3468,28,0.034178,0.000000,0.034178,4.25e-05
3469,28,0.045562,0.000000,0.045562,4.25e-05
3470,28,0.079944,0.000000,0.079944,4.25e-05
3471,28,0.064442,0.000000,0.064442,4.24e-05
3472,28,0.039127,0.000000,0.039127,4.24e-05
3473,28,0.051893,0.000000,0.051893,4.24e-05
3474,28,0.047348,0.000000,0.047348,4.24e-05
3475,28,0.031813,0.000000,0.031813,4.23e-05
3476,28,0.009463,0.000000,0.009463,4.23e-05
3477,28,0.048581,0.000000,0.048581,4.23e-05
3478,28,0.078348,0.000000,0.078348,4.23e-05
3479,28,0.028882,0.000000,0.028882,4.22e-05
3480,28,0.017414,0.000000,0.017414,4.22e-05
3481,28,0.084415,0.000000,0.084415,4.22e-05
3482,28,0.078797,0.000000,0.078797,4.22e-05
3483,28,0.014158,0.000000,0.014158,4.21e-05
3484,28,0.010791,0.000000,0.010791,4.21e-05
3485,28,0.025091,0.000000,0.025091,4.21e-05
3486,28,0.093796,0.000000,0.093796,4.21e-05
3487,28,0.037686,0.000000,0.037686,4.20e-05
3488,28,0.019020,0.000000,0.019020,4.20e-05
3489,28,0.085334,0.000000,0.085334,4.20e-05
3490,28,0.021554,0.000000,0.021554,4.20e-05
3491,28,0.036853,0.000000,0.036853,4.19e-05
3492,28,0.020622,0.000000,0.020622,4.19e-05
3493,28,0.039220,0.000000,0.039220,4.19e-05
3494,28,0.040376,0.000000,0.040376,4.19e-05
3495,28,0.085535,0.000000,0.085535,4.18e-05
3496,28,0.035339,0.000000,0.035339,4.18e-05
3497,28,0.011302,0.000000,0.011302,4.18e-05
3498,28,0.018389,0.000000,0.018389,4.18e-05
3499,28,0.042400,0.000000,0.042400,4.17e-05
3500,29,0.011876,0.000000,0.011876,4.17e-05
3501,29,0.023131,0.000000,0.023131,4.17e-05
3502,29,0.038585,0.000000,0.038585,4.17e-05
3503,29,0.023429,0.000000,0.023429,4.16e-05
3504,29,0.022711,0.000000,0.022711,4.16e-05
3505,29,0.062014,0.000000,0.062014,4.16e-05
3506,29,0.041360,0.000000,0.041360,4.16e-05
3507,29,0.047305,0.000000,0.047305,4.15e-05
3508,29,0.092658,0.000000,0.092658,4.15e-05
3509,29,0.111594,0.000000,0.111594,4.15e-05
3510,29,0.030643,0.000000,0.030643,4.15e-05
3511,29,0.067574,0.000000,0.067574,4.14e-05
3512,29,0.014768,0.000000,0.014768,4.14e-05
3513,29,0.038150,0.000000,0.038150,4.14e-05
3514,29,0.007437,0.000000,0.007437,4.14e-05
3515,29,0.029024,0.000000,0.029024,4.13e-05
3516,29,0.066225,0.000000,0.066225,4.13e-05
3517,29,0.031184,0.000000,0.031184,4.13e-05
3518,29,0.062602,0.000000,0.062602,4.13e-05
3519,29,0.024049,0.000000,0.024049,4.12e-05
3520,29,0.064720,0.000000,0.064720,4.12e-05
3521,29,0.038359,0.000000,0.038359,4.12e-05
3522,29,0.021867,0.000000,0.021867,4.12e-05
3523,29,0.029033,0.000000,0.029033,4.11e-05
3524,29,0.020660,0.000000,0.020660,4.11e-05
3525,29,0.013285,0.000000,0.013285,4.11e-05
3526,29,0.061203,0.000000,0.061203,4.11e-05
3527,29,0.030017,0.000000,0.030017,4.10e-05
3528,29,0.025120,0.000000,0.025120,4.10e-05
3529,29,0.015631,0.000000,0.015631,4.10e-05
3530,29,0.031191,0.000000,0.031191,4.10e-05
3531,29,0.036207,0.000000,0.036207,4.09e-05
3532,29,0.065399,0.000000,0.065399,4.09e-05
3533,29,0.013684,0.000000,0.013684,4.09e-05
3534,29,0.030028,0.000000,0.030028,4.09e-05
3535,29,0.047044,0.000000,0.047044,4.08e-05
3536,29,0.007606,0.000000,0.007606,4.08e-05
3537,29,0.021416,0.000000,0.021416,4.08e-05
3538,29,0.043865,0.000000,0.043865,4.08e-05
3539,29,0.030193,0.000000,0.030193,4.07e-05
3540,29,0.027070,0.000000,0.027070,4.07e-05
3541,29,0.100992,0.000000,0.100992,4.07e-05
3542,29,0.076750,0.000000,0.076750,4.07e-05
3543,29,0.058969,0.000000,0.058969,4.06e-05
3544,29,0.088571,0.000000,0.088571,4.06e-05
3545,29,0.072801,0.000000,0.072801,4.06e-05
3546,29,0.097759,0.000000,0.097759,4.06e-05
3547,29,0.069805,0.000000,0.069805,4.05e-05
3548,29,0.011875,0.000000,0.011875,4.05e-05
3549,29,0.011056,0.000000,0.011056,4.05e-05
3550,29,0.047549,0.000000,0.047549,4.05e-05
3551,29,0.056609,0.000000,0.056609,4.04e-05
3552,29,0.011455,0.000000,0.011455,4.04e-05
3553,29,0.093746,0.000000,0.093746,4.04e-05
3554,29,0.004305,0.000000,0.004305,4.04e-05
3555,29,0.012153,0.000000,0.012153,4.03e-05
3556,29,0.018251,0.000000,0.018251,4.03e-05
3557,29,0.081903,0.000000,0.081903,4.03e-05
3558,29,0.034161,0.000000,0.034161,4.03e-05
3559,29,0.035097,0.000000,0.035097,4.02e-05
3560,29,0.055754,0.000000,0.055754,4.02e-05
3561,29,0.040520,0.000000,0.040520,4.02e-05
3562,29,0.053313,0.000000,0.053313,4.02e-05
3563,29,0.049102,0.000000,0.049102,4.01e-05
3564,29,0.049102,0.000000,0.049102,4.01e-05
3565,29,0.052961,0.000000,0.052961,4.01e-05
3566,29,0.048066,0.000000,0.048066,4.01e-05
3567,29,0.052074,0.000000,0.052074,4.00e-05
3568,29,0.057392,0.000000,0.057392,4.00e-05
3569,29,0.057573,0.000000,0.057573,4.00e-05
3570,29,0.123996,0.000000,0.123996,4.00e-05
3571,29,0.050449,0.000000,0.050449,3.99e-05
3572,29,0.068116,0.000000,0.068116,3.99e-05
3573,29,0.037816,0.000000,0.037816,3.99e-05
3574,29,0.017883,0.000000,0.017883,3.99e-05
3575,29,0.053163,0.000000,0.053163,3.98e-05
3576,29,0.094159,0.000000,0.094159,3.98e-05
3577,29,0.087404,0.000000,0.087404,3.98e-05
3578,29,0.061182,0.000000,0.061182,3.98e-05
3579,29,0.025726,0.000000,0.025726,3.97e-05
3580,29,0.054750,0.000000,0.054750,3.97e-05
3581,29,0.029373,0.000000,0.029373,3.97e-05
3582,29,0.043967,0.000000,0.043967,3.97e-05
3583,29,0.083427,0.000000,0.083427,3.96e-05
3584,29,0.010208,0.000000,0.010208,3.96e-05
3585,29,0.030735,0.000000,0.030735,3.96e-05
3586,29,0.047274,0.000000,0.047274,3.96e-05
3587,29,0.060499,0.000000,0.060499,3.95e-05
3588,29,0.007901,0.000000,0.007901,3.95e-05
3589,29,0.054910,0.000000,0.054910,3.95e-05
3590,29,0.068125,0.000000,0.068125,3.95e-05
3591,29,0.032977,0.000000,0.032977,3.94e-05
3592,29,0.024215,0.000000,0.024215,3.94e-05
3593,29,0.024751,0.000000,0.024751,3.94e-05
3594,29,0.026483,0.000000,0.026483,3.94e-05
3595,29,0.004975,0.000000,0.004975,3.93e-05
3596,29,0.045898,0.000000,0.045898,3.93e-05
3597,29,0.042148,0.000000,0.042148,3.93e-05
3598,29,0.022016,0.000000,0.022016,3.93e-05
3599,29,0.032078,0.000000,0.032078,3.92e-05
3600,29,0.101539,0.000000,0.101539,3.92e-05
3601,29,0.094347,0.000000,0.094347,3.92e-05
3602,29,0.066874,0.000000,0.066874,3.92e-05
3603,29,0.047276,0.000000,0.047276,3.91e-05
3604,29,0.013208,0.000000,0.013208,3.91e-05
3605,29,0.025432,0.000000,0.025432,3.91e-05
3606,29,0.010650,0.000000,0.010650,3.91e-05
3607,29,0.024675,0.000000,0.024675,3.90e-05
3608,29,0.047152,0.000000,0.047152,3.90e-05
3609,29,0.035115,0.000000,0.035115,3.90e-05
3610,29,0.101022,0.000000,0.101022,3.90e-05
3611,29,0.018712,0.000000,0.018712,3.89e-05
3612,29,0.125557,0.000000,0.125557,3.89e-05
3613,29,0.023257,0.000000,0.023257,3.89e-05
3614,29,0.083461,0.000000,0.083461,3.89e-05
3615,29,0.009578,0.000000,0.009578,3.88e-05
3616,29,0.029502,0.000000,0.029502,3.88e-05
3617,29,0.081561,0.000000,0.081561,3.88e-05
3618,29,0.085201,0.000000,0.085201,3.88e-05
3619,29,0.063741,0.000000,0.063741,3.87e-05
3620,29,0.031753,0.000000,0.031753,3.87e-05
3621,29,0.048165,0.000000,0.048165,3.87e-05
3622,29,0.015436,0.000000,0.015436,3.87e-05
3623,29,0.051512,0.000000,0.051512,3.86e-05
3624,29,0.038781,0.000000,0.038781,3.86e-05
3625,30,0.047389,0.000000,0.047389,3.86e-05
3626,30,0.036315,0.000000,0.036315,3.86e-05
3627,30,0.030346,0.000000,0.030346,3.85e-05
3628,30,0.027158,0.000000,0.027158,3.85e-05
3629,30,0.059714,0.000000,0.059714,3.85e-05
3630,30,0.079860,0.000000,0.079860,3.85e-05
3631,30,0.013679,0.000000,0.013679,3.84e-05
3632,30,0.039423,0.000000,0.039423,3.84e-05
3633,30,0.061999,0.000000,0.061999,3.84e-05
3634,30,0.025051,0.000000,0.025051,3.84e-05
3635,30,0.076172,0.000000,0.076172,3.83e-05
3636,30,0.065520,0.000000,0.065520,3.83e-05
3637,30,0.023516,0.000000,0.023516,3.83e-05
3638,30,0.037422,0.000000,0.037422,3.83e-05
3639,30,0.038683,0.000000,0.038683,3.82e-05
3640,30,0.031361,0.000000,0.031361,3.82e-05
3641,30,0.019279,0.000000,0.019279,3.82e-05
3642,30,0.098792,0.000000,0.098792,3.82e-05
3643,30,0.020600,0.000000,0.020600,3.81e-05
3644,30,0.165207,0.000000,0.165207,3.81e-05
3645,30,0.044771,0.000000,0.044771,3.81e-05
3646,30,0.055711,0.000000,0.055711,3.81e-05
3647,30,0.041245,0.000000,0.041245,3.80e-05
3648,30,0.046477,0.000000,0.046477,3.80e-05
3649,30,0.032536,0.000000,0.032536,3.80e-05
3650,30,0.017216,0.000000,0.017216,3.80e-05
3651,30,0.104420,0.000000,0.104420,3.79e-05
3652,30,0.033215,0.000000,0.033215,3.79e-05
3653,30,0.022416,0.000000,0.022416,3.79e-05
3654,30,0.031989,0.000000,0.031989,3.79e-05
3655,30,0.076681,0.000000,0.076681,3.78e-05
3656,30,0.040918,0.000000,0.040918,3.78e-05
3657,30,0.028542,0.000000,0.028542,3.78e-05
3658,30,0.021825,0.000000,0.021825,3.78e-05
3659,30,0.024178,0.000000,0.024178,3.77e-05
3660,30,0.064648,0.000000,0.064648,3.77e-05
3661,30,0.050918,0.000000,0.050918,3.77e-05
3662,30,0.017573,0.000000,0.017573,3.77e-05
3663,30,0.060751,0.000000,0.060751,3.76e-05
3664,30,0.097603,0.000000,0.097603,3.76e-05
3665,30,0.006888,0.000000,0.006888,3.76e-05
3666,30,0.057357,0.000000,0.057357,3.76e-05
3667,30,0.035012,0.000000,0.035012,3.75e-05
3668,30,0.040309,0.000000,0.040309,3.75e-05
3669,30,0.059107,0.000000,0.059107,3.75e-05
3670,30,0.051687,0.000000,0.051687,3.75e-05
3671,30,0.040756,0.000000,0.040756,3.74e-05
3672,30,0.056458,0.000000,0.056458,3.74e-05
3673,30,0.059534,0.000000,0.059534,3.74e-05
3674,30,0.036861,0.000000,0.036861,3.74e-05
3675,30,0.110263,0.000000,0.110263,3.73e-05
3676,30,0.035646,0.000000,0.035646,3.73e-05
3677,30,0.015957,0.000000,0.015957,3.73e-05
3678,30,0.058120,0.000000,0.058120,3.73e-05
3679,30,0.108574,0.000000,0.108574,3.72e-05
3680,30,0.057703,0.000000,0.057703,3.72e-05
3681,30,0.094892,0.000000,0.094892,3.72e-05
3682,30,0.105154,0.000000,0.105154,3.72e-05
3683,30,0.051670,0.000000,0.051670,3.71e-05
3684,30,0.073747,0.000000,0.073747,3.71e-05
3685,30,0.053982,0.000000,0.053982,3.71e-05
3686,30,0.022509,0.000000,0.022509,3.71e-05
3687,30,0.014903,0.000000,0.014903,3.70e-05
3688,30,0.047756,0.000000,0.047756,3.70e-05
3689,30,0.024982,0.000000,0.024982,3.70e-05
3690,30,0.065688,0.000000,0.065688,3.70e-05
3691,30,0.075020,0.000000,0.075020,3.69e-05
3692,30,0.047518,0.000000,0.047518,3.69e-05
3693,30,0.054887,0.000000,0.054887,3.69e-05
3694,30,0.006117,0.000000,0.006117,3.69e-05
3695,30,0.008227,0.000000,0.008227,3.68e-05
3696,30,0.014081,0.000000,0.014081,3.68e-05
3697,30,0.033562,0.000000,0.033562,3.68e-05
3698,30,0.056015,0.000000,0.056015,3.68e-05
3699,30,0.045790,0.000000,0.045790,3.68e-05
3700,30,0.017189,0.000000,0.017189,3.67e-05
3701,30,0.032914,0.000000,0.032914,3.67e-05
3702,30,0.082669,0.000000,0.082669,3.67e-05
3703,30,0.016206,0.000000,0.016206,3.67e-05
3704,30,0.010521,0.000000,0.010521,3.66e-05
3705,30,0.027250,0.000000,0.027250,3.66e-05
3706,30,0.039833,0.000000,0.039833,3.66e-05
3707,30,0.071778,0.000000,0.071778,3.66e-05
3708,30,0.016816,0.000000,0.016816,3.65e-05
3709,30,0.072631,0.000000,0.072631,3.65e-05
3710,30,0.021777,0.000000,0.021777,3.65e-05
3711,30,0.129047,0.000000,0.129047,3.65e-05
3712,30,0.018669,0.000000,0.018669,3.64e-05
3713,30,0.070675,0.000000,0.070675,3.64e-05
3714,30,0.018728,0.000000,0.018728,3.64e-05
3715,30,0.046435,0.000000,0.046435,3.64e-05
3716,30,0.040946,0.000000,0.040946,3.63e-05
3717,30,0.053839,0.000000,0.053839,3.63e-05
3718,30,0.034455,0.000000,0.034455,3.63e-05
3719,30,0.049969,0.000000,0.049969,3.63e-05
3720,30,0.093176,0.000000,0.093176,3.62e-05
3721,30,0.079733,0.000000,0.079733,3.62e-05
3722,30,0.050295,0.000000,0.050295,3.62e-05
3723,30,0.044681,0.000000,0.044681,3.62e-05
3724,30,0.019369,0.000000,0.019369,3.61e-05
3725,30,0.035823,0.000000,0.035823,3.61e-05
3726,30,0.052125,0.000000,0.052125,3.61e-05
3727,30,0.053294,0.000000,0.053294,3.61e-05
3728,30,0.035272,0.000000,0.035272,3.60e-05
3729,30,0.016846,0.000000,0.016846,3.60e-05
3730,30,0.031283,0.000000,0.031283,3.60e-05
3731,30,0.051645,0.000000,0.051645,3.60e-05
3732,30,0.072406,0.000000,0.072406,3.59e-05
3733,30,0.014975,0.000000,0.014975,3.59e-05
3734,30,0.005526,0.000000,0.005526,3.59e-05
3735,30,0.009600,0.000000,0.009600,3.59e-05
3736,30,0.030016,0.000000,0.030016,3.58e-05
3737,30,0.067817,0.000000,0.067817,3.58e-05
3738,30,0.069873,0.000000,0.069873,3.58e-05
3739,30,0.039352,0.000000,0.039352,3.58e-05
3740,30,0.028949,0.000000,0.028949,3.57e-05
3741,30,0.049796,0.000000,0.049796,3.57e-05
3742,30,0.041960,0.000000,0.041960,3.57e-05
3743,30,0.082718,0.000000,0.082718,3.57e-05
3744,30,0.071328,0.000000,0.071328,3.56e-05
3745,30,0.042097,0.000000,0.042097,3.56e-05
3746,30,0.013285,0.000000,0.013285,3.56e-05
3747,30,0.025749,0.000000,0.025749,3.56e-05
3748,30,0.025557,0.000000,0.025557,3.55e-05
3749,30,0.043421,0.000000,0.043421,3.55e-05
3750,31,0.114394,0.000000,0.114394,3.55e-05
3751,31,0.025031,0.000000,0.025031,3.55e-05
3752,31,0.032744,0.000000,0.032744,3.55e-05
3753,31,0.034727,0.000000,0.034727,3.54e-05
3754,31,0.051297,0.000000,0.051297,3.54e-05
3755,31,0.064188,0.000000,0.064188,3.54e-05
3756,31,0.107664,0.000000,0.107664,3.54e-05
3757,31,0.043464,0.000000,0.043464,3.53e-05
3758,31,0.050640,0.000000,0.050640,3.53e-05
3759,31,0.063114,0.000000,0.063114,3.53e-05
3760,31,0.038679,0.000000,0.038679,3.53e-05
3761,31,0.026869,0.000000,0.026869,3.52e-05
3762,31,0.056119,0.000000,0.056119,3.52e-05
3763,31,0.076666,0.000000,0.076666,3.52e-05
3764,31,0.109980,0.000000,0.109980,3.52e-05
3765,31,0.031604,0.000000,0.031604,3.51e-05
3766,31,0.083925,0.000000,0.083925,3.51e-05
3767,31,0.067226,0.000000,0.067226,3.51e-05
3768,31,0.013095,0.000000,0.013095,3.51e-05
3769,31,0.119780,0.000000,0.119780,3.50e-05
3770,31,0.024545,0.000000,0.024545,3.50e-05
3771,31,0.043022,0.000000,0.043022,3.50e-05
3772,31,0.015645,0.000000,0.015645,3.50e-05
3773,31,0.010316,0.000000,0.010316,3.49e-05
3774,31,0.062651,0.000000,0.062651,3.49e-05
3775,31,0.032830,0.000000,0.032830,3.49e-05
3776,31,0.046778,0.000000,0.046778,3.49e-05
3777,31,0.026905,0.000000,0.026905,3.48e-05
3778,31,0.026506,0.000000,0.026506,3.48e-05
3779,31,0.060421,0.000000,0.060421,3.48e-05
3780,31,0.047580,0.000000,0.047580,3.48e-05
3781,31,0.053829,0.000000,0.053829,3.47e-05
3782,31,0.010590,0.000000,0.010590,3.47e-05
3783,31,0.015146,0.000000,0.015146,3.47e-05
3784,31,0.057867,0.000000,0.057867,3.47e-05
3785,31,0.029557,0.000000,0.029557,3.46e-05
3786,31,0.061089,0.000000,0.061089,3.46e-05
3787,31,0.027586,0.000000,0.027586,3.46e-05
3788,31,0.045410,0.000000,0.045410,3.46e-05
3789,31,0.031428,0.000000,0.031428,3.45e-05
3790,31,0.045493,0.000000,0.045493,3.45e-05
3791,31,0.048887,0.000000,0.048887,3.45e-05
3792,31,0.014950,0.000000,0.014950,3.45e-05
3793,31,0.046794,0.000000,0.046794,3.45e-05
3794,31,0.096354,0.000000,0.096354,3.44e-05
3795,31,0.024975,0.000000,0.024975,3.44e-05
3796,31,0.030317,0.000000,0.030317,3.44e-05
3797,31,0.038811,0.000000,0.038811,3.44e-05
3798,31,0.086929,0.000000,0.086929,3.43e-05
3799,31,0.029782,0.000000,0.029782,3.43e-05
3800,31,0.068391,0.000000,0.068391,3.43e-05
3801,31,0.060469,0.000000,0.060469,3.43e-05
3802,31,0.077558,0.000000,0.077558,3.42e-05
3803,31,0.015815,0.000000,0.015815,3.42e-05
3804,31,0.080541,0.000000,0.080541,3.42e-05
3805,31,0.030772,0.000000,0.030772,3.42e-05
3806,31,0.043418,0.000000,0.043418,3.41e-05
3807,31,0.034246,0.000000,0.034246,3.41e-05
3808,31,0.099019,0.000000,0.099019,3.41e-05
3809,31,0.095377,0.000000,0.095377,3.41e-05
3810,31,0.017734,0.000000,0.017734,3.40e-05
3811,31,0.018117,0.000000,0.018117,3.40e-05
3812,31,0.016321,0.000000,0.016321,3.40e-05
3813,31,0.019167,0.000000,0.019167,3.40e-05
3814,31,0.036917,0.000000,0.036917,3.39e-05
3815,31,0.049246,0.000000,0.049246,3.39e-05
3816,31,0.029427,0.000000,0.029427,3.39e-05
3817,31,0.015873,0.000000,0.015873,3.39e-05
3818,31,0.009142,0.000000,0.009142,3.38e-05
3819,31,0.079876,0.000000,0.079876,3.38e-05
3820,31,0.020810,0.000000,0.020810,3.38e-05
3821,31,0.083945,0.000000,0.083945,3.38e-05
3822,31,0.012258,0.000000,0.012258,3.37e-05
3823,31,0.056925,0.000000,0.056925,3.37e-05
3824,31,0.031358,0.000000,0.031358,3.37e-05
3825,31,0.086710,0.000000,0.086710,3.37e-05
3826,31,0.043552,0.000000,0.043552,3.37e-05
3827,31,0.025231,0.000000,0.025231,3.36e-05
3828,31,0.019002,0.000000,0.019002,3.36e-05
3829,31,0.062307,0.000000,0.062307,3.36e-05
3830,31,0.100369,0.000000,0.100369,3.36e-05
3831,31,0.026288,0.000000,0.026288,3.35e-05
3832,31,0.007306,0.000000,0.007306,3.35e-05
3833,31,0.040276,0.000000,0.040276,3.35e-05
3834,31,0.043294,0.000000,0.043294,3.35e-05
3835,31,0.052331,0.000000,0.052331,3.34e-05
3836,31,0.030128,0.000000,0.030128,3.34e-05
3837,31,0.002792,0.000000,0.002792,3.34e-05
3838,31,0.063024,0.000000,0.063024,3.34e-05
3839,31,0.044079,0.000000,0.044079,3.33e-05
3840,31,0.042942,0.000000,0.042942,3.33e-05
3841,31,0.006134,0.000000,0.006134,3.33e-05
3842,31,0.023304,0.000000,0.023304,3.33e-05
3843,31,0.007442,0.000000,0.007442,3.32e-05
3844,31,0.053213,0.000000,0.053213,3.32e-05
3845,31,0.039001,0.000000,0.039001,3.32e-05
3846,31,0.050578,0.000000,0.050578,3.32e-05
3847,31,0.007458,0.000000,0.007458,3.31e-05
3848,31,0.055792,0.000000,0.055792,3.31e-05
3849,31,0.018719,0.000000,0.018719,3.31e-05
3850,31,0.044775,0.000000,0.044775,3.31e-05
3851,31,0.035298,0.000000,0.035298,3.31e-05
3852,31,0.004670,0.000000,0.004670,3.30e-05
3853,31,0.032444,0.000000,0.032444,3.30e-05
3854,31,0.033006,0.000000,0.033006,3.30e-05
3855,31,0.106233,0.000000,0.106233,3.30e-05
3856,31,0.016684,0.000000,0.016684,3.29e-05
3857,31,0.063715,0.000000,0.063715,3.29e-05
3858,31,0.052887,0.000000,0.052887,3.29e-05
3859,31,0.037828,0.000000,0.037828,3.29e-05
3860,31,0.038644,0.000000,0.038644,3.28e-05
3861,31,0.044915,0.000000,0.044915,3.28e-05
3862,31,0.019336,0.000000,0.019336,3.28e-05
3863,31,0.045957,0.000000,0.045957,3.28e-05
3864,31,0.032937,0.000000,0.032937,3.27e-05
3865,31,0.069812,0.000000,0.069812,3.27e-05
3866,31,0.016088,0.000000,0.016088,3.27e-05
3867,31,0.079503,0.000000,0.079503,3.27e-05
3868,31,0.035238,0.000000,0.035238,3.26e-05
3869,31,0.035283,0.000000,0.035283,3.26e-05
3870,31,0.024826,0.000000,0.024826,3.26e-05
3871,31,0.033543,0.000000,0.033543,3.26e-05
3872,31,0.043552,0.000000,0.043552,3.25e-05
3873,31,0.052244,0.000000,0.052244,3.25e-05
3874,31,0.054674,0.000000,0.054674,3.25e-05
3875,32,0.066761,0.000000,0.066761,3.25e-05
3876,32,0.007045,0.000000,0.007045,3.25e-05
3877,32,0.098970,0.000000,0.098970,3.24e-05
3878,32,0.024935,0.000000,0.024935,3.24e-05
3879,32,0.032549,0.000000,0.032549,3.24e-05
3880,32,0.047298,0.000000,0.047298,3.24e-05
3881,32,0.051411,0.000000,0.051411,3.23e-05
3882,32,0.080493,0.000000,0.080493,3.23e-05
3883,32,0.046866,0.000000,0.046866,3.23e-05
3884,32,0.042494,0.000000,0.042494,3.23e-05
3885,32,0.062289,0.000000,0.062289,3.22e-05
3886,32,0.083002,0.000000,0.083002,3.22e-05
3887,32,0.037847,0.000000,0.037847,3.22e-05
3888,32,0.048491,0.000000,0.048491,3.22e-05
3889,32,0.051559,0.000000,0.051559,3.21e-05
3890,32,0.043040,0.000000,0.043040,3.21e-05
3891,32,0.071175,0.000000,0.071175,3.21e-05
3892,32,0.024143,0.000000,0.024143,3.21e-05
3893,32,0.002605,0.000000,0.002605,3.20e-05
3894,32,0.093778,0.000000,0.093778,3.20e-05
3895,32,0.082156,0.000000,0.082156,3.20e-05
3896,32,0.014278,0.000000,0.014278,3.20e-05
3897,32,0.058545,0.000000,0.058545,3.20e-05
3898,32,0.069056,0.000000,0.069056,3.19e-05
3899,32,0.041866,0.000000,0.041866,3.19e-05
3900,32,0.026925,0.000000,0.026925,3.19e-05
3901,32,0.035263,0.000000,0.035263,3.19e-05
3902,32,0.063138,0.000000,0.063138,3.18e-05
3903,32,0.012908,0.000000,0.012908,3.18e-05
3904,32,0.023382,0.000000,0.023382,3.18e-05
3905,32,0.013290,0.000000,0.013290,3.18e-05
3906,32,0.122212,0.000000,0.122212,3.17e-05
3907,32,0.098707,0.000000,0.098707,3.17e-05
3908,32,0.026086,0.000000,0.026086,3.17e-05
3909,32,0.023811,0.000000,0.023811,3.17e-05
3910,32,0.061901,0.000000,0.061901,3.16e-05
3911,32,0.074122,0.000000,0.074122,3.16e-05
3912,32,0.070487,0.000000,0.070487,3.16e-05
3913,32,0.054758,0.000000,0.054758,3.16e-05
3914,32,0.158152,0.000000,0.158152,3.15e-05
3915,32,0.034604,0.000000,0.034604,3.15e-05
3916,32,0.032534,0.000000,0.032534,3.15e-05
3917,32,0.053343,0.000000,0.053343,3.15e-05
3918,32,0.001672,0.000000,0.001672,3.15e-05
3919,32,0.085770,0.000000,0.085770,3.14e-05
3920,32,0.026399,0.000000,0.026399,3.14e-05
3921,32,0.032122,0.000000,0.032122,3.14e-05
3922,32,0.157454,0.000000,0.157454,3.14e-05
3923,32,0.070280,0.000000,0.070280,3.13e-05
3924,32,0.045931,0.000000,0.045931,3.13e-05
3925,32,0.036723,0.000000,0.036723,3.13e-05
3926,32,0.034043,0.000000,0.034043,3.13e-05
3927,32,0.068244,0.000000,0.068244,3.12e-05
3928,32,0.027769,0.000000,0.027769,3.12e-05
3929,32,0.053248,0.000000,0.053248,3.12e-05
3930,32,0.009706,0.000000,0.009706,3.12e-05
3931,32,0.022367,0.000000,0.022367,3.11e-05
3932,32,0.038785,0.000000,0.038785,3.11e-05
3933,32,0.072424,0.000000,0.072424,3.11e-05
3934,32,0.063200,0.000000,0.063200,3.11e-05
3935,32,0.066148,0.000000,0.066148,3.10e-05
3936,32,0.024368,0.000000,0.024368,3.10e-05
3937,32,0.134756,0.000000,0.134756,3.10e-05
3938,32,0.035994,0.000000,0.035994,3.10e-05
3939,32,0.024203,0.000000,0.024203,3.10e-05
3940,32,0.044595,0.000000,0.044595,3.09e-05
3941,32,0.006482,0.000000,0.006482,3.09e-05
3942,32,0.032388,0.000000,0.032388,3.09e-05
3943,32,0.059379,0.000000,0.059379,3.09e-05
3944,32,0.039580,0.000000,0.039580,3.08e-05
3945,32,0.075764,0.000000,0.075764,3.08e-05
3946,32,0.032526,0.000000,0.032526,3.08e-05
3947,32,0.021718,0.000000,0.021718,3.08e-05
3948,32,0.103916,0.000000,0.103916,3.07e-05
3949,32,0.115992,0.000000,0.115992,3.07e-05
3950,32,0.017910,0.000000,0.017910,3.07e-05
3951,32,0.026955,0.000000,0.026955,3.07e-05
3952,32,0.070225,0.000000,0.070225,3.06e-05
3953,32,0.013998,0.000000,0.013998,3.06e-05
3954,32,0.075257,0.000000,0.075257,3.06e-05
3955,32,0.028808,0.000000,0.028808,3.06e-05
3956,32,0.073401,0.000000,0.073401,3.06e-05
3957,32,0.033050,0.000000,0.033050,3.05e-05
3958,32,0.024680,0.000000,0.024680,3.05e-05
3959,32,0.018280,0.000000,0.018280,3.05e-05
3960,32,0.010604,0.000000,0.010604,3.05e-05
3961,32,0.044063,0.000000,0.044063,3.04e-05
3962,32,0.103225,0.000000,0.103225,3.04e-05
3963,32,0.067211,0.000000,0.067211,3.04e-05
3964,32,0.034564,0.000000,0.034564,3.04e-05
3965,32,0.018100,0.000000,0.018100,3.03e-05
3966,32,0.033188,0.000000,0.033188,3.03e-05
3967,32,0.016051,0.000000,0.016051,3.03e-05
3968,32,0.043612,0.000000,0.043612,3.03e-05
3969,32,0.046634,0.000000,0.046634,3.02e-05
3970,32,0.041843,0.000000,0.041843,3.02e-05
3971,32,0.014200,0.000000,0.014200,3.02e-05
3972,32,0.019730,0.000000,0.019730,3.02e-05
3973,32,0.040249,0.000000,0.040249,3.02e-05
3974,32,0.048239,0.000000,0.048239,3.01e-05
3975,32,0.037593,0.000000,0.037593,3.01e-05
3976,32,0.007452,0.000000,0.007452,3.01e-05
3977,32,0.028242,0.000000,0.028242,3.01e-05
3978,32,0.035049,0.000000,0.035049,3.00e-05
3979,32,0.075376,0.000000,0.075376,3.00e-05
3980,32,0.078813,0.000000,0.078813,3.00e-05
3981,32,0.048905,0.000000,0.048905,3.00e-05
3982,32,0.031342,0.000000,0.031342,2.99e-05
3983,32,0.030440,0.000000,0.030440,2.99e-05
3984,32,0.043893,0.000000,0.043893,2.99e-05
3985,32,0.012997,0.000000,0.012997,2.99e-05
3986,32,0.030017,0.000000,0.030017,2.99e-05
3987,32,0.004827,0.000000,0.004827,2.98e-05
3988,32,0.110226,0.000000,0.110226,2.98e-05
3989,32,0.063202,0.000000,0.063202,2.98e-05
3990,32,0.072758,0.000000,0.072758,2.98e-05
3991,32,0.031303,0.000000,0.031303,2.97e-05
3992,32,0.079872,0.000000,0.079872,2.97e-05
3993,32,0.035247,0.000000,0.035247,2.97e-05
3994,32,0.023862,0.000000,0.023862,2.97e-05
3995,32,0.042205,0.000000,0.042205,2.96e-05
3996,32,0.026288,0.000000,0.026288,2.96e-05
3997,32,0.002337,0.000000,0.002337,2.96e-05
3998,32,0.022944,0.000000,0.022944,2.96e-05
3999,32,0.025514,0.000000,0.025514,2.95e-05
4000,33,0.134418,0.000000,0.134418,2.95e-05
4001,33,0.004362,0.000000,0.004362,2.95e-05
4002,33,0.017093,0.000000,0.017093,2.95e-05
4003,33,0.100709,0.000000,0.100709,2.95e-05
4004,33,0.037694,0.000000,0.037694,2.94e-05
4005,33,0.045057,0.000000,0.045057,2.94e-05
4006,33,0.004931,0.000000,0.004931,2.94e-05
4007,33,0.045253,0.000000,0.045253,2.94e-05
4008,33,0.044418,0.000000,0.044418,2.93e-05
4009,33,0.063949,0.000000,0.063949,2.93e-05
4010,33,0.040639,0.000000,0.040639,2.93e-05
4011,33,0.039055,0.000000,0.039055,2.93e-05
4012,33,0.097457,0.000000,0.097457,2.92e-05
4013,33,0.012981,0.000000,0.012981,2.92e-05
4014,33,0.027749,0.000000,0.027749,2.92e-05
4015,33,0.021134,0.000000,0.021134,2.92e-05
4016,33,0.067110,0.000000,0.067110,2.92e-05
4017,33,0.072108,0.000000,0.072108,2.91e-05
4018,33,0.029981,0.000000,0.029981,2.91e-05
4019,33,0.023705,0.000000,0.023705,2.91e-05
4020,33,0.037187,0.000000,0.037187,2.91e-05
4021,33,0.021859,0.000000,0.021859,2.90e-05
4022,33,0.113723,0.000000,0.113723,2.90e-05
4023,33,0.051891,0.000000,0.051891,2.90e-05
4024,33,0.047969,0.000000,0.047969,2.90e-05
4025,33,0.010034,0.000000,0.010034,2.89e-05
4026,33,0.075513,0.000000,0.075513,2.89e-05
4027,33,0.065991,0.000000,0.065991,2.89e-05
4028,33,0.061608,0.000000,0.061608,2.89e-05
4029,33,0.117074,0.000000,0.117074,2.88e-05
4030,33,0.051763,0.000000,0.051763,2.88e-05
4031,33,0.025674,0.000000,0.025674,2.88e-05
4032,33,0.031753,0.000000,0.031753,2.88e-05
4033,33,0.039025,0.000000,0.039025,2.88e-05
4034,33,0.011321,0.000000,0.011321,2.87e-05
4035,33,0.033835,0.000000,0.033835,2.87e-05
4036,33,0.057534,0.000000,0.057534,2.87e-05
4037,33,0.027866,0.000000,0.027866,2.87e-05
4038,33,0.058014,0.000000,0.058014,2.86e-05
4039,33,0.080742,0.000000,0.080742,2.86e-05
4040,33,0.027788,0.000000,0.027788,2.86e-05
4041,33,0.050434,0.000000,0.050434,2.86e-05
4042,33,0.092516,0.000000,0.092516,2.85e-05
4043,33,0.034175,0.000000,0.034175,2.85e-05
4044,33,0.087132,0.000000,0.087132,2.85e-05
4045,33,0.064176,0.000000,0.064176,2.85e-05
4046,33,0.041053,0.000000,0.041053,2.85e-05
4047,33,0.050169,0.000000,0.050169,2.84e-05
4048,33,0.072550,0.000000,0.072550,2.84e-05
4049,33,0.043445,0.000000,0.043445,2.84e-05
4050,33,0.054636,0.000000,0.054636,2.84e-05
4051,33,0.019505,0.000000,0.019505,2.83e-05
4052,33,0.032038,0.000000,0.032038,2.83e-05
4053,33,0.127125,0.000000,0.127125,2.83e-05
4054,33,0.036865,0.000000,0.036865,2.83e-05
4055,33,0.028260,0.000000,0.028260,2.82e-05
4056,33,0.023116,0.000000,0.023116,2.82e-05
4057,33,0.003132,0.000000,0.003132,2.82e-05
4058,33,0.050214,0.000000,0.050214,2.82e-05
4059,33,0.008732,0.000000,0.008732,2.82e-05
4060,33,0.002849,0.000000,0.002849,2.81e-05
4061,33,0.008565,0.000000,0.008565,2.81e-05
4062,33,0.024154,0.000000,0.024154,2.81e-05
4063,33,0.055045,0.000000,0.055045,2.81e-05
4064,33,0.045866,0.000000,0.045866,2.80e-05
4065,33,0.058239,0.000000,0.058239,2.80e-05
4066,33,0.087693,0.000000,0.087693,2.80e-05
4067,33,0.054637,0.000000,0.054637,2.80e-05
4068,33,0.046280,0.000000,0.046280,2.80e-05
4069,33,0.120094,0.000000,0.120094,2.79e-05
4070,33,0.028848,0.000000,0.028848,2.79e-05
4071,33,0.118491,0.000000,0.118491,2.79e-05
4072,33,0.011072,0.000000,0.011072,2.79e-05
4073,33,0.046199,0.000000,0.046199,2.78e-05
4074,33,0.015898,0.000000,0.015898,2.78e-05
4075,33,0.031015,0.000000,0.031015,2.78e-05
4076,33,0.049826,0.000000,0.049826,2.78e-05
4077,33,0.055134,0.000000,0.055134,2.77e-05
4078,33,0.070553,0.000000,0.070553,2.77e-05
4079,33,0.028503,0.000000,0.028503,2.77e-05
4080,33,0.054971,0.000000,0.054971,2.77e-05
4081,33,0.025404,0.000000,0.025404,2.77e-05
4082,33,0.076938,0.000000,0.076938,2.76e-05
4083,33,0.055746,0.000000,0.055746,2.76e-05
4084,33,0.075926,0.000000,0.075926,2.76e-05
4085,33,0.036400,0.000000,0.036400,2.76e-05
4086,33,0.052363,0.000000,0.052363,2.75e-05
4087,33,0.025146,0.000000,0.025146,2.75e-05
4088,33,0.047633,0.000000,0.047633,2.75e-05
4089,33,0.049274,0.000000,0.049274,2.75e-05
4090,33,0.042336,0.000000,0.042336,2.74e-05
4091,33,0.030228,0.000000,0.030228,2.74e-05
4092,33,0.038623,0.000000,0.038623,2.74e-05
4093,33,0.039274,0.000000,0.039274,2.74e-05
4094,33,0.020564,0.000000,0.020564,2.74e-05
4095,33,0.097171,0.000000,0.097171,2.73e-05
4096,33,0.052348,0.000000,0.052348,2.73e-05
4097,33,0.095995,0.000000,0.095995,2.73e-05
4098,33,0.050629,0.000000,0.050629,2.73e-05
4099,33,0.042874,0.000000,0.042874,2.72e-05
4100,33,0.023794,0.000000,0.023794,2.72e-05
4101,33,0.052761,0.000000,0.052761,2.72e-05
4102,33,0.062872,0.000000,0.062872,2.72e-05
4103,33,0.030099,0.000000,0.030099,2.72e-05
4104,33,0.023041,0.000000,0.023041,2.71e-05
4105,33,0.035944,0.000000,0.035944,2.71e-05
4106,33,0.049278,0.000000,0.049278,2.71e-05
4107,33,0.054680,0.000000,0.054680,2.71e-05
4108,33,0.055191,0.000000,0.055191,2.70e-05
4109,33,0.056964,0.000000,0.056964,2.70e-05
4110,33,0.026736,0.000000,0.026736,2.70e-05
4111,33,0.002767,0.000000,0.002767,2.70e-05
4112,33,0.018658,0.000000,0.018658,2.69e-05
4113,33,0.032672,0.000000,0.032672,2.69e-05
4114,33,0.039728,0.000000,0.039728,2.69e-05
4115,33,0.069886,0.000000,0.069886,2.69e-05
4116,33,0.031030,0.000000,0.031030,2.69e-05
4117,33,0.058070,0.000000,0.058070,2.68e-05
4118,33,0.065618,0.000000,0.065618,2.68e-05
4119,33,0.066794,0.000000,0.066794,2.68e-05
4120,33,0.052800,0.000000,0.052800,2.68e-05
4121,33,0.060704,0.000000,0.060704,2.67e-05
4122,33,0.041906,0.000000,0.041906,2.67e-05
4123,33,0.063097,0.000000,0.063097,2.67e-05
4124,33,0.062081,0.000000,0.062081,2.67e-05
4125,34,0.046829,0.000000,0.046829,2.67e-05
4126,34,0.074648,0.000000,0.074648,2.66e-05
4127,34,0.047780,0.000000,0.047780,2.66e-05
4128,34,0.071791,0.000000,0.071791,2.66e-05
4129,34,0.080233,0.000000,0.080233,2.66e-05
4130,34,0.034492,0.000000,0.034492,2.65e-05
4131,34,0.040425,0.000000,0.040425,2.65e-05
4132,34,0.037611,0.000000,0.037611,2.65e-05
4133,34,0.051985,0.000000,0.051985,2.65e-05
4134,34,0.038794,0.000000,0.038794,2.65e-05
4135,34,0.022666,0.000000,0.022666,2.64e-05
4136,34,0.076705,0.000000,0.076705,2.64e-05
4137,34,0.029667,0.000000,0.029667,2.64e-05
4138,34,0.055349,0.000000,0.055349,2.64e-05
4139,34,0.049761,0.000000,0.049761,2.63e-05
4140,34,0.046377,0.000000,0.046377,2.63e-05
4141,34,0.049478,0.000000,0.049478,2.63e-05
4142,34,0.038962,0.000000,0.038962,2.63e-05
4143,34,0.015441,0.000000,0.015441,2.62e-05
4144,34,0.041733,0.000000,0.041733,2.62e-05
4145,34,0.055762,0.000000,0.055762,2.62e-05
4146,34,0.058819,0.000000,0.058819,2.62e-05
4147,34,0.052051,0.000000,0.052051,2.62e-05
4148,34,0.117259,0.000000,0.117259,2.61e-05
4149,34,0.037080,0.000000,0.037080,2.61e-05
4150,34,0.028106,0.000000,0.028106,2.61e-05
4151,34,0.049629,0.000000,0.049629,2.61e-05
4152,34,0.006317,0.000000,0.006317,2.60e-05
4153,34,0.051080,0.000000,0.051080,2.60e-05
4154,34,0.027084,0.000000,0.027084,2.60e-05
4155,34,0.017855,0.000000,0.017855,2.60e-05
4156,34,0.042847,0.000000,0.042847,2.60e-05
4157,34,0.039576,0.000000,0.039576,2.59e-05
4158,34,0.019702,0.000000,0.019702,2.59e-05
4159,34,0.065788,0.000000,0.065788,2.59e-05
4160,34,0.023116,0.000000,0.023116,2.59e-05
4161,34,0.012358,0.000000,0.012358,2.58e-05
4162,34,0.061896,0.000000,0.061896,2.58e-05
4163,34,0.110319,0.000000,0.110319,2.58e-05
4164,34,0.013046,0.000000,0.013046,2.58e-05
4165,34,0.047578,0.000000,0.047578,2.58e-05
4166,34,0.030005,0.000000,0.030005,2.57e-05
4167,34,0.035390,0.000000,0.035390,2.57e-05
4168,34,0.100678,0.000000,0.100678,2.57e-05
4169,34,0.007944,0.000000,0.007944,2.57e-05
4170,34,0.067455,0.000000,0.067455,2.56e-05
4171,34,0.028022,0.000000,0.028022,2.56e-05
4172,34,0.053024,0.000000,0.053024,2.56e-05
4173,34,0.053969,0.000000,0.053969,2.56e-05
4174,34,0.055008,0.000000,0.055008,2.56e-05
4175,34,0.037656,0.000000,0.037656,2.55e-05
4176,34,0.097611,0.000000,0.097611,2.55e-05
4177,34,0.044529,0.000000,0.044529,2.55e-05
4178,34,0.046169,0.000000,0.046169,2.55e-05
4179,34,0.059314,0.000000,0.059314,2.54e-05
4180,34,0.052184,0.000000,0.052184,2.54e-05
4181,34,0.098679,0.000000,0.098679,2.54e-05
4182,34,0.067833,0.000000,0.067833,2.54e-05
4183,34,0.031874,0.000000,0.031874,2.54e-05
4184,34,0.004752,0.000000,0.004752,2.53e-05
4185,34,0.007245,0.000000,0.007245,2.53e-05
4186,34,0.056309,0.000000,0.056309,2.53e-05
4187,34,0.023557,0.000000,0.023557,2.53e-05
4188,34,0.030153,0.000000,0.030153,2.52e-05
4189,34,0.074042,0.000000,0.074042,2.52e-05
4190,34,0.070036,0.000000,0.070036,2.52e-05
4191,34,0.072612,0.000000,0.072612,2.52e-05
4192,34,0.019373,0.000000,0.019373,2.52e-05
4193,34,0.064641,0.000000,0.064641,2.51e-05
4194,34,0.015792,0.000000,0.015792,2.51e-05
4195,34,0.043571,0.000000,0.043571,2.51e-05
4196,34,0.031376,0.000000,0.031376,2.51e-05
4197,34,0.028469,0.000000,0.028469,2.50e-05
4198,34,0.033039,0.000000,0.033039,2.50e-05
4199,34,0.029401,0.000000,0.029401,2.50e-05
4200,34,0.113076,0.000000,0.113076,2.50e-05
4201,34,0.013556,0.000000,0.013556,2.50e-05
4202,34,0.074280,0.000000,0.074280,2.49e-05
4203,34,0.024865,0.000000,0.024865,2.49e-05
4204,34,0.044732,0.000000,0.044732,2.49e-05
4205,34,0.027409,0.000000,0.027409,2.49e-05
4206,34,0.051126,0.000000,0.051126,2.48e-05
4207,34,0.031836,0.000000,0.031836,2.48e-05
4208,34,0.070797,0.000000,0.070797,2.48e-05
4209,34,0.055279,0.000000,0.055279,2.48e-05
4210,34,0.037059,0.000000,0.037059,2.48e-05
4211,34,0.128676,0.000000,0.128676,2.47e-05
4212,34,0.028803,0.000000,0.028803,2.47e-05
4213,34,0.052694,0.000000,0.052694,2.47e-05
4214,34,0.065590,0.000000,0.065590,2.47e-05
4215,34,0.004912,0.000000,0.004912,2.46e-05
4216,34,0.031347,0.000000,0.031347,2.46e-05
4217,34,0.013307,0.000000,0.013307,2.46e-05
4218,34,0.054914,0.000000,0.054914,2.46e-05
4219,34,0.032840,0.000000,0.032840,2.46e-05
4220,34,0.024760,0.000000,0.024760,2.45e-05
4221,34,0.049182,0.000000,0.049182,2.45e-05
4222,34,0.047411,0.000000,0.047411,2.45e-05
4223,34,0.068450,0.000000,0.068450,2.45e-05
4224,34,0.028806,0.000000,0.028806,2.44e-05
4225,34,0.037123,0.000000,0.037123,2.44e-05
4226,34,0.035633,0.000000,0.035633,2.44e-05
4227,34,0.020797,0.000000,0.020797,2.44e-05
4228,34,0.013684,0.000000,0.013684,2.44e-05
4229,34,0.037778,0.000000,0.037778,2.43e-05
4230,34,0.013896,0.000000,0.013896,2.43e-05
4231,34,0.089634,0.000000,0.089634,2.43e-05
4232,34,0.058679,0.000000,0.058679,2.43e-05
4233,34,0.123185,0.000000,0.123185,2.43e-05
4234,34,0.038953,0.000000,0.038953,2.42e-05
4235,34,0.020900,0.000000,0.020900,2.42e-05
4236,34,0.039693,0.000000,0.039693,2.42e-05
4237,34,0.026315,0.000000,0.026315,2.42e-05
4238,34,0.036899,0.000000,0.036899,2.41e-05
4239,34,0.030904,0.000000,0.030904,2.41e-05
4240,34,0.025623,0.000000,0.025623,2.41e-05
4241,34,0.121761,0.000000,0.121761,2.41e-05
4242,34,0.094026,0.000000,0.094026,2.41e-05
4243,34,0.051936,0.000000,0.051936,2.40e-05
4244,34,0.013675,0.000000,0.013675,2.40e-05
4245,34,0.021309,0.000000,0.021309,2.40e-05
4246,34,0.069692,0.000000,0.069692,2.40e-05
4247,34,0.005176,0.000000,0.005176,2.39e-05
4248,34,0.073714,0.000000,0.073714,2.39e-05
4249,34,0.041041,0.000000,0.041041,2.39e-05
4250,35,0.016267,0.000000,0.016267,2.39e-05
4251,35,0.025025,0.000000,0.025025,2.39e-05
4252,35,0.077507,0.000000,0.077507,2.38e-05
4253,35,0.041982,0.000000,0.041982,2.38e-05
4254,35,0.062364,0.000000,0.062364,2.38e-05
4255,35,0.113648,0.000000,0.113648,2.38e-05
4256,35,0.043830,0.000000,0.043830,2.37e-05
4257,35,0.028540,0.000000,0.028540,2.37e-05
4258,35,0.027934,0.000000,0.027934,2.37e-05
4259,35,0.020486,0.000000,0.020486,2.37e-05
4260,35,0.033267,0.000000,0.033267,2.37e-05
4261,35,0.057476,0.000000,0.057476,2.36e-05
4262,35,0.020200,0.000000,0.020200,2.36e-05
4263,35,0.052203,0.000000,0.052203,2.36e-05
4264,35,0.055103,0.000000,0.055103,2.36e-05
4265,35,0.003058,0.000000,0.003058,2.36e-05
4266,35,0.040227,0.000000,0.040227,2.35e-05
4267,35,0.008489,0.000000,0.008489,2.35e-05
4268,35,0.003494,0.000000,0.003494,2.35e-05
4269,35,0.022861,0.000000,0.022861,2.35e-05
4270,35,0.023882,0.000000,0.023882,2.34e-05
4271,35,0.050011,0.000000,0.050011,2.34e-05
4272,35,0.055504,0.000000,0.055504,2.34e-05
4273,35,0.036171,0.000000,0.036171,2.34e-05
4274,35,0.027123,0.000000,0.027123,2.34e-05
4275,35,0.063587,0.000000,0.063587,2.33e-05
4276,35,0.010813,0.000000,0.010813,2.33e-05
4277,35,0.232074,0.000000,0.232074,2.33e-05
4278,35,0.059106,0.000000,0.059106,2.33e-05
4279,35,0.052639,0.000000,0.052639,2.33e-05
4280,35,0.021377,0.000000,0.021377,2.32e-05
4281,35,0.011823,0.000000,0.011823,2.32e-05
4282,35,0.040328,0.000000,0.040328,2.32e-05
4283,35,0.062828,0.000000,0.062828,2.32e-05
4284,35,0.026823,0.000000,0.026823,2.31e-05
4285,35,0.006323,0.000000,0.006323,2.31e-05
4286,35,0.010947,0.000000,0.010947,2.31e-05
4287,35,0.040584,0.000000,0.040584,2.31e-05
4288,35,0.047798,0.000000,0.047798,2.31e-05
4289,35,0.067726,0.000000,0.067726,2.30e-05
4290,35,0.063759,0.000000,0.063759,2.30e-05
4291,35,0.002435,0.000000,0.002435,2.30e-05
4292,35,0.031547,0.000000,0.031547,2.30e-05
4293,35,0.043548,0.000000,0.043548,2.30e-05
4294,35,0.003000,0.000000,0.003000,2.29e-05
4295,35,0.054061,0.000000,0.054061,2.29e-05
4296,35,0.045628,0.000000,0.045628,2.29e-05
4297,35,0.004798,0.000000,0.004798,2.29e-05
4298,35,0.073773,0.000000,0.073773,2.28e-05
4299,35,0.061195,0.000000,0.061195,2.28e-05
4300,35,0.081551,0.000000,0.081551,2.28e-05
4301,35,0.016817,0.000000,0.016817,2.28e-05
4302,35,0.024491,0.000000,0.024491,2.28e-05
4303,35,0.004359,0.000000,0.004359,2.27e-05
4304,35,0.043189,0.000000,0.043189,2.27e-05
4305,35,0.056689,0.000000,0.056689,2.27e-05
4306,35,0.038690,0.000000,0.038690,2.27e-05
4307,35,0.028332,0.000000,0.028332,2.27e-05
4308,35,0.120885,0.000000,0.120885,2.26e-05
4309,35,0.047977,0.000000,0.047977,2.26e-05
4310,35,0.098510,0.000000,0.098510,2.26e-05
4311,35,0.029167,0.000000,0.029167,2.26e-05
4312,35,0.019640,0.000000,0.019640,2.25e-05
4313,35,0.020886,0.000000,0.020886,2.25e-05
4314,35,0.029562,0.000000,0.029562,2.25e-05
4315,35,0.034637,0.000000,0.034637,2.25e-05
4316,35,0.079681,0.000000,0.079681,2.25e-05
4317,35,0.059469,0.000000,0.059469,2.24e-05
4318,35,0.046410,0.000000,0.046410,2.24e-05
4319,35,0.035359,0.000000,0.035359,2.24e-05
4320,35,0.013678,0.000000,0.013678,2.24e-05
4321,35,0.002684,0.000000,0.002684,2.24e-05
4322,35,0.032269,0.000000,0.032269,2.23e-05
4323,35,0.028595,0.000000,0.028595,2.23e-05
4324,35,0.077827,0.000000,0.077827,2.23e-05
4325,35,0.012851,0.000000,0.012851,2.23e-05
4326,35,0.014426,0.000000,0.014426,2.22e-05
4327,35,0.060477,0.000000,0.060477,2.22e-05
4328,35,0.129134,0.000000,0.129134,2.22e-05
4329,35,0.035354,0.000000,0.035354,2.22e-05
4330,35,0.031617,0.000000,0.031617,2.22e-05
4331,35,0.021212,0.000000,0.021212,2.21e-05
4332,35,0.054830,0.000000,0.054830,2.21e-05
4333,35,0.102640,0.000000,0.102640,2.21e-05
4334,35,0.084006,0.000000,0.084006,2.21e-05
4335,35,0.026431,0.000000,0.026431,2.21e-05
4336,35,0.021573,0.000000,0.021573,2.20e-05
4337,35,0.051585,0.000000,0.051585,2.20e-05
4338,35,0.077442,0.000000,0.077442,2.20e-05
4339,35,0.021154,0.000000,0.021154,2.20e-05
4340,35,0.037554,0.000000,0.037554,2.19e-05
4341,35,0.024095,0.000000,0.024095,2.19e-05
4342,35,0.020112,0.000000,0.020112,2.19e-05
4343,35,0.088177,0.000000,0.088177,2.19e-05
4344,35,0.057284,0.000000,0.057284,2.19e-05
4345,35,0.046060,0.000000,0.046060,2.18e-05
4346,35,0.012860,0.000000,0.012860,2.18e-05
4347,35,0.087664,0.000000,0.087664,2.18e-05
4348,35,0.103083,0.000000,0.103083,2.18e-05
4349,35,0.019818,0.000000,0.019818,2.18e-05
4350,35,0.036137,0.000000,0.036137,2.17e-05
4351,35,0.058875,0.000000,0.058875,2.17e-05
4352,35,0.066697,0.000000,0.066697,2.17e-05
4353,35,0.027516,0.000000,0.027516,2.17e-05
4354,35,0.051763,0.000000,0.051763,2.17e-05
4355,35,0.035842,0.000000,0.035842,2.16e-05
4356,35,0.003160,0.000000,0.003160,2.16e-05
4357,35,0.015376,0.000000,0.015376,2.16e-05
4358,35,0.053325,0.000000,0.053325,2.16e-05
4359,35,0.022611,0.000000,0.022611,2.15e-05
4360,35,0.002769,0.000000,0.002769,2.15e-05
4361,35,0.061675,0.000000,0.061675,2.15e-05
4362,35,0.027134,0.000000,0.027134,2.15e-05
4363,35,0.052741,0.000000,0.052741,2.15e-05
4364,35,0.040996,0.000000,0.040996,2.14e-05
4365,35,0.044733,0.000000,0.044733,2.14e-05
4366,35,0.029809,0.000000,0.029809,2.14e-05
4367,35,0.060849,0.000000,0.060849,2.14e-05
4368,35,0.086804,0.000000,0.086804,2.14e-05
4369,35,0.010816,0.000000,0.010816,2.13e-05
4370,35,0.064749,0.000000,0.064749,2.13e-05
4371,35,0.050741,0.000000,0.050741,2.13e-05
4372,35,0.009322,0.000000,0.009322,2.13e-05
4373,35,0.108331,0.000000,0.108331,2.13e-05
4374,35,0.031708,0.000000,0.031708,2.12e-05
4375,36,0.053232,0.000000,0.053232,2.12e-05
4376,36,0.069734,0.000000,0.069734,2.12e-05
4377,36,0.051909,0.000000,0.051909,2.12e-05
4378,36,0.046901,0.000000,0.046901,2.12e-05
4379,36,0.097283,0.000000,0.097283,2.11e-05
4380,36,0.085338,0.000000,0.085338,2.11e-05
4381,36,0.102703,0.000000,0.102703,2.11e-05
4382,36,0.023346,0.000000,0.023346,2.11e-05
4383,36,0.029958,0.000000,0.029958,2.10e-05
4384,36,0.062077,0.000000,0.062077,2.10e-05
4385,36,0.033767,0.000000,0.033767,2.10e-05
4386,36,0.075122,0.000000,0.075122,2.10e-05
4387,36,0.033101,0.000000,0.033101,2.10e-05
4388,36,0.028608,0.000000,0.028608,2.09e-05
4389,36,0.066848,0.000000,0.066848,2.09e-05
4390,36,0.021760,0.000000,0.021760,2.09e-05
4391,36,0.026200,0.000000,0.026200,2.09e-05
4392,36,0.035190,0.000000,0.035190,2.09e-05
4393,36,0.034533,0.000000,0.034533,2.08e-05
4394,36,0.090822,0.000000,0.090822,2.08e-05
4395,36,0.006459,0.000000,0.006459,2.08e-05
4396,36,0.102992,0.000000,0.102992,2.08e-05
4397,36,0.022843,0.000000,0.022843,2.08e-05
4398,36,0.023269,0.000000,0.023269,2.07e-05
4399,36,0.060977,0.000000,0.060977,2.07e-05
4400,36,0.049207,0.000000,0.049207,2.07e-05
4401,36,0.087363,0.000000,0.087363,2.07e-05
4402,36,0.009359,0.000000,0.009359,2.07e-05
4403,36,0.041667,0.000000,0.041667,2.06e-05
4404,36,0.032204,0.000000,0.032204,2.06e-05
4405,36,0.051425,0.000000,0.051425,2.06e-05
4406,36,0.042289,0.000000,0.042289,2.06e-05
4407,36,0.085572,0.000000,0.085572,2.05e-05
4408,36,0.037693,0.000000,0.037693,2.05e-05
4409,36,0.092921,0.000000,0.092921,2.05e-05
4410,36,0.087448,0.000000,0.087448,2.05e-05
4411,36,0.040188,0.000000,0.040188,2.05e-05
4412,36,0.083408,0.000000,0.083408,2.04e-05
4413,36,0.015953,0.000000,0.015953,2.04e-05
4414,36,0.065073,0.000000,0.065073,2.04e-05
4415,36,0.036392,0.000000,0.036392,2.04e-05
4416,36,0.111095,0.000000,0.111095,2.04e-05
4417,36,0.051506,0.000000,0.051506,2.03e-05
4418,36,0.045029,0.000000,0.045029,2.03e-05
4419,36,0.084702,0.000000,0.084702,2.03e-05
4420,36,0.052600,0.000000,0.052600,2.03e-05
4421,36,0.067994,0.000000,0.067994,2.03e-05
4422,36,0.019648,0.000000,0.019648,2.02e-05
4423,36,0.010051,0.000000,0.010051,2.02e-05
4424,36,0.037743,0.000000,0.037743,2.02e-05
4425,36,0.037275,0.000000,0.037275,2.02e-05
4426,36,0.010482,0.000000,0.010482,2.02e-05
4427,36,0.036295,0.000000,0.036295,2.01e-05
4428,36,0.041273,0.000000,0.041273,2.01e-05
4429,36,0.047960,0.000000,0.047960,2.01e-05
4430,36,0.034027,0.000000,0.034027,2.01e-05
4431,36,0.039396,0.000000,0.039396,2.01e-05
4432,36,0.038531,0.000000,0.038531,2.00e-05
4433,36,0.006655,0.000000,0.006655,2.00e-05
4434,36,0.005259,0.000000,0.005259,2.00e-05
4435,36,0.019863,0.000000,0.019863,2.00e-05
4436,36,0.061242,0.000000,0.061242,2.00e-05
4437,36,0.067983,0.000000,0.067983,1.99e-05
4438,36,0.074277,0.000000,0.074277,1.99e-05
4439,36,0.011571,0.000000,0.011571,1.99e-05
4440,36,0.028665,0.000000,0.028665,1.99e-05
4441,36,0.094118,0.000000,0.094118,1.99e-05
4442,36,0.040315,0.000000,0.040315,1.98e-05
4443,36,0.055572,0.000000,0.055572,1.98e-05
4444,36,0.056549,0.000000,0.056549,1.98e-05
4445,36,0.042113,0.000000,0.042113,1.98e-05
4446,36,0.045733,0.000000,0.045733,1.97e-05
4447,36,0.077841,0.000000,0.077841,1.97e-05
4448,36,0.020064,0.000000,0.020064,1.97e-05
4449,36,0.061039,0.000000,0.061039,1.97e-05
4450,36,0.116225,0.000000,0.116225,1.97e-05
4451,36,0.035766,0.000000,0.035766,1.96e-05
4452,36,0.004420,0.000000,0.004420,1.96e-05
4453,36,0.024790,0.000000,0.024790,1.96e-05
4454,36,0.045072,0.000000,0.045072,1.96e-05
4455,36,0.137014,0.000000,0.137014,1.96e-05
4456,36,0.086610,0.000000,0.086610,1.95e-05
4457,36,0.047150,0.000000,0.047150,1.95e-05
4458,36,0.022305,0.000000,0.022305,1.95e-05
4459,36,0.038221,0.000000,0.038221,1.95e-05
4460,36,0.044830,0.000000,0.044830,1.95e-05
4461,36,0.027811,0.000000,0.027811,1.94e-05
4462,36,0.043684,0.000000,0.043684,1.94e-05
4463,36,0.068647,0.000000,0.068647,1.94e-05
4464,36,0.035217,0.000000,0.035217,1.94e-05
4465,36,0.038963,0.000000,0.038963,1.94e-05
4466,36,0.029848,0.000000,0.029848,1.93e-05
4467,36,0.067304,0.000000,0.067304,1.93e-05
4468,36,0.048065,0.000000,0.048065,1.93e-05
4469,36,0.007539,0.000000,0.007539,1.93e-05
4470,36,0.061868,0.000000,0.061868,1.93e-05
4471,36,0.119069,0.000000,0.119069,1.92e-05
4472,36,0.064478,0.000000,0.064478,1.92e-05
4473,36,0.007226,0.000000,0.007226,1.92e-05
4474,36,0.039636,0.000000,0.039636,1.92e-05
4475,36,0.027088,0.000000,0.027088,1.92e-05
4476,36,0.050513,0.000000,0.050513,1.91e-05
4477,36,0.022888,0.000000,0.022888,1.91e-05
4478,36,0.031553,0.000000,0.031553,1.91e-05
4479,36,0.102967,0.000000,0.102967,1.91e-05
4480,36,0.028628,0.000000,0.028628,1.91e-05
4481,36,0.074086,0.000000,0.074086,1.90e-05
4482,36,0.014351,0.000000,0.014351,1.90e-05
4483,36,0.042131,0.000000,0.042131,1.90e-05
4484,36,0.097619,0.000000,0.097619,1.90e-05
4485,36,0.010380,0.000000,0.010380,1.90e-05
4486,36,0.015686,0.000000,0.015686,1.89e-05
4487,36,0.076477,0.000000,0.076477,1.89e-05
4488,36,0.052336,0.000000,0.052336,1.89e-05
4489,36,0.046964,0.000000,0.046964,1.89e-05
4490,36,0.016278,0.000000,0.016278,1.89e-05
4491,36,0.045547,0.000000,0.045547,1.88e-05
4492,36,0.059939,0.000000,0.059939,1.88e-05
4493,36,0.008904,0.000000,0.008904,1.88e-05
4494,36,0.007194,0.000000,0.007194,1.88e-05
4495,36,0.018479,0.000000,0.018479,1.88e-05
4496,36,0.084235,0.000000,0.084235,1.87e-05
4497,36,0.057914,0.000000,0.057914,1.87e-05
4498,36,0.004218,0.000000,0.004218,1.87e-05
4499,36,0.040608,0.000000,0.040608,1.87e-05
4500,37,0.088584,0.000000,0.088584,1.87e-05
4501,37,0.073335,0.000000,0.073335,1.86e-05
4502,37,0.057968,0.000000,0.057968,1.86e-05
4503,37,0.055971,0.000000,0.055971,1.86e-05
4504,37,0.048808,0.000000,0.048808,1.86e-05
4505,37,0.009943,0.000000,0.009943,1.86e-05
4506,37,0.074702,0.000000,0.074702,1.85e-05
4507,37,0.092273,0.000000,0.092273,1.85e-05
4508,37,0.010283,0.000000,0.010283,1.85e-05
4509,37,0.054253,0.000000,0.054253,1.85e-05
4510,37,0.084180,0.000000,0.084180,1.85e-05
4511,37,0.055313,0.000000,0.055313,1.84e-05
4512,37,0.013213,0.000000,0.013213,1.84e-05
4513,37,0.051292,0.000000,0.051292,1.84e-05
4514,37,0.048636,0.000000,0.048636,1.84e-05
4515,37,0.038044,0.000000,0.038044,1.84e-05
4516,37,0.038563,0.000000,0.038563,1.83e-05
4517,37,0.055466,0.000000,0.055466,1.83e-05
4518,37,0.063180,0.000000,0.063180,1.83e-05
4519,37,0.073502,0.000000,0.073502,1.83e-05
4520,37,0.056288,0.000000,0.056288,1.83e-05
4521,37,0.033501,0.000000,0.033501,1.82e-05
4522,37,0.010766,0.000000,0.010766,1.82e-05
4523,37,0.086689,0.000000,0.086689,1.82e-05
4524,37,0.031679,0.000000,0.031679,1.82e-05
4525,37,0.029355,0.000000,0.029355,1.82e-05
4526,37,0.040265,0.000000,0.040265,1.81e-05
4527,37,0.049306,0.000000,0.049306,1.81e-05
4528,37,0.042626,0.000000,0.042626,1.81e-05
4529,37,0.027483,0.000000,0.027483,1.81e-05
4530,37,0.072734,0.000000,0.072734,1.81e-05
4531,37,0.016273,0.000000,0.016273,1.81e-05
4532,37,0.038181,0.000000,0.038181,1.80e-05
4533,37,0.012913,0.000000,0.012913,1.80e-05
4534,37,0.042165,0.000000,0.042165,1.80e-05
4535,37,0.038051,0.000000,0.038051,1.80e-05
4536,37,0.048685,0.000000,0.048685,1.80e-05
4537,37,0.011592,0.000000,0.011592,1.79e-05
4538,37,0.045562,0.000000,0.045562,1.79e-05
4539,37,0.042549,0.000000,0.042549,1.79e-05
4540,37,0.107457,0.000000,0.107457,1.79e-05
4541,37,0.027600,0.000000,0.027600,1.79e-05
4542,37,0.014900,0.000000,0.014900,1.78e-05
4543,37,0.040879,0.000000,0.040879,1.78e-05
4544,37,0.083832,0.000000,0.083832,1.78e-05
4545,37,0.047581,0.000000,0.047581,1.78e-05
4546,37,0.007647,0.000000,0.007647,1.78e-05
4547,37,0.117254,0.000000,0.117254,1.77e-05
4548,37,0.086041,0.000000,0.086041,1.77e-05
4549,37,0.007771,0.000000,0.007771,1.77e-05
4550,37,0.051678,0.000000,0.051678,1.77e-05
4551,37,0.034660,0.000000,0.034660,1.77e-05
4552,37,0.106141,0.000000,0.106141,1.76e-05
4553,37,0.067616,0.000000,0.067616,1.76e-05
4554,37,0.032672,0.000000,0.032672,1.76e-05
4555,37,0.063274,0.000000,0.063274,1.76e-05
4556,37,0.027489,0.000000,0.027489,1.76e-05
4557,37,0.053731,0.000000,0.053731,1.75e-05
4558,37,0.009906,0.000000,0.009906,1.75e-05
4559,37,0.070664,0.000000,0.070664,1.75e-05
4560,37,0.025086,0.000000,0.025086,1.75e-05
4561,37,0.084309,0.000000,0.084309,1.75e-05
4562,37,0.031627,0.000000,0.031627,1.74e-05
4563,37,0.054427,0.000000,0.054427,1.74e-05
4564,37,0.009485,0.000000,0.009485,1.74e-05
4565,37,0.030770,0.000000,0.030770,1.74e-05
4566,37,0.032123,0.000000,0.032123,1.74e-05
4567,37,0.047152,0.000000,0.047152,1.73e-05
4568,37,0.027732,0.000000,0.027732,1.73e-05
4569,37,0.065137,0.000000,0.065137,1.73e-05
4570,37,0.053354,0.000000,0.053354,1.73e-05
4571,37,0.025619,0.000000,0.025619,1.73e-05
4572,37,0.005323,0.000000,0.005323,1.73e-05
4573,37,0.036902,0.000000,0.036902,1.72e-05
4574,37,0.008264,0.000000,0.008264,1.72e-05
4575,37,0.058346,0.000000,0.058346,1.72e-05
4576,37,0.017909,0.000000,0.017909,1.72e-05
4577,37,0.014506,0.000000,0.014506,1.72e-05
4578,37,0.061063,0.000000,0.061063,1.71e-05
4579,37,0.101453,0.000000,0.101453,1.71e-05
4580,37,0.072320,0.000000,0.072320,1.71e-05
4581,37,0.011205,0.000000,0.011205,1.71e-05
4582,37,0.024315,0.000000,0.024315,1.71e-05
4583,37,0.032375,0.000000,0.032375,1.70e-05
4584,37,0.017881,0.000000,0.017881,1.70e-05
4585,37,0.044526,0.000000,0.044526,1.70e-05
4586,37,0.059310,0.000000,0.059310,1.70e-05
4587,37,0.022146,0.000000,0.022146,1.70e-05
4588,37,0.050178,0.000000,0.050178,1.69e-05
4589,37,0.032742,0.000000,0.032742,1.69e-05
4590,37,0.060983,0.000000,0.060983,1.69e-05
4591,37,0.042880,0.000000,0.042880,1.69e-05
4592,37,0.069963,0.000000,0.069963,1.69e-05
4593,37,0.031317,0.000000,0.031317,1.68e-05
4594,37,0.060798,0.000000,0.060798,1.68e-05
4595,37,0.030536,0.000000,0.030536,1.68e-05
4596,37,0.003109,0.000000,0.003109,1.68e-05
4597,37,0.064301,0.000000,0.064301,1.68e-05
4598,37,0.055726,0.000000,0.055726,1.68e-05
4599,37,0.045745,0.000000,0.045745,1.67e-05
4600,37,0.061978,0.000000,0.061978,1.67e-05
4601,37,0.071711,0.000000,0.071711,1.67e-05
4602,37,0.046831,0.000000,0.046831,1.67e-05
4603,37,0.019090,0.000000,0.019090,1.67e-05
4604,37,0.022346,0.000000,0.022346,1.66e-05
4605,37,0.027135,0.000000,0.027135,1.66e-05
4606,37,0.058775,0.000000,0.058775,1.66e-05
4607,37,0.007147,0.000000,0.007147,1.66e-05
4608,37,0.015480,0.000000,0.015480,1.66e-05
4609,37,0.099960,0.000000,0.099960,1.65e-05
4610,37,0.033027,0.000000,0.033027,1.65e-05
4611,37,0.017856,0.000000,0.017856,1.65e-05
4612,37,0.052428,0.000000,0.052428,1.65e-05
4613,37,0.031800,0.000000,0.031800,1.65e-05
4614,37,0.100745,0.000000,0.100745,1.64e-05
4615,37,0.026688,0.000000,0.026688,1.64e-05
4616,37,0.014695,0.000000,0.014695,1.64e-05
4617,37,0.025548,0.000000,0.025548,1.64e-05
4618,37,0.035508,0.000000,0.035508,1.64e-05
4619,37,0.025653,0.000000,0.025653,1.64e-05
4620,37,0.036618,0.000000,0.036618,1.63e-05
4621,37,0.003492,0.000000,0.003492,1.63e-05
4622,37,0.019916,0.000000,0.019916,1.63e-05
4623,37,0.047664,0.000000,0.047664,1.63e-05
4624,37,0.045891,0.000000,0.045891,1.63e-05
4625,38,0.029706,0.000000,0.029706,1.62e-05
4626,38,0.003733,0.000000,0.003733,1.62e-05
4627,38,0.048353,0.000000,0.048353,1.62e-05
4628,38,0.032466,0.000000,0.032466,1.62e-05
4629,38,0.098054,0.000000,0.098054,1.62e-05
4630,38,0.039154,0.000000,0.039154,1.61e-05
4631,38,0.030165,0.000000,0.030165,1.61e-05
4632,38,0.055332,0.000000,0.055332,1.61e-05
4633,38,0.016427,0.000000,0.016427,1.61e-05
4634,38,0.061947,0.000000,0.061947,1.61e-05
4635,38,0.036212,0.000000,0.036212,1.61e-05
4636,38,0.042676,0.000000,0.042676,1.60e-05
4637,38,0.012673,0.000000,0.012673,1.60e-05
4638,38,0.039029,0.000000,0.039029,1.60e-05
4639,38,0.035435,0.000000,0.035435,1.60e-05
4640,38,0.037668,0.000000,0.037668,1.60e-05
4641,38,0.039705,0.000000,0.039705,1.59e-05
4642,38,0.040137,0.000000,0.040137,1.59e-05
4643,38,0.003390,0.000000,0.003390,1.59e-05
4644,38,0.048552,0.000000,0.048552,1.59e-05
4645,38,0.025514,0.000000,0.025514,1.59e-05
4646,38,0.006942,0.000000,0.006942,1.58e-05
4647,38,0.029192,0.000000,0.029192,1.58e-05
4648,38,0.005779,0.000000,0.005779,1.58e-05
4649,38,0.040573,0.000000,0.040573,1.58e-05
4650,38,0.053482,0.000000,0.053482,1.58e-05
4651,38,0.028021,0.000000,0.028021,1.58e-05
4652,38,0.021229,0.000000,0.021229,1.57e-05
4653,38,0.037246,0.000000,0.037246,1.57e-05
4654,38,0.034841,0.000000,0.034841,1.57e-05
4655,38,0.015736,0.000000,0.015736,1.57e-05
4656,38,0.010126,0.000000,0.010126,1.57e-05
4657,38,0.127734,0.000000,0.127734,1.56e-05
4658,38,0.062169,0.000000,0.062169,1.56e-05
4659,38,0.014723,0.000000,0.014723,1.56e-05
4660,38,0.058849,0.000000,0.058849,1.56e-05
4661,38,0.039339,0.000000,0.039339,1.56e-05
4662,38,0.073123,0.000000,0.073123,1.55e-05
4663,38,0.061220,0.000000,0.061220,1.55e-05
4664,38,0.054390,0.000000,0.054390,1.55e-05
4665,38,0.062889,0.000000,0.062889,1.55e-05
4666,38,0.051567,0.000000,0.051567,1.55e-05
4667,38,0.027241,0.000000,0.027241,1.55e-05
4668,38,0.017380,0.000000,0.017380,1.54e-05
4669,38,0.037794,0.000000,0.037794,1.54e-05
4670,38,0.031755,0.000000,0.031755,1.54e-05
4671,38,0.022801,0.000000,0.022801,1.54e-05
4672,38,0.076514,0.000000,0.076514,1.54e-05
4673,38,0.047905,0.000000,0.047905,1.53e-05
4674,38,0.024526,0.000000,0.024526,1.53e-05
4675,38,0.007922,0.000000,0.007922,1.53e-05
4676,38,0.055504,0.000000,0.055504,1.53e-05
4677,38,0.034936,0.000000,0.034936,1.53e-05
4678,38,0.024241,0.000000,0.024241,1.53e-05
4679,38,0.026394,0.000000,0.026394,1.52e-05
4680,38,0.017348,0.000000,0.017348,1.52e-05
4681,38,0.028893,0.000000,0.028893,1.52e-05
4682,38,0.057848,0.000000,0.057848,1.52e-05
4683,38,0.007764,0.000000,0.007764,1.52e-05
4684,38,0.037086,0.000000,0.037086,1.51e-05
4685,38,0.029567,0.000000,0.029567,1.51e-05
4686,38,0.031630,0.000000,0.031630,1.51e-05
4687,38,0.069190,0.000000,0.069190,1.51e-05
4688,38,0.014621,0.000000,0.014621,1.51e-05
4689,38,0.035195,0.000000,0.035195,1.51e-05
4690,38,0.099118,0.000000,0.099118,1.50e-05
4691,38,0.060792,0.000000,0.060792,1.50e-05
4692,38,0.003106,0.000000,0.003106,1.50e-05
4693,38,0.034297,0.000000,0.034297,1.50e-05
4694,38,0.063098,0.000000,0.063098,1.50e-05
4695,38,0.044607,0.000000,0.044607,1.49e-05
4696,38,0.043836,0.000000,0.043836,1.49e-05
4697,38,0.071337,0.000000,0.071337,1.49e-05
4698,38,0.050377,0.000000,0.050377,1.49e-05
4699,38,0.057854,0.000000,0.057854,1.49e-05
4700,38,0.017203,0.000000,0.017203,1.49e-05
4701,38,0.086036,0.000000,0.086036,1.48e-05
4702,38,0.022578,0.000000,0.022578,1.48e-05
4703,38,0.077933,0.000000,0.077933,1.48e-05
4704,38,0.092310,0.000000,0.092310,1.48e-05
4705,38,0.049891,0.000000,0.049891,1.48e-05
4706,38,0.054561,0.000000,0.054561,1.47e-05
4707,38,0.028548,0.000000,0.028548,1.47e-05
4708,38,0.109391,0.000000,0.109391,1.47e-05
4709,38,0.039566,0.000000,0.039566,1.47e-05
4710,38,0.036682,0.000000,0.036682,1.47e-05
4711,38,0.089598,0.000000,0.089598,1.47e-05
4712,38,0.030876,0.000000,0.030876,1.46e-05
4713,38,0.052493,0.000000,0.052493,1.46e-05
4714,38,0.073836,0.000000,0.073836,1.46e-05
4715,38,0.014561,0.000000,0.014561,1.46e-05
4716,38,0.023674,0.000000,0.023674,1.46e-05
4717,38,0.026059,0.000000,0.026059,1.45e-05
4718,38,0.047922,0.000000,0.047922,1.45e-05
4719,38,0.038957,0.000000,0.038957,1.45e-05
4720,38,0.045083,0.000000,0.045083,1.45e-05
4721,38,0.030204,0.000000,0.030204,1.45e-05
4722,38,0.020309,0.000000,0.020309,1.45e-05
4723,38,0.051150,0.000000,0.051150,1.44e-05
4724,38,0.066737,0.000000,0.066737,1.44e-05
4725,38,0.053328,0.000000,0.053328,1.44e-05
4726,38,0.107053,0.000000,0.107053,1.44e-05
4727,38,0.141925,0.000000,0.141925,1.44e-05
4728,38,0.028473,0.000000,0.028473,1.43e-05
4729,38,0.043912,0.000000,0.043912,1.43e-05
4730,38,0.045364,0.000000,0.045364,1.43e-05
4731,38,0.040378,0.000000,0.040378,1.43e-05
4732,38,0.057872,0.000000,0.057872,1.43e-05
4733,38,0.022621,0.000000,0.022621,1.43e-05
4734,38,0.033497,0.000000,0.033497,1.42e-05
4735,38,0.009641,0.000000,0.009641,1.42e-05
4736,38,0.025462,0.000000,0.025462,1.42e-05
4737,38,0.045653,0.000000,0.045653,1.42e-05
4738,38,0.024121,0.000000,0.024121,1.42e-05
4739,38,0.063215,0.000000,0.063215,1.42e-05
4740,38,0.051149,0.000000,0.051149,1.41e-05
4741,38,0.095001,0.000000,0.095001,1.41e-05
4742,38,0.075878,0.000000,0.075878,1.41e-05
4743,38,0.007388,0.000000,0.007388,1.41e-05
4744,38,0.039442,0.000000,0.039442,1.41e-05
4745,38,0.131029,0.000000,0.131029,1.40e-05
4746,38,0.021116,0.000000,0.021116,1.40e-05
4747,38,0.041866,0.000000,0.041866,1.40e-05
4748,38,0.032375,0.000000,0.032375,1.40e-05
4749,38,0.054179,0.000000,0.054179,1.40e-05
4750,39,0.027176,0.000000,0.027176,1.40e-05
4751,39,0.023264,0.000000,0.023264,1.39e-05
4752,39,0.112114,0.000000,0.112114,1.39e-05
4753,39,0.046699,0.000000,0.046699,1.39e-05
4754,39,0.047731,0.000000,0.047731,1.39e-05
4755,39,0.017890,0.000000,0.017890,1.39e-05
4756,39,0.041760,0.000000,0.041760,1.39e-05
4757,39,0.111817,0.000000,0.111817,1.38e-05
4758,39,0.072401,0.000000,0.072401,1.38e-05
4759,39,0.075062,0.000000,0.075062,1.38e-05
4760,39,0.053907,0.000000,0.053907,1.38e-05
4761,39,0.051716,0.000000,0.051716,1.38e-05
4762,39,0.059245,0.000000,0.059245,1.37e-05
4763,39,0.054421,0.000000,0.054421,1.37e-05
4764,39,0.034239,0.000000,0.034239,1.37e-05
4765,39,0.035149,0.000000,0.035149,1.37e-05
4766,39,0.045288,0.000000,0.045288,1.37e-05
4767,39,0.052481,0.000000,0.052481,1.37e-05
4768,39,0.039943,0.000000,0.039943,1.36e-05
4769,39,0.006391,0.000000,0.006391,1.36e-05
4770,39,0.048932,0.000000,0.048932,1.36e-05
4771,39,0.028436,0.000000,0.028436,1.36e-05
4772,39,0.014971,0.000000,0.014971,1.36e-05
4773,39,0.034353,0.000000,0.034353,1.36e-05
4774,39,0.055259,0.000000,0.055259,1.35e-05
4775,39,0.041639,0.000000,0.041639,1.35e-05
4776,39,0.030117,0.000000,0.030117,1.35e-05
4777,39,0.093195,0.000000,0.093195,1.35e-05
4778,39,0.029926,0.000000,0.029926,1.35e-05
4779,39,0.043877,0.000000,0.043877,1.34e-05
4780,39,0.005403,0.000000,0.005403,1.34e-05
4781,39,0.070225,0.000000,0.070225,1.34e-05
4782,39,0.037337,0.000000,0.037337,1.34e-05
4783,39,0.027514,0.000000,0.027514,1.34e-05
4784,39,0.075298,0.000000,0.075298,1.34e-05
4785,39,0.022507,0.000000,0.022507,1.33e-05
4786,39,0.038569,0.000000,0.038569,1.33e-05
4787,39,0.032410,0.000000,0.032410,1.33e-05
4788,39,0.062216,0.000000,0.062216,1.33e-05
4789,39,0.031106,0.000000,0.031106,1.33e-05
4790,39,0.043920,0.000000,0.043920,1.33e-05
4791,39,0.040286,0.000000,0.040286,1.32e-05
4792,39,0.070550,0.000000,0.070550,1.32e-05
4793,39,0.058525,0.000000,0.058525,1.32e-05
4794,39,0.021975,0.000000,0.021975,1.32e-05
4795,39,0.025078,0.000000,0.025078,1.32e-05
4796,39,0.057386,0.000000,0.057386,1.32e-05
4797,39,0.015794,0.000000,0.015794,1.31e-05
4798,39,0.052644,0.000000,0.052644,1.31e-05
4799,39,0.042514,0.000000,0.042514,1.31e-05
4800,39,0.033365,0.000000,0.033365,1.31e-05
4801,39,0.044747,0.000000,0.044747,1.31e-05
4802,39,0.011209,0.000000,0.011209,1.30e-05
4803,39,0.120977,0.000000,0.120977,1.30e-05
4804,39,0.060003,0.000000,0.060003,1.30e-05
4805,39,0.101135,0.000000,0.101135,1.30e-05
4806,39,0.004605,0.000000,0.004605,1.30e-05
4807,39,0.024977,0.000000,0.024977,1.30e-05
4808,39,0.013923,0.000000,0.013923,1.29e-05
4809,39,0.014041,0.000000,0.014041,1.29e-05
4810,39,0.005302,0.000000,0.005302,1.29e-05
4811,39,0.077813,0.000000,0.077813,1.29e-05
4812,39,0.037797,0.000000,0.037797,1.29e-05
4813,39,0.083995,0.000000,0.083995,1.29e-05
4814,39,0.092292,0.000000,0.092292,1.28e-05
4815,39,0.028259,0.000000,0.028259,1.28e-05
4816,39,0.068494,0.000000,0.068494,1.28e-05
4817,39,0.031451,0.000000,0.031451,1.28e-05
4818,39,0.043592,0.000000,0.043592,1.28e-05
4819,39,0.022400,0.000000,0.022400,1.28e-05
4820,39,0.024491,0.000000,0.024491,1.27e-05
4821,39,0.043159,0.000000,0.043159,1.27e-05
4822,39,0.037130,0.000000,0.037130,1.27e-05
4823,39,0.053922,0.000000,0.053922,1.27e-05
4824,39,0.083077,0.000000,0.083077,1.27e-05
4825,39,0.031370,0.000000,0.031370,1.27e-05
4826,39,0.057702,0.000000,0.057702,1.26e-05
4827,39,0.089416,0.000000,0.089416,1.26e-05
4828,39,0.015479,0.000000,0.015479,1.26e-05
4829,39,0.013822,0.000000,0.013822,1.26e-05
4830,39,0.023468,0.000000,0.023468,1.26e-05
4831,39,0.054897,0.000000,0.054897,1.26e-05
4832,39,0.020232,0.000000,0.020232,1.25e-05
4833,39,0.080394,0.000000,0.080394,1.25e-05
4834,39,0.027457,0.000000,0.027457,1.25e-05
4835,39,0.023526,0.000000,0.023526,1.25e-05
4836,39,0.031259,0.000000,0.031259,1.25e-05
4837,39,0.049025,0.000000,0.049025,1.25e-05
4838,39,0.021907,0.000000,0.021907,1.24e-05
4839,39,0.047143,0.000000,0.047143,1.24e-05
4840,39,0.047024,0.000000,0.047024,1.24e-05
4841,39,0.035412,0.000000,0.035412,1.24e-05
4842,39,0.043173,0.000000,0.043173,1.24e-05
4843,39,0.160480,0.000000,0.160480,1.24e-05
4844,39,0.040412,0.000000,0.040412,1.23e-05
4845,39,0.048270,0.000000,0.048270,1.23e-05
4846,39,0.005379,0.000000,0.005379,1.23e-05
4847,39,0.046897,0.000000,0.046897,1.23e-05
4848,39,0.019483,0.000000,0.019483,1.23e-05
4849,39,0.069906,0.000000,0.069906,1.23e-05
4850,39,0.007559,0.000000,0.007559,1.22e-05
4851,39,0.059527,0.000000,0.059527,1.22e-05
4852,39,0.036159,0.000000,0.036159,1.22e-05
4853,39,0.026274,0.000000,0.026274,1.22e-05
4854,39,0.040300,0.000000,0.040300,1.22e-05
4855,39,0.016859,0.000000,0.016859,1.22e-05
4856,39,0.081897,0.000000,0.081897,1.21e-05
4857,39,0.088048,0.000000,0.088048,1.21e-05
4858,39,0.020863,0.000000,0.020863,1.21e-05
4859,39,0.019743,0.000000,0.019743,1.21e-05
4860,39,0.053940,0.000000,0.053940,1.21e-05
4861,39,0.063802,0.000000,0.063802,1.21e-05
4862,39,0.017913,0.000000,0.017913,1.20e-05
4863,39,0.033869,0.000000,0.033869,1.20e-05
4864,39,0.061028,0.000000,0.061028,1.20e-05
4865,39,0.200693,0.000000,0.200693,1.20e-05
4866,39,0.040013,0.000000,0.040013,1.20e-05
4867,39,0.031171,0.000000,0.031171,1.20e-05
4868,39,0.028481,0.000000,0.028481,1.19e-05
4869,39,0.007573,0.000000,0.007573,1.19e-05
4870,39,0.104871,0.000000,0.104871,1.19e-05
4871,39,0.092099,0.000000,0.092099,1.19e-05
4872,39,0.020915,0.000000,0.020915,1.19e-05
4873,39,0.069342,0.000000,0.069342,1.19e-05
4874,39,0.014619,0.000000,0.014619,1.18e-05
4875,40,0.018213,0.000000,0.018213,1.18e-05
4876,40,0.037741,0.000000,0.037741,1.18e-05
4877,40,0.081086,0.000000,0.081086,1.18e-05
4878,40,0.039632,0.000000,0.039632,1.18e-05
4879,40,0.035872,0.000000,0.035872,1.18e-05
4880,40,0.023298,0.000000,0.023298,1.17e-05
4881,40,0.070099,0.000000,0.070099,1.17e-05
4882,40,0.075507,0.000000,0.075507,1.17e-05
4883,40,0.036149,0.000000,0.036149,1.17e-05
4884,40,0.078266,0.000000,0.078266,1.17e-05
4885,40,0.036555,0.000000,0.036555,1.17e-05
4886,40,0.076250,0.000000,0.076250,1.16e-05
4887,40,0.040586,0.000000,0.040586,1.16e-05
4888,40,0.051699,0.000000,0.051699,1.16e-05
4889,40,0.042365,0.000000,0.042365,1.16e-05
4890,40,0.012529,0.000000,0.012529,1.16e-05
4891,40,0.016623,0.000000,0.016623,1.16e-05
4892,40,0.036222,0.000000,0.036222,1.15e-05
4893,40,0.025389,0.000000,0.025389,1.15e-05
4894,40,0.052888,0.000000,0.052888,1.15e-05
4895,40,0.016343,0.000000,0.016343,1.15e-05
4896,40,0.032656,0.000000,0.032656,1.15e-05
4897,40,0.028850,0.000000,0.028850,1.15e-05
4898,40,0.049248,0.000000,0.049248,1.14e-05
4899,40,0.051637,0.000000,0.051637,1.14e-05
4900,40,0.075326,0.000000,0.075326,1.14e-05
4901,40,0.063440,0.000000,0.063440,1.14e-05
4902,40,0.091447,0.000000,0.091447,1.14e-05
4903,40,0.048737,0.000000,0.048737,1.14e-05
4904,40,0.090731,0.000000,0.090731,1.13e-05
4905,40,0.046311,0.000000,0.046311,1.13e-05
4906,40,0.048274,0.000000,0.048274,1.13e-05
4907,40,0.051502,0.000000,0.051502,1.13e-05
4908,40,0.004780,0.000000,0.004780,1.13e-05
4909,40,0.073089,0.000000,0.073089,1.13e-05
4910,40,0.049362,0.000000,0.049362,1.12e-05
4911,40,0.034664,0.000000,0.034664,1.12e-05
4912,40,0.035443,0.000000,0.035443,1.12e-05
4913,40,0.040682,0.000000,0.040682,1.12e-05
4914,40,0.050258,0.000000,0.050258,1.12e-05
4915,40,0.038455,0.000000,0.038455,1.12e-05
4916,40,0.006563,0.000000,0.006563,1.12e-05
4917,40,0.081490,0.000000,0.081490,1.11e-05
4918,40,0.042575,0.000000,0.042575,1.11e-05
4919,40,0.012781,0.000000,0.012781,1.11e-05
4920,40,0.045805,0.000000,0.045805,1.11e-05
4921,40,0.101310,0.000000,0.101310,1.11e-05
4922,40,0.017923,0.000000,0.017923,1.11e-05
4923,40,0.041465,0.000000,0.041465,1.10e-05
4924,40,0.015289,0.000000,0.015289,1.10e-05
4925,40,0.091842,0.000000,0.091842,1.10e-05
4926,40,0.040936,0.000000,0.040936,1.10e-05
4927,40,0.056467,0.000000,0.056467,1.10e-05
4928,40,0.051939,0.000000,0.051939,1.10e-05
4929,40,0.035079,0.000000,0.035079,1.09e-05
4930,40,0.056465,0.000000,0.056465,1.09e-05
4931,40,0.047770,0.000000,0.047770,1.09e-05
4932,40,0.020768,0.000000,0.020768,1.09e-05
4933,40,0.005246,0.000000,0.005246,1.09e-05
4934,40,0.029557,0.000000,0.029557,1.09e-05
4935,40,0.041666,0.000000,0.041666,1.08e-05
4936,40,0.094638,0.000000,0.094638,1.08e-05
4937,40,0.017495,0.000000,0.017495,1.08e-05
4938,40,0.062299,0.000000,0.062299,1.08e-05
4939,40,0.031125,0.000000,0.031125,1.08e-05
4940,40,0.043724,0.000000,0.043724,1.08e-05
4941,40,0.039297,0.000000,0.039297,1.08e-05
4942,40,0.089911,0.000000,0.089911,1.07e-05
4943,40,0.014449,0.000000,0.014449,1.07e-05
4944,40,0.003100,0.000000,0.003100,1.07e-05
4945,40,0.022164,0.000000,0.022164,1.07e-05
4946,40,0.010944,0.000000,0.010944,1.07e-05
4947,40,0.033154,0.000000,0.033154,1.07e-05
4948,40,0.025622,0.000000,0.025622,1.06e-05
4949,40,0.078976,0.000000,0.078976,1.06e-05
4950,40,0.066258,0.000000,0.066258,1.06e-05
4951,40,0.031910,0.000000,0.031910,1.06e-05
4952,40,0.055536,0.000000,0.055536,1.06e-05
4953,40,0.016433,0.000000,0.016433,1.06e-05
4954,40,0.056520,0.000000,0.056520,1.05e-05
4955,40,0.036405,0.000000,0.036405,1.05e-05
4956,40,0.010718,0.000000,0.010718,1.05e-05
4957,40,0.044934,0.000000,0.044934,1.05e-05
4958,40,0.089495,0.000000,0.089495,1.05e-05
4959,40,0.041394,0.000000,0.041394,1.05e-05
4960,40,0.058945,0.000000,0.058945,1.05e-05
4961,40,0.061860,0.000000,0.061860,1.04e-05
4962,40,0.070986,0.000000,0.070986,1.04e-05
4963,40,0.013521,0.000000,0.013521,1.04e-05
4964,40,0.041974,0.000000,0.041974,1.04e-05
4965,40,0.049285,0.000000,0.049285,1.04e-05
4966,40,0.085354,0.000000,0.085354,1.04e-05
4967,40,0.052461,0.000000,0.052461,1.03e-05
4968,40,0.090097,0.000000,0.090097,1.03e-05
4969,40,0.051354,0.000000,0.051354,1.03e-05
4970,40,0.013529,0.000000,0.013529,1.03e-05
4971,40,0.053775,0.000000,0.053775,1.03e-05
4972,40,0.040025,0.000000,0.040025,1.03e-05
4973,40,0.072984,0.000000,0.072984,1.03e-05
4974,40,0.072747,0.000000,0.072747,1.02e-05
4975,40,0.035426,0.000000,0.035426,1.02e-05
4976,40,0.067855,0.000000,0.067855,1.02e-05
4977,40,0.042170,0.000000,0.042170,1.02e-05
4978,40,0.048058,0.000000,0.048058,1.02e-05
4979,40,0.050849,0.000000,0.050849,1.02e-05
4980,40,0.072396,0.000000,0.072396,1.01e-05
4981,40,0.016441,0.000000,0.016441,1.01e-05
4982,40,0.020381,0.000000,0.020381,1.01e-05
4983,40,0.065769,0.000000,0.065769,1.01e-05
4984,40,0.022121,0.000000,0.022121,1.01e-05
4985,40,0.047976,0.000000,0.047976,1.01e-05
4986,40,0.104112,0.000000,0.104112,1.01e-05
4987,40,0.052006,0.000000,0.052006,1.00e-05
4988,40,0.041523,0.000000,0.041523,1.00e-05
4989,40,0.027694,0.000000,0.027694,1.00e-05
4990,40,0.024489,0.000000,0.024489,9.99e-06
4991,40,0.075700,0.000000,0.075700,9.97e-06
4992,40,0.123828,0.000000,0.123828,9.96e-06
4993,40,0.037532,0.000000,0.037532,9.94e-06
4994,40,0.044627,0.000000,0.044627,9.93e-06
4995,40,0.028723,0.000000,0.028723,9.91e-06
4996,40,0.022217,0.000000,0.022217,9.90e-06
4997,40,0.014140,0.000000,0.014140,9.88e-06
4998,40,0.013513,0.000000,0.013513,9.87e-06
4999,40,0.041214,0.000000,0.041214,9.85e-06
5000,41,0.057943,0.000000,0.057943,9.84e-06
5001,41,0.043305,0.000000,0.043305,9.82e-06
5002,41,0.052627,0.000000,0.052627,9.81e-06
5003,41,0.033433,0.000000,0.033433,9.79e-06
5004,41,0.023132,0.000000,0.023132,9.78e-06
5005,41,0.035044,0.000000,0.035044,9.76e-06
5006,41,0.084425,0.000000,0.084425,9.75e-06
5007,41,0.084644,0.000000,0.084644,9.73e-06
5008,41,0.115584,0.000000,0.115584,9.71e-06
5009,41,0.023754,0.000000,0.023754,9.70e-06
5010,41,0.008321,0.000000,0.008321,9.68e-06
5011,41,0.064564,0.000000,0.064564,9.67e-06
5012,41,0.051675,0.000000,0.051675,9.65e-06
5013,41,0.009997,0.000000,0.009997,9.64e-06
5014,41,0.038537,0.000000,0.038537,9.62e-06
5015,41,0.029251,0.000000,0.029251,9.61e-06
5016,41,0.023092,0.000000,0.023092,9.59e-06
5017,41,0.005232,0.000000,0.005232,9.58e-06
5018,41,0.043225,0.000000,0.043225,9.56e-06
5019,41,0.045024,0.000000,0.045024,9.55e-06
5020,41,0.048732,0.000000,0.048732,9.53e-06
5021,41,0.139544,0.000000,0.139544,9.52e-06
5022,41,0.054440,0.000000,0.054440,9.50e-06
5023,41,0.011414,0.000000,0.011414,9.49e-06
5024,41,0.019223,0.000000,0.019223,9.47e-06
5025,41,0.053629,0.000000,0.053629,9.46e-06
5026,41,0.038629,0.000000,0.038629,9.44e-06
5027,41,0.091368,0.000000,0.091368,9.43e-06
5028,41,0.046195,0.000000,0.046195,9.41e-06
5029,41,0.083525,0.000000,0.083525,9.40e-06
5030,41,0.041447,0.000000,0.041447,9.38e-06
5031,41,0.080029,0.000000,0.080029,9.37e-06
5032,41,0.031439,0.000000,0.031439,9.35e-06
5033,41,0.037900,0.000000,0.037900,9.34e-06
5034,41,0.042122,0.000000,0.042122,9.33e-06
5035,41,0.023230,0.000000,0.023230,9.31e-06
5036,41,0.066883,0.000000,0.066883,9.30e-06
5037,41,0.051837,0.000000,0.051837,9.28e-06
5038,41,0.009070,0.000000,0.009070,9.27e-06
5039,41,0.046974,0.000000,0.046974,9.25e-06
5040,41,0.057658,0.000000,0.057658,9.24e-06
5041,41,0.006292,0.000000,0.006292,9.22e-06
5042,41,0.030277,0.000000,0.030277,9.21e-06
5043,41,0.096473,0.000000,0.096473,9.19e-06
5044,41,0.097270,0.000000,0.097270,9.18e-06
5045,41,0.003781,0.000000,0.003781,9.16e-06
5046,41,0.027114,0.000000,0.027114,9.15e-06
5047,41,0.053205,0.000000,0.053205,9.13e-06
5048,41,0.030728,0.000000,0.030728,9.12e-06
5049,41,0.071806,0.000000,0.071806,9.10e-06
5050,41,0.051052,0.000000,0.051052,9.09e-06
5051,41,0.097846,0.000000,0.097846,9.07e-06
5052,41,0.028442,0.000000,0.028442,9.06e-06
5053,41,0.044398,0.000000,0.044398,9.04e-06
5054,41,0.024480,0.000000,0.024480,9.03e-06
5055,41,0.007386,0.000000,0.007386,9.02e-06
5056,41,0.051215,0.000000,0.051215,9.00e-06
5057,41,0.056644,0.000000,0.056644,8.99e-06
5058,41,0.008334,0.000000,0.008334,8.97e-06
5059,41,0.042635,0.000000,0.042635,8.96e-06
5060,41,0.058212,0.000000,0.058212,8.94e-06
5061,41,0.070899,0.000000,0.070899,8.93e-06
5062,41,0.051092,0.000000,0.051092,8.91e-06
5063,41,0.016822,0.000000,0.016822,8.90e-06
5064,41,0.022098,0.000000,0.022098,8.88e-06
5065,41,0.033449,0.000000,0.033449,8.87e-06
5066,41,0.082978,0.000000,0.082978,8.86e-06
5067,41,0.017413,0.000000,0.017413,8.84e-06
5068,41,0.060561,0.000000,0.060561,8.83e-06
5069,41,0.029647,0.000000,0.029647,8.81e-06
5070,41,0.050125,0.000000,0.050125,8.80e-06
5071,41,0.029857,0.000000,0.029857,8.78e-06
5072,41,0.033017,0.000000,0.033017,8.77e-06
5073,41,0.018871,0.000000,0.018871,8.75e-06
5074,41,0.069530,0.000000,0.069530,8.74e-06
5075,41,0.032730,0.000000,0.032730,8.73e-06
5076,41,0.024712,0.000000,0.024712,8.71e-06
5077,41,0.009111,0.000000,0.009111,8.70e-06
5078,41,0.052107,0.000000,0.052107,8.68e-06
5079,41,0.041394,0.000000,0.041394,8.67e-06
5080,41,0.105790,0.000000,0.105790,8.65e-06
5081,41,0.049056,0.000000,0.049056,8.64e-06
5082,41,0.047329,0.000000,0.047329,8.62e-06
5083,41,0.008498,0.000000,0.008498,8.61e-06
5084,41,0.029231,0.000000,0.029231,8.60e-06
5085,41,0.029575,0.000000,0.029575,8.58e-06
5086,41,0.098886,0.000000,0.098886,8.57e-06
5087,41,0.030400,0.000000,0.030400,8.55e-06
5088,41,0.086439,0.000000,0.086439,8.54e-06
5089,41,0.024835,0.000000,0.024835,8.52e-06
5090,41,0.037010,0.000000,0.037010,8.51e-06
5091,41,0.046447,0.000000,0.046447,8.50e-06
5092,41,0.050372,0.000000,0.050372,8.48e-06
5093,41,0.022441,0.000000,0.022441,8.47e-06
5094,41,0.040795,0.000000,0.040795,8.45e-06
5095,41,0.033247,0.000000,0.033247,8.44e-06
5096,41,0.072712,0.000000,0.072712,8.42e-06
5097,41,0.075411,0.000000,0.075411,8.41e-06
5098,41,0.071277,0.000000,0.071277,8.40e-06
5099,41,0.059412,0.000000,0.059412,8.38e-06
5100,41,0.004312,0.000000,0.004312,8.37e-06
5101,41,0.028517,0.000000,0.028517,8.35e-06
5102,41,0.065778,0.000000,0.065778,8.34e-06
5103,41,0.035313,0.000000,0.035313,8.33e-06
5104,41,0.063661,0.000000,0.063661,8.31e-06
5105,41,0.097206,0.000000,0.097206,8.30e-06
5106,41,0.068839,0.000000,0.068839,8.28e-06
5107,41,0.059329,0.000000,0.059329,8.27e-06
5108,41,0.024729,0.000000,0.024729,8.26e-06
5109,41,0.060766,0.000000,0.060766,8.24e-06
5110,41,0.057727,0.000000,0.057727,8.23e-06
5111,41,0.056236,0.000000,0.056236,8.21e-06
5112,41,0.033833,0.000000,0.033833,8.20e-06
5113,41,0.035016,0.000000,0.035016,8.19e-06
5114,41,0.039391,0.000000,0.039391,8.17e-06
5115,41,0.092747,0.000000,0.092747,8.16e-06
5116,41,0.047025,0.000000,0.047025,8.14e-06
5117,41,0.041314,0.000000,0.041314,8.13e-06
5118,41,0.033220,0.000000,0.033220,8.12e-06
5119,41,0.058492,0.000000,0.058492,8.10e-06
5120,41,0.036772,0.000000,0.036772,8.09e-06
5121,41,0.129697,0.000000,0.129697,8.07e-06
5122,41,0.022646,0.000000,0.022646,8.06e-06
5123,41,0.013363,0.000000,0.013363,8.05e-06
5124,41,0.063201,0.000000,0.063201,8.03e-06
5125,42,0.025224,0.000000,0.025224,8.02e-06
5126,42,0.035496,0.000000,0.035496,8.00e-06
5127,42,0.076708,0.000000,0.076708,7.99e-06
5128,42,0.060671,0.000000,0.060671,7.98e-06
5129,42,0.056812,0.000000,0.056812,7.96e-06
5130,42,0.051671,0.000000,0.051671,7.95e-06
5131,42,0.045687,0.000000,0.045687,7.93e-06
5132,42,0.023494,0.000000,0.023494,7.92e-06
5133,42,0.013018,0.000000,0.013018,7.91e-06
5134,42,0.022238,0.000000,0.022238,7.89e-06
5135,42,0.095877,0.000000,0.095877,7.88e-06
5136,42,0.038604,0.000000,0.038604,7.87e-06
5137,42,0.068654,0.000000,0.068654,7.85e-06
5138,42,0.102262,0.000000,0.102262,7.84e-06
5139,42,0.074194,0.000000,0.074194,7.82e-06
5140,42,0.021216,0.000000,0.021216,7.81e-06
5141,42,0.012167,0.000000,0.012167,7.80e-06
5142,42,0.023482,0.000000,0.023482,7.78e-06
5143,42,0.053530,0.000000,0.053530,7.77e-06
5144,42,0.065279,0.000000,0.065279,7.76e-06
5145,42,0.014694,0.000000,0.014694,7.74e-06
5146,42,0.007883,0.000000,0.007883,7.73e-06
5147,42,0.067470,0.000000,0.067470,7.72e-06
5148,42,0.027282,0.000000,0.027282,7.70e-06
5149,42,0.045616,0.000000,0.045616,7.69e-06
5150,42,0.047123,0.000000,0.047123,7.67e-06
5151,42,0.085859,0.000000,0.085859,7.66e-06
5152,42,0.023536,0.000000,0.023536,7.65e-06
5153,42,0.022432,0.000000,0.022432,7.63e-06
5154,42,0.025987,0.000000,0.025987,7.62e-06
5155,42,0.045268,0.000000,0.045268,7.61e-06
5156,42,0.030880,0.000000,0.030880,7.59e-06
5157,42,0.045583,0.000000,0.045583,7.58e-06
5158,42,0.044391,0.000000,0.044391,7.57e-06
5159,42,0.068236,0.000000,0.068236,7.55e-06
5160,42,0.038383,0.000000,0.038383,7.54e-06
5161,42,0.043741,0.000000,0.043741,7.53e-06
5162,42,0.031418,0.000000,0.031418,7.51e-06
5163,42,0.003422,0.000000,0.003422,7.50e-06
5164,42,0.024433,0.000000,0.024433,7.49e-06
5165,42,0.013305,0.000000,0.013305,7.47e-06
5166,42,0.036694,0.000000,0.036694,7.46e-06
5167,42,0.071920,0.000000,0.071920,7.44e-06
5168,42,0.041655,0.000000,0.041655,7.43e-06
5169,42,0.048669,0.000000,0.048669,7.42e-06
5170,42,0.081606,0.000000,0.081606,7.40e-06
5171,42,0.030718,0.000000,0.030718,7.39e-06
5172,42,0.044646,0.000000,0.044646,7.38e-06
5173,42,0.045199,0.000000,0.045199,7.36e-06
5174,42,0.019206,0.000000,0.019206,7.35e-06
5175,42,0.095057,0.000000,0.095057,7.34e-06
5176,42,0.093125,0.000000,0.093125,7.32e-06
5177,42,0.028049,0.000000,0.028049,7.31e-06
5178,42,0.023627,0.000000,0.023627,7.30e-06
5179,42,0.027128,0.000000,0.027128,7.28e-06
5180,42,0.036665,0.000000,0.036665,7.27e-06
5181,42,0.010092,0.000000,0.010092,7.26e-06
5182,42,0.014908,0.000000,0.014908,7.25e-06
5183,42,0.056217,0.000000,0.056217,7.23e-06
5184,42,0.078360,0.000000,0.078360,7.22e-06
5185,42,0.037830,0.000000,0.037830,7.21e-06
5186,42,0.069906,0.000000,0.069906,7.19e-06
5187,42,0.046871,0.000000,0.046871,7.18e-06
5188,42,0.032874,0.000000,0.032874,7.17e-06
5189,42,0.009126,0.000000,0.009126,7.15e-06
5190,42,0.029074,0.000000,0.029074,7.14e-06
5191,42,0.032588,0.000000,0.032588,7.13e-06
5192,42,0.034408,0.000000,0.034408,7.11e-06
5193,42,0.018719,0.000000,0.018719,7.10e-06
5194,42,0.059571,0.000000,0.059571,7.09e-06
5195,42,0.035289,0.000000,0.035289,7.07e-06
5196,42,0.067093,0.000000,0.067093,7.06e-06
5197,42,0.020802,0.000000,0.020802,7.05e-06
5198,42,0.040093,0.000000,0.040093,7.03e-06
5199,42,0.062065,0.000000,0.062065,7.02e-06
5200,42,0.032504,0.000000,0.032504,7.01e-06
5201,42,0.088814,0.000000,0.088814,7.00e-06
5202,42,0.051925,0.000000,0.051925,6.98e-06
5203,42,0.015145,0.000000,0.015145,6.97e-06
5204,42,0.049903,0.000000,0.049903,6.96e-06
5205,42,0.067333,0.000000,0.067333,6.94e-06
5206,42,0.039820,0.000000,0.039820,6.93e-06
5207,42,0.066526,0.000000,0.066526,6.92e-06
5208,42,0.042769,0.000000,0.042769,6.90e-06
5209,42,0.033377,0.000000,0.033377,6.89e-06
5210,42,0.022654,0.000000,0.022654,6.88e-06
5211,42,0.040933,0.000000,0.040933,6.87e-06
5212,42,0.013899,0.000000,0.013899,6.85e-06
5213,42,0.037570,0.000000,0.037570,6.84e-06
5214,42,0.137463,0.000000,0.137463,6.83e-06
5215,42,0.041029,0.000000,0.041029,6.81e-06
5216,42,0.086883,0.000000,0.086883,6.80e-06
5217,42,0.083671,0.000000,0.083671,6.79e-06
5218,42,0.062015,0.000000,0.062015,6.78e-06
5219,42,0.026702,0.000000,0.026702,6.76e-06
5220,42,0.027646,0.000000,0.027646,6.75e-06
5221,42,0.013351,0.000000,0.013351,6.74e-06
5222,42,0.006646,0.000000,0.006646,6.72e-06
5223,42,0.035914,0.000000,0.035914,6.71e-06
5224,42,0.050247,0.000000,0.050247,6.70e-06
5225,42,0.065844,0.000000,0.065844,6.69e-06
5226,42,0.036835,0.000000,0.036835,6.67e-06
5227,42,0.030373,0.000000,0.030373,6.66e-06
5228,42,0.053601,0.000000,0.053601,6.65e-06
5229,42,0.057925,0.000000,0.057925,6.64e-06
5230,42,0.069818,0.000000,0.069818,6.62e-06
5231,42,0.053404,0.000000,0.053404,6.61e-06
5232,42,0.026628,0.000000,0.026628,6.60e-06
5233,42,0.021772,0.000000,0.021772,6.58e-06
5234,42,0.035329,0.000000,0.035329,6.57e-06
5235,42,0.029128,0.000000,0.029128,6.56e-06
5236,42,0.069546,0.000000,0.069546,6.55e-06
5237,42,0.217456,0.000000,0.217456,6.53e-06
5238,42,0.113124,0.000000,0.113124,6.52e-06
5239,42,0.043937,0.000000,0.043937,6.51e-06
5240,42,0.018552,0.000000,0.018552,6.50e-06
5241,42,0.072172,0.000000,0.072172,6.48e-06
5242,42,0.059509,0.000000,0.059509,6.47e-06
5243,42,0.015305,0.000000,0.015305,6.46e-06
5244,42,0.082111,0.000000,0.082111,6.45e-06
5245,42,0.044155,0.000000,0.044155,6.43e-06
5246,42,0.025250,0.000000,0.025250,6.42e-06
5247,42,0.058711,0.000000,0.058711,6.41e-06
5248,42,0.046446,0.000000,0.046446,6.40e-06
5249,42,0.017753,0.000000,0.017753,6.38e-06
5250,43,0.030243,0.000000,0.030243,6.37e-06
5251,43,0.133577,0.000000,0.133577,6.36e-06
5252,43,0.029546,0.000000,0.029546,6.35e-06
5253,43,0.074129,0.000000,0.074129,6.33e-06
5254,43,0.023277,0.000000,0.023277,6.32e-06
5255,43,0.052418,0.000000,0.052418,6.31e-06
5256,43,0.054937,0.000000,0.054937,6.30e-06
5257,43,0.053554,0.000000,0.053554,6.28e-06
5258,43,0.031580,0.000000,0.031580,6.27e-06
5259,43,0.048410,0.000000,0.048410,6.26e-06
5260,43,0.028667,0.000000,0.028667,6.25e-06
5261,43,0.030494,0.000000,0.030494,6.23e-06
5262,43,0.007076,0.000000,0.007076,6.22e-06
5263,43,0.049743,0.000000,0.049743,6.21e-06
5264,43,0.072690,0.000000,0.072690,6.20e-06
5265,43,0.117784,0.000000,0.117784,6.18e-06
5266,43,0.045432,0.000000,0.045432,6.17e-06
5267,43,0.041856,0.000000,0.041856,6.16e-06
5268,43,0.043355,0.000000,0.043355,6.15e-06
5269,43,0.086597,0.000000,0.086597,6.14e-06
5270,43,0.018118,0.000000,0.018118,6.12e-06
5271,43,0.043071,0.000000,0.043071,6.11e-06
5272,43,0.066976,0.000000,0.066976,6.10e-06
5273,43,0.072738,0.000000,0.072738,6.09e-06
5274,43,0.021289,0.000000,0.021289,6.07e-06
5275,43,0.079066,0.000000,0.079066,6.06e-06
5276,43,0.092187,0.000000,0.092187,6.05e-06
5277,43,0.059444,0.000000,0.059444,6.04e-06
5278,43,0.050500,0.000000,0.050500,6.03e-06
5279,43,0.098470,0.000000,0.098470,6.01e-06
5280,43,0.058555,0.000000,0.058555,6.00e-06
5281,43,0.139799,0.000000,0.139799,5.99e-06
5282,43,0.080128,0.000000,0.080128,5.98e-06
5283,43,0.019215,0.000000,0.019215,5.97e-06
5284,43,0.063894,0.000000,0.063894,5.95e-06
5285,43,0.040694,0.000000,0.040694,5.94e-06
5286,43,0.015015,0.000000,0.015015,5.93e-06
5287,43,0.063189,0.000000,0.063189,5.92e-06
5288,43,0.051387,0.000000,0.051387,5.90e-06
5289,43,0.046538,0.000000,0.046538,5.89e-06
5290,43,0.029000,0.000000,0.029000,5.88e-06
5291,43,0.030637,0.000000,0.030637,5.87e-06
5292,43,0.040520,0.000000,0.040520,5.86e-06
5293,43,0.114485,0.000000,0.114485,5.84e-06
5294,43,0.030068,0.000000,0.030068,5.83e-06
5295,43,0.099450,0.000000,0.099450,5.82e-06
5296,43,0.064128,0.000000,0.064128,5.81e-06
5297,43,0.149522,0.000000,0.149522,5.80e-06
5298,43,0.050598,0.000000,0.050598,5.78e-06
5299,43,0.022559,0.000000,0.022559,5.77e-06
5300,43,0.057068,0.000000,0.057068,5.76e-06
5301,43,0.076052,0.000000,0.076052,5.75e-06
5302,43,0.066490,0.000000,0.066490,5.74e-06
5303,43,0.031737,0.000000,0.031737,5.73e-06
5304,43,0.056454,0.000000,0.056454,5.71e-06
5305,43,0.057377,0.000000,0.057377,5.70e-06
5306,43,0.034442,0.000000,0.034442,5.69e-06
5307,43,0.010935,0.000000,0.010935,5.68e-06
5308,43,0.049279,0.000000,0.049279,5.67e-06
5309,43,0.023788,0.000000,0.023788,5.65e-06
5310,43,0.064019,0.000000,0.064019,5.64e-06
5311,43,0.074712,0.000000,0.074712,5.63e-06
5312,43,0.023437,0.000000,0.023437,5.62e-06
5313,43,0.020441,0.000000,0.020441,5.61e-06
5314,43,0.025839,0.000000,0.025839,5.60e-06
5315,43,0.053217,0.000000,0.053217,5.58e-06
5316,43,0.096620,0.000000,0.096620,5.57e-06
5317,43,0.049037,0.000000,0.049037,5.56e-06
5318,43,0.077953,0.000000,0.077953,5.55e-06
5319,43,0.028348,0.000000,0.028348,5.54e-06
5320,43,0.041458,0.000000,0.041458,5.53e-06
5321,43,0.081075,0.000000,0.081075,5.51e-06
5322,43,0.041869,0.000000,0.041869,5.50e-06
5323,43,0.054224,0.000000,0.054224,5.49e-06
5324,43,0.064982,0.000000,0.064982,5.48e-06
5325,43,0.002366,0.000000,0.002366,5.47e-06
5326,43,0.047249,0.000000,0.047249,5.46e-06
5327,43,0.065421,0.000000,0.065421,5.44e-06
5328,43,0.032514,0.000000,0.032514,5.43e-06
5329,43,0.084162,0.000000,0.084162,5.42e-06
5330,43,0.025864,0.000000,0.025864,5.41e-06
5331,43,0.059535,0.000000,0.059535,5.40e-06
5332,43,0.110927,0.000000,0.110927,5.39e-06
5333,43,0.026160,0.000000,0.026160,5.37e-06
5334,43,0.020919,0.000000,0.020919,5.36e-06
5335,43,0.048140,0.000000,0.048140,5.35e-06
5336,43,0.068514,0.000000,0.068514,5.34e-06
5337,43,0.032805,0.000000,0.032805,5.33e-06
5338,43,0.022091,0.000000,0.022091,5.32e-06
5339,43,0.054665,0.000000,0.054665,5.31e-06
5340,43,0.042823,0.000000,0.042823,5.29e-06
5341,43,0.041244,0.000000,0.041244,5.28e-06
5342,43,0.044494,0.000000,0.044494,5.27e-06
5343,43,0.019585,0.000000,0.019585,5.26e-06
5344,43,0.042996,0.000000,0.042996,5.25e-06
5345,43,0.017540,0.000000,0.017540,5.24e-06
5346,43,0.034465,0.000000,0.034465,5.23e-06
5347,43,0.053800,0.000000,0.053800,5.21e-06
5348,43,0.044497,0.000000,0.044497,5.20e-06
5349,43,0.100212,0.000000,0.100212,5.19e-06
5350,43,0.067617,0.000000,0.067617,5.18e-06
5351,43,0.016604,0.000000,0.016604,5.17e-06
5352,43,0.022005,0.000000,0.022005,5.16e-06
5353,43,0.040599,0.000000,0.040599,5.15e-06
5354,43,0.049404,0.000000,0.049404,5.14e-06
5355,43,0.021232,0.000000,0.021232,5.12e-06
5356,43,0.048963,0.000000,0.048963,5.11e-06
5357,43,0.084074,0.000000,0.084074,5.10e-06
5358,43,0.025881,0.000000,0.025881,5.09e-06
5359,43,0.064743,0.000000,0.064743,5.08e-06
5360,43,0.041305,0.000000,0.041305,5.07e-06
5361,43,0.105490,0.000000,0.105490,5.06e-06
5362,43,0.047489,0.000000,0.047489,5.05e-06
5363,43,0.047083,0.000000,0.047083,5.03e-06
5364,43,0.024050,0.000000,0.024050,5.02e-06
5365,43,0.022730,0.000000,0.022730,5.01e-06
5366,43,0.073813,0.000000,0.073813,5.00e-06
5367,43,0.034957,0.000000,0.034957,4.99e-06
5368,43,0.007705,0.000000,0.007705,4.98e-06
5369,43,0.081625,0.000000,0.081625,4.97e-06
5370,43,0.027986,0.000000,0.027986,4.96e-06
5371,43,0.040770,0.000000,0.040770,4.95e-06
5372,43,0.053862,0.000000,0.053862,4.93e-06
5373,43,0.022513,0.000000,0.022513,4.92e-06
5374,43,0.037995,0.000000,0.037995,4.91e-06
5375,44,0.069433,0.000000,0.069433,4.90e-06
5376,44,0.072695,0.000000,0.072695,4.89e-06
5377,44,0.036518,0.000000,0.036518,4.88e-06
5378,44,0.123616,0.000000,0.123616,4.87e-06
5379,44,0.033569,0.000000,0.033569,4.86e-06
5380,44,0.032217,0.000000,0.032217,4.85e-06
5381,44,0.068686,0.000000,0.068686,4.84e-06
5382,44,0.004723,0.000000,0.004723,4.82e-06
5383,44,0.074193,0.000000,0.074193,4.81e-06
5384,44,0.049822,0.000000,0.049822,4.80e-06
5385,44,0.026854,0.000000,0.026854,4.79e-06
5386,44,0.058932,0.000000,0.058932,4.78e-06
5387,44,0.038946,0.000000,0.038946,4.77e-06
5388,44,0.059183,0.000000,0.059183,4.76e-06
5389,44,0.111687,0.000000,0.111687,4.75e-06
5390,44,0.046545,0.000000,0.046545,4.74e-06
5391,44,0.014133,0.000000,0.014133,4.73e-06
5392,44,0.030956,0.000000,0.030956,4.72e-06
5393,44,0.071552,0.000000,0.071552,4.70e-06
5394,44,0.004034,0.000000,0.004034,4.69e-06
5395,44,0.044943,0.000000,0.044943,4.68e-06
5396,44,0.003051,0.000000,0.003051,4.67e-06
5397,44,0.054420,0.000000,0.054420,4.66e-06
5398,44,0.025900,0.000000,0.025900,4.65e-06
5399,44,0.076551,0.000000,0.076551,4.64e-06
5400,44,0.061426,0.000000,0.061426,4.63e-06
5401,44,0.040222,0.000000,0.040222,4.62e-06
5402,44,0.058034,0.000000,0.058034,4.61e-06
5403,44,0.026319,0.000000,0.026319,4.60e-06
5404,44,0.031506,0.000000,0.031506,4.59e-06
5405,44,0.041977,0.000000,0.041977,4.58e-06
5406,44,0.039569,0.000000,0.039569,4.56e-06
5407,44,0.147524,0.000000,0.147524,4.55e-06
5408,44,0.026271,0.000000,0.026271,4.54e-06
5409,44,0.067746,0.000000,0.067746,4.53e-06
5410,44,0.030858,0.000000,0.030858,4.52e-06
5411,44,0.018836,0.000000,0.018836,4.51e-06
5412,44,0.043961,0.000000,0.043961,4.50e-06
5413,44,0.099155,0.000000,0.099155,4.49e-06
5414,44,0.026007,0.000000,0.026007,4.48e-06
5415,44,0.064082,0.000000,0.064082,4.47e-06
5416,44,0.076492,0.000000,0.076492,4.46e-06
5417,44,0.025959,0.000000,0.025959,4.45e-06
5418,44,0.033167,0.000000,0.033167,4.44e-06
5419,44,0.171203,0.000000,0.171203,4.43e-06
5420,44,0.035928,0.000000,0.035928,4.42e-06
5421,44,0.082218,0.000000,0.082218,4.41e-06
5422,44,0.051839,0.000000,0.051839,4.40e-06
5423,44,0.005355,0.000000,0.005355,4.39e-06
5424,44,0.080642,0.000000,0.080642,4.37e-06
5425,44,0.043926,0.000000,0.043926,4.36e-06
5426,44,0.032115,0.000000,0.032115,4.35e-06
5427,44,0.060194,0.000000,0.060194,4.34e-06
5428,44,0.046919,0.000000,0.046919,4.33e-06
5429,44,0.039606,0.000000,0.039606,4.32e-06
5430,44,0.052350,0.000000,0.052350,4.31e-06
5431,44,0.009443,0.000000,0.009443,4.30e-06
5432,44,0.046490,0.000000,0.046490,4.29e-06
5433,44,0.074015,0.000000,0.074015,4.28e-06
5434,44,0.041968,0.000000,0.041968,4.27e-06
5435,44,0.029667,0.000000,0.029667,4.26e-06
5436,44,0.024636,0.000000,0.024636,4.25e-06
5437,44,0.023822,0.000000,0.023822,4.24e-06
5438,44,0.057759,0.000000,0.057759,4.23e-06
5439,44,0.070294,0.000000,0.070294,4.22e-06
5440,44,0.055233,0.000000,0.055233,4.21e-06
5441,44,0.054215,0.000000,0.054215,4.20e-06
5442,44,0.062943,0.000000,0.062943,4.19e-06
5443,44,0.064680,0.000000,0.064680,4.18e-06
5444,44,0.015349,0.000000,0.015349,4.17e-06
5445,44,0.032103,0.000000,0.032103,4.16e-06
5446,44,0.085308,0.000000,0.085308,4.15e-06
5447,44,0.021538,0.000000,0.021538,4.14e-06
5448,44,0.055357,0.000000,0.055357,4.13e-06
5449,44,0.033674,0.000000,0.033674,4.12e-06
5450,44,0.022828,0.000000,0.022828,4.11e-06
5451,44,0.053490,0.000000,0.053490,4.10e-06
5452,44,0.045614,0.000000,0.045614,4.09e-06
5453,44,0.011576,0.000000,0.011576,4.08e-06
5454,44,0.027543,0.000000,0.027543,4.07e-06
5455,44,0.075645,0.000000,0.075645,4.06e-06
5456,44,0.039827,0.000000,0.039827,4.05e-06
5457,44,0.041529,0.000000,0.041529,4.04e-06
5458,44,0.072609,0.000000,0.072609,4.03e-06
5459,44,0.062017,0.000000,0.062017,4.02e-06
5460,44,0.037942,0.000000,0.037942,4.01e-06
5461,44,0.057493,0.000000,0.057493,4.00e-06
5462,44,0.002994,0.000000,0.002994,3.99e-06
5463,44,0.121013,0.000000,0.121013,3.98e-06
5464,44,0.070578,0.000000,0.070578,3.97e-06
5465,44,0.047153,0.000000,0.047153,3.96e-06
5466,44,0.037606,0.000000,0.037606,3.95e-06
5467,44,0.034519,0.000000,0.034519,3.94e-06
5468,44,0.050663,0.000000,0.050663,3.93e-06
5469,44,0.062501,0.000000,0.062501,3.92e-06
5470,44,0.074207,0.000000,0.074207,3.91e-06
5471,44,0.010890,0.000000,0.010890,3.90e-06
5472,44,0.023747,0.000000,0.023747,3.89e-06
5473,44,0.023813,0.000000,0.023813,3.88e-06
5474,44,0.012826,0.000000,0.012826,3.87e-06
5475,44,0.026531,0.000000,0.026531,3.86e-06
5476,44,0.074916,0.000000,0.074916,3.85e-06
5477,44,0.070762,0.000000,0.070762,3.84e-06
5478,44,0.037672,0.000000,0.037672,3.83e-06
5479,44,0.028988,0.000000,0.028988,3.82e-06
5480,44,0.071111,0.000000,0.071111,3.81e-06
5481,44,0.041863,0.000000,0.041863,3.80e-06
5482,44,0.060955,0.000000,0.060955,3.79e-06
5483,44,0.013632,0.000000,0.013632,3.78e-06
5484,44,0.033480,0.000000,0.033480,3.77e-06
5485,44,0.092864,0.000000,0.092864,3.76e-06
5486,44,0.043079,0.000000,0.043079,3.75e-06
5487,44,0.031834,0.000000,0.031834,3.74e-06
5488,44,0.023011,0.000000,0.023011,3.73e-06
5489,44,0.072334,0.000000,0.072334,3.72e-06
5490,44,0.034747,0.000000,0.034747,3.71e-06
5491,44,0.046146,0.000000,0.046146,3.70e-06
5492,44,0.059345,0.000000,0.059345,3.69e-06
5493,44,0.009262,0.000000,0.009262,3.68e-06
5494,44,0.031373,0.000000,0.031373,3.67e-06
5495,44,0.035475,0.000000,0.035475,3.66e-06
5496,44,0.027502,0.000000,0.027502,3.65e-06
5497,44,0.063270,0.000000,0.063270,3.64e-06
5498,44,0.060625,0.000000,0.060625,3.63e-06
5499,44,0.048904,0.000000,0.048904,3.62e-06
5500,45,0.031706,0.000000,0.031706,3.62e-06
5501,45,0.036352,0.000000,0.036352,3.61e-06
5502,45,0.039556,0.000000,0.039556,3.60e-06
5503,45,0.039725,0.000000,0.039725,3.59e-06
5504,45,0.031957,0.000000,0.031957,3.58e-06
5505,45,0.059692,0.000000,0.059692,3.57e-06
5506,45,0.025168,0.000000,0.025168,3.56e-06
5507,45,0.025075,0.000000,0.025075,3.55e-06
5508,45,0.013818,0.000000,0.013818,3.54e-06
5509,45,0.053041,0.000000,0.053041,3.53e-06
5510,45,0.019311,0.000000,0.019311,3.52e-06
5511,45,0.108777,0.000000,0.108777,3.51e-06
5512,45,0.020603,0.000000,0.020603,3.50e-06
5513,45,0.003789,0.000000,0.003789,3.49e-06
5514,45,0.103243,0.000000,0.103243,3.48e-06
5515,45,0.004705,0.000000,0.004705,3.47e-06
5516,45,0.044673,0.000000,0.044673,3.46e-06
5517,45,0.038580,0.000000,0.038580,3.45e-06
5518,45,0.066304,0.000000,0.066304,3.45e-06
5519,45,0.048563,0.000000,0.048563,3.44e-06
5520,45,0.073969,0.000000,0.073969,3.43e-06
5521,45,0.078427,0.000000,0.078427,3.42e-06
5522,45,0.063523,0.000000,0.063523,3.41e-06
5523,45,0.030354,0.000000,0.030354,3.40e-06
5524,45,0.048342,0.000000,0.048342,3.39e-06
5525,45,0.029095,0.000000,0.029095,3.38e-06
5526,45,0.068819,0.000000,0.068819,3.37e-06
5527,45,0.016485,0.000000,0.016485,3.36e-06
5528,45,0.044448,0.000000,0.044448,3.35e-06
5529,45,0.136063,0.000000,0.136063,3.34e-06
5530,45,0.032827,0.000000,0.032827,3.33e-06
5531,45,0.052568,0.000000,0.052568,3.33e-06
5532,45,0.060498,0.000000,0.060498,3.32e-06
5533,45,0.041118,0.000000,0.041118,3.31e-06
5534,45,0.039326,0.000000,0.039326,3.30e-06
5535,45,0.031621,0.000000,0.031621,3.29e-06
5536,45,0.060225,0.000000,0.060225,3.28e-06
5537,45,0.033828,0.000000,0.033828,3.27e-06
5538,45,0.077352,0.000000,0.077352,3.26e-06
5539,45,0.008003,0.000000,0.008003,3.25e-06
5540,45,0.072298,0.000000,0.072298,3.24e-06
5541,45,0.022017,0.000000,0.022017,3.23e-06
5542,45,0.061871,0.000000,0.061871,3.23e-06
5543,45,0.022695,0.000000,0.022695,3.22e-06
5544,45,0.068204,0.000000,0.068204,3.21e-06
5545,45,0.036680,0.000000,0.036680,3.20e-06
5546,45,0.060403,0.000000,0.060403,3.19e-06
5547,45,0.022964,0.000000,0.022964,3.18e-06
5548,45,0.037723,0.000000,0.037723,3.17e-06
5549,45,0.088551,0.000000,0.088551,3.16e-06
5550,45,0.046257,0.000000,0.046257,3.15e-06
5551,45,0.032375,0.000000,0.032375,3.14e-06
5552,45,0.051261,0.000000,0.051261,3.14e-06
5553,45,0.032698,0.000000,0.032698,3.13e-06
5554,45,0.009342,0.000000,0.009342,3.12e-06
5555,45,0.046599,0.000000,0.046599,3.11e-06
5556,45,0.073145,0.000000,0.073145,3.10e-06
5557,45,0.074785,0.000000,0.074785,3.09e-06
5558,45,0.018899,0.000000,0.018899,3.08e-06
5559,45,0.115804,0.000000,0.115804,3.07e-06
5560,45,0.051501,0.000000,0.051501,3.07e-06
5561,45,0.062292,0.000000,0.062292,3.06e-06
5562,45,0.104411,0.000000,0.104411,3.05e-06
5563,45,0.063309,0.000000,0.063309,3.04e-06
5564,45,0.048798,0.000000,0.048798,3.03e-06
5565,45,0.038047,0.000000,0.038047,3.02e-06
5566,45,0.042651,0.000000,0.042651,3.01e-06
5567,45,0.061249,0.000000,0.061249,3.00e-06
5568,45,0.095378,0.000000,0.095378,3.00e-06
5569,45,0.057127,0.000000,0.057127,2.99e-06
5570,45,0.034916,0.000000,0.034916,2.98e-06
5571,45,0.017718,0.000000,0.017718,2.97e-06
5572,45,0.035055,0.000000,0.035055,2.96e-06
5573,45,0.018612,0.000000,0.018612,2.95e-06
5574,45,0.022155,0.000000,0.022155,2.94e-06
5575,45,0.060622,0.000000,0.060622,2.93e-06
5576,45,0.031316,0.000000,0.031316,2.93e-06
5577,45,0.027641,0.000000,0.027641,2.92e-06
5578,45,0.025440,0.000000,0.025440,2.91e-06
5579,45,0.076717,0.000000,0.076717,2.90e-06
5580,45,0.045421,0.000000,0.045421,2.89e-06
5581,45,0.056159,0.000000,0.056159,2.88e-06
5582,45,0.038071,0.000000,0.038071,2.87e-06
5583,45,0.022131,0.000000,0.022131,2.87e-06
5584,45,0.072830,0.000000,0.072830,2.86e-06
5585,45,0.068584,0.000000,0.068584,2.85e-06
5586,45,0.021036,0.000000,0.021036,2.84e-06
5587,45,0.036562,0.000000,0.036562,2.83e-06
5588,45,0.027580,0.000000,0.027580,2.82e-06
5589,45,0.050218,0.000000,0.050218,2.81e-06
5590,45,0.046914,0.000000,0.046914,2.81e-06
5591,45,0.033113,0.000000,0.033113,2.80e-06
5592,45,0.047710,0.000000,0.047710,2.79e-06
5593,45,0.058469,0.000000,0.058469,2.78e-06
5594,45,0.054472,0.000000,0.054472,2.77e-06
5595,45,0.060763,0.000000,0.060763,2.76e-06
5596,45,0.043759,0.000000,0.043759,2.76e-06
5597,45,0.053313,0.000000,0.053313,2.75e-06
5598,45,0.067171,0.000000,0.067171,2.74e-06
5599,45,0.080889,0.000000,0.080889,2.73e-06
5600,45,0.033357,0.000000,0.033357,2.72e-06
5601,45,0.017613,0.000000,0.017613,2.71e-06
5602,45,0.035316,0.000000,0.035316,2.71e-06
5603,45,0.044428,0.000000,0.044428,2.70e-06
5604,45,0.104238,0.000000,0.104238,2.69e-06
5605,45,0.010531,0.000000,0.010531,2.68e-06
5606,45,0.050374,0.000000,0.050374,2.67e-06
5607,45,0.026629,0.000000,0.026629,2.66e-06
5608,45,0.049207,0.000000,0.049207,2.66e-06
5609,45,0.045493,0.000000,0.045493,2.65e-06
5610,45,0.017747,0.000000,0.017747,2.64e-06
5611,45,0.038788,0.000000,0.038788,2.63e-06
5612,45,0.002489,0.000000,0.002489,2.62e-06
5613,45,0.004640,0.000000,0.004640,2.62e-06
5614,45,0.085070,0.000000,0.085070,2.61e-06
5615,45,0.041147,0.000000,0.041147,2.60e-06
5616,45,0.125136,0.000000,0.125136,2.59e-06
5617,45,0.018307,0.000000,0.018307,2.58e-06
5618,45,0.037621,0.000000,0.037621,2.58e-06
5619,45,0.142908,0.000000,0.142908,2.57e-06
5620,45,0.053434,0.000000,0.053434,2.56e-06
5621,45,0.102891,0.000000,0.102891,2.55e-06
5622,45,0.018237,0.000000,0.018237,2.54e-06
5623,45,0.043501,0.000000,0.043501,2.53e-06
5624,45,0.050056,0.000000,0.050056,2.53e-06
5625,46,0.062675,0.000000,0.062675,2.52e-06
5626,46,0.033608,0.000000,0.033608,2.51e-06
5627,46,0.044285,0.000000,0.044285,2.50e-06
5628,46,0.008145,0.000000,0.008145,2.49e-06
5629,46,0.016624,0.000000,0.016624,2.49e-06
5630,46,0.058356,0.000000,0.058356,2.48e-06
5631,46,0.042962,0.000000,0.042962,2.47e-06
5632,46,0.064582,0.000000,0.064582,2.46e-06
5633,46,0.036481,0.000000,0.036481,2.46e-06
5634,46,0.050251,0.000000,0.050251,2.45e-06
5635,46,0.022674,0.000000,0.022674,2.44e-06
5636,46,0.016568,0.000000,0.016568,2.43e-06
5637,46,0.014858,0.000000,0.014858,2.42e-06
5638,46,0.009881,0.000000,0.009881,2.42e-06
5639,46,0.086102,0.000000,0.086102,2.41e-06
5640,46,0.012135,0.000000,0.012135,2.40e-06
5641,46,0.018774,0.000000,0.018774,2.39e-06
5642,46,0.024429,0.000000,0.024429,2.38e-06
5643,46,0.035171,0.000000,0.035171,2.38e-06
5644,46,0.134235,0.000000,0.134235,2.37e-06
5645,46,0.043681,0.000000,0.043681,2.36e-06
5646,46,0.053460,0.000000,0.053460,2.35e-06
5647,46,0.135672,0.000000,0.135672,2.35e-06
5648,46,0.019705,0.000000,0.019705,2.34e-06
5649,46,0.018131,0.000000,0.018131,2.33e-06
5650,46,0.025938,0.000000,0.025938,2.32e-06
5651,46,0.016368,0.000000,0.016368,2.31e-06
5652,46,0.004384,0.000000,0.004384,2.31e-06
5653,46,0.009630,0.000000,0.009630,2.30e-06
5654,46,0.007503,0.000000,0.007503,2.29e-06
5655,46,0.070711,0.000000,0.070711,2.28e-06
5656,46,0.049233,0.000000,0.049233,2.28e-06
5657,46,0.043801,0.000000,0.043801,2.27e-06
5658,46,0.062119,0.000000,0.062119,2.26e-06
5659,46,0.028415,0.000000,0.028415,2.25e-06
5660,46,0.033777,0.000000,0.033777,2.25e-06
5661,46,0.048485,0.000000,0.048485,2.24e-06
5662,46,0.009637,0.000000,0.009637,2.23e-06
5663,46,0.072078,0.000000,0.072078,2.22e-06
5664,46,0.029321,0.000000,0.029321,2.22e-06
5665,46,0.091625,0.000000,0.091625,2.21e-06
5666,46,0.043807,0.000000,0.043807,2.20e-06
5667,46,0.016541,0.000000,0.016541,2.19e-06
5668,46,0.028031,0.000000,0.028031,2.19e-06
5669,46,0.003441,0.000000,0.003441,2.18e-06
5670,46,0.050260,0.000000,0.050260,2.17e-06
5671,46,0.094208,0.000000,0.094208,2.16e-06
5672,46,0.107219,0.000000,0.107219,2.16e-06
5673,46,0.049973,0.000000,0.049973,2.15e-06
5674,46,0.037563,0.000000,0.037563,2.14e-06
5675,46,0.044978,0.000000,0.044978,2.13e-06
5676,46,0.038864,0.000000,0.038864,2.13e-06
5677,46,0.091959,0.000000,0.091959,2.12e-06
5678,46,0.075258,0.000000,0.075258,2.11e-06
5679,46,0.051614,0.000000,0.051614,2.10e-06
5680,46,0.059399,0.000000,0.059399,2.10e-06
5681,46,0.018343,0.000000,0.018343,2.09e-06
5682,46,0.016203,0.000000,0.016203,2.08e-06
5683,46,0.013302,0.000000,0.013302,2.08e-06
5684,46,0.047348,0.000000,0.047348,2.07e-06
5685,46,0.036007,0.000000,0.036007,2.06e-06
5686,46,0.054385,0.000000,0.054385,2.05e-06
5687,46,0.005450,0.000000,0.005450,2.05e-06
5688,46,0.036889,0.000000,0.036889,2.04e-06
5689,46,0.047450,0.000000,0.047450,2.03e-06
5690,46,0.030822,0.000000,0.030822,2.02e-06
5691,46,0.095517,0.000000,0.095517,2.02e-06
5692,46,0.044333,0.000000,0.044333,2.01e-06
5693,46,0.092075,0.000000,0.092075,2.00e-06
5694,46,0.030754,0.000000,0.030754,2.00e-06
5695,46,0.038010,0.000000,0.038010,1.99e-06
5696,46,0.023005,0.000000,0.023005,1.98e-06
5697,46,0.033573,0.000000,0.033573,1.97e-06
5698,46,0.014126,0.000000,0.014126,1.97e-06
5699,46,0.008559,0.000000,0.008559,1.96e-06
5700,46,0.058246,0.000000,0.058246,1.95e-06
5701,46,0.025207,0.000000,0.025207,1.95e-06
5702,46,0.095757,0.000000,0.095757,1.94e-06
5703,46,0.101881,0.000000,0.101881,1.93e-06
5704,46,0.040764,0.000000,0.040764,1.93e-06
5705,46,0.021030,0.000000,0.021030,1.92e-06
5706,46,0.058051,0.000000,0.058051,1.91e-06
5707,46,0.027040,0.000000,0.027040,1.90e-06
5708,46,0.044026,0.000000,0.044026,1.90e-06
5709,46,0.069270,0.000000,0.069270,1.89e-06
5710,46,0.041643,0.000000,0.041643,1.88e-06
5711,46,0.043148,0.000000,0.043148,1.88e-06
5712,46,0.051537,0.000000,0.051537,1.87e-06
5713,46,0.055334,0.000000,0.055334,1.86e-06
5714,46,0.052756,0.000000,0.052756,1.86e-06
5715,46,0.018207,0.000000,0.018207,1.85e-06
5716,46,0.060973,0.000000,0.060973,1.84e-06
5717,46,0.018005,0.000000,0.018005,1.84e-06
5718,46,0.092246,0.000000,0.092246,1.83e-06
5719,46,0.039878,0.000000,0.039878,1.82e-06
5720,46,0.115903,0.000000,0.115903,1.81e-06
5721,46,0.041150,0.000000,0.041150,1.81e-06
5722,46,0.049122,0.000000,0.049122,1.80e-06
5723,46,0.064916,0.000000,0.064916,1.79e-06
5724,46,0.082379,0.000000,0.082379,1.79e-06
5725,46,0.043202,0.000000,0.043202,1.78e-06
5726,46,0.032235,0.000000,0.032235,1.77e-06
5727,46,0.058110,0.000000,0.058110,1.77e-06
5728,46,0.083901,0.000000,0.083901,1.76e-06
5729,46,0.035012,0.000000,0.035012,1.75e-06
5730,46,0.042163,0.000000,0.042163,1.75e-06
5731,46,0.040571,0.000000,0.040571,1.74e-06
5732,46,0.008487,0.000000,0.008487,1.73e-06
5733,46,0.025739,0.000000,0.025739,1.73e-06
5734,46,0.034969,0.000000,0.034969,1.72e-06
5735,46,0.050634,0.000000,0.050634,1.71e-06
5736,46,0.049185,0.000000,0.049185,1.71e-06
5737,46,0.040758,0.000000,0.040758,1.70e-06
5738,46,0.023949,0.000000,0.023949,1.69e-06
5739,46,0.017613,0.000000,0.017613,1.69e-06
5740,46,0.068746,0.000000,0.068746,1.68e-06
5741,46,0.020702,0.000000,0.020702,1.67e-06
5742,46,0.041760,0.000000,0.041760,1.67e-06
5743,46,0.060780,0.000000,0.060780,1.66e-06
5744,46,0.053426,0.000000,0.053426,1.65e-06
5745,46,0.052366,0.000000,0.052366,1.65e-06
5746,46,0.097251,0.000000,0.097251,1.64e-06
5747,46,0.042824,0.000000,0.042824,1.63e-06
5748,46,0.064799,0.000000,0.064799,1.63e-06
5749,46,0.096795,0.000000,0.096795,1.62e-06
5750,47,0.056461,0.000000,0.056461,1.62e-06
5751,47,0.088575,0.000000,0.088575,1.61e-06
5752,47,0.048666,0.000000,0.048666,1.60e-06
5753,47,0.074777,0.000000,0.074777,1.60e-06
5754,47,0.078022,0.000000,0.078022,1.59e-06
5755,47,0.065967,0.000000,0.065967,1.58e-06
5756,47,0.061959,0.000000,0.061959,1.58e-06
5757,47,0.030764,0.000000,0.030764,1.57e-06
5758,47,0.032334,0.000000,0.032334,1.56e-06
5759,47,0.048981,0.000000,0.048981,1.56e-06
5760,47,0.015402,0.000000,0.015402,1.55e-06
5761,47,0.037812,0.000000,0.037812,1.55e-06
5762,47,0.039785,0.000000,0.039785,1.54e-06
5763,47,0.037896,0.000000,0.037896,1.53e-06
5764,47,0.036455,0.000000,0.036455,1.53e-06
5765,47,0.061043,0.000000,0.061043,1.52e-06
5766,47,0.035833,0.000000,0.035833,1.51e-06
5767,47,0.028043,0.000000,0.028043,1.51e-06
5768,47,0.038451,0.000000,0.038451,1.50e-06
5769,47,0.035141,0.000000,0.035141,1.50e-06
5770,47,0.008015,0.000000,0.008015,1.49e-06
5771,47,0.046290,0.000000,0.046290,1.48e-06
5772,47,0.020112,0.000000,0.020112,1.48e-06
5773,47,0.068746,0.000000,0.068746,1.47e-06
5774,47,0.059204,0.000000,0.059204,1.46e-06
5775,47,0.032443,0.000000,0.032443,1.46e-06
5776,47,0.012308,0.000000,0.012308,1.45e-06
5777,47,0.020820,0.000000,0.020820,1.45e-06
5778,47,0.037974,0.000000,0.037974,1.44e-06
5779,47,0.044478,0.000000,0.044478,1.43e-06
5780,47,0.030225,0.000000,0.030225,1.43e-06
5781,47,0.026563,0.000000,0.026563,1.42e-06
5782,47,0.053209,0.000000,0.053209,1.42e-06
5783,47,0.042511,0.000000,0.042511,1.41e-06
5784,47,0.065906,0.000000,0.065906,1.40e-06
5785,47,0.109959,0.000000,0.109959,1.40e-06
5786,47,0.061260,0.000000,0.061260,1.39e-06
5787,47,0.012190,0.000000,0.012190,1.39e-06
5788,47,0.046926,0.000000,0.046926,1.38e-06
5789,47,0.037574,0.000000,0.037574,1.37e-06
5790,47,0.041661,0.000000,0.041661,1.37e-06
5791,47,0.032052,0.000000,0.032052,1.36e-06
5792,47,0.129193,0.000000,0.129193,1.36e-06
5793,47,0.073022,0.000000,0.073022,1.35e-06
5794,47,0.102004,0.000000,0.102004,1.34e-06
5795,47,0.075424,0.000000,0.075424,1.34e-06
5796,47,0.080789,0.000000,0.080789,1.33e-06
5797,47,0.018746,0.000000,0.018746,1.33e-06
5798,47,0.021403,0.000000,0.021403,1.32e-06
5799,47,0.028114,0.000000,0.028114,1.32e-06
5800,47,0.077072,0.000000,0.077072,1.31e-06
5801,47,0.043347,0.000000,0.043347,1.30e-06
5802,47,0.037373,0.000000,0.037373,1.30e-06
5803,47,0.065799,0.000000,0.065799,1.29e-06
5804,47,0.125345,0.000000,0.125345,1.29e-06
5805,47,0.025729,0.000000,0.025729,1.28e-06
5806,47,0.010174,0.000000,0.010174,1.27e-06
5807,47,0.037646,0.000000,0.037646,1.27e-06
5808,47,0.044646,0.000000,0.044646,1.26e-06
5809,47,0.042285,0.000000,0.042285,1.26e-06
5810,47,0.056188,0.000000,0.056188,1.25e-06
5811,47,0.012399,0.000000,0.012399,1.25e-06
5812,47,0.060367,0.000000,0.060367,1.24e-06
5813,47,0.095663,0.000000,0.095663,1.23e-06
5814,47,0.035476,0.000000,0.035476,1.23e-06
5815,47,0.102013,0.000000,0.102013,1.22e-06
5816,47,0.029165,0.000000,0.029165,1.22e-06
5817,47,0.054130,0.000000,0.054130,1.21e-06
5818,47,0.112720,0.000000,0.112720,1.21e-06
5819,47,0.023933,0.000000,0.023933,1.20e-06
5820,47,0.089869,0.000000,0.089869,1.20e-06
5821,47,0.027123,0.000000,0.027123,1.19e-06
5822,47,0.090313,0.000000,0.090313,1.18e-06
5823,47,0.099453,0.000000,0.099453,1.18e-06
5824,47,0.022840,0.000000,0.022840,1.17e-06
5825,47,0.036107,0.000000,0.036107,1.17e-06
5826,47,0.025260,0.000000,0.025260,1.16e-06
5827,47,0.035438,0.000000,0.035438,1.16e-06
5828,47,0.027972,0.000000,0.027972,1.15e-06
5829,47,0.006350,0.000000,0.006350,1.15e-06
5830,47,0.018606,0.000000,0.018606,1.14e-06
5831,47,0.038813,0.000000,0.038813,1.14e-06
5832,47,0.057732,0.000000,0.057732,1.13e-06
5833,47,0.006256,0.000000,0.006256,1.12e-06
5834,47,0.031039,0.000000,0.031039,1.12e-06
5835,47,0.048297,0.000000,0.048297,1.11e-06
5836,47,0.032564,0.000000,0.032564,1.11e-06
5837,47,0.050586,0.000000,0.050586,1.10e-06
5838,47,0.017779,0.000000,0.017779,1.10e-06
5839,47,0.041434,0.000000,0.041434,1.09e-06
5840,47,0.055275,0.000000,0.055275,1.09e-06
5841,47,0.051377,0.000000,0.051377,1.08e-06
5842,47,0.011142,0.000000,0.011142,1.08e-06
5843,47,0.053133,0.000000,0.053133,1.07e-06
5844,47,0.035811,0.000000,0.035811,1.07e-06
5845,47,0.043138,0.000000,0.043138,1.06e-06
5846,47,0.035242,0.000000,0.035242,1.06e-06
5847,47,0.073246,0.000000,0.073246,1.05e-06
5848,47,0.052901,0.000000,0.052901,1.05e-06
5849,47,0.019366,0.000000,0.019366,1.04e-06
5850,47,0.039959,0.000000,0.039959,1.03e-06
5851,47,0.008925,0.000000,0.008925,1.03e-06
5852,47,0.043322,0.000000,0.043322,1.02e-06
5853,47,0.087829,0.000000,0.087829,1.02e-06
5854,47,0.029571,0.000000,0.029571,1.01e-06
5855,47,0.016874,0.000000,0.016874,1.01e-06
5856,47,0.035888,0.000000,0.035888,1.00e-06
5857,47,0.017664,0.000000,0.017664,9.99e-07
5858,47,0.024321,0.000000,0.024321,9.94e-07
5859,47,0.052014,0.000000,0.052014,9.89e-07
5860,47,0.015116,0.000000,0.015116,9.84e-07
5861,47,0.032742,0.000000,0.032742,9.79e-07
5862,47,0.015889,0.000000,0.015889,9.74e-07
5863,47,0.062502,0.000000,0.062502,9.69e-07
5864,47,0.049947,0.000000,0.049947,9.64e-07
5865,47,0.022795,0.000000,0.022795,9.59e-07
5866,47,0.095892,0.000000,0.095892,9.54e-07
5867,47,0.082280,0.000000,0.082280,9.49e-07
5868,47,0.043029,0.000000,0.043029,9.44e-07
5869,47,0.027204,0.000000,0.027204,9.39e-07
5870,47,0.038424,0.000000,0.038424,9.34e-07
5871,47,0.044083,0.000000,0.044083,9.29e-07
5872,47,0.053001,0.000000,0.053001,9.24e-07
5873,47,0.025203,0.000000,0.025203,9.19e-07
5874,47,0.093790,0.000000,0.093790,9.15e-07
5875,48,0.060867,0.000000,0.060867,9.10e-07
5876,48,0.003970,0.000000,0.003970,9.05e-07
5877,48,0.034737,0.000000,0.034737,9.00e-07
5878,48,0.039965,0.000000,0.039965,8.95e-07
5879,48,0.007818,0.000000,0.007818,8.90e-07
5880,48,0.051425,0.000000,0.051425,8.86e-07
5881,48,0.043993,0.000000,0.043993,8.81e-07
5882,48,0.052680,0.000000,0.052680,8.76e-07
5883,48,0.078824,0.000000,0.078824,8.71e-07
5884,48,0.070613,0.000000,0.070613,8.67e-07
5885,48,0.033323,0.000000,0.033323,8.62e-07
5886,48,0.013994,0.000000,0.013994,8.57e-07
5887,48,0.063299,0.000000,0.063299,8.52e-07
5888,48,0.067676,0.000000,0.067676,8.48e-07
5889,48,0.048994,0.000000,0.048994,8.43e-07
5890,48,0.070426,0.000000,0.070426,8.38e-07
5891,48,0.082552,0.000000,0.082552,8.34e-07
5892,48,0.068642,0.000000,0.068642,8.29e-07
5893,48,0.033617,0.000000,0.033617,8.25e-07
5894,48,0.042200,0.000000,0.042200,8.20e-07
5895,48,0.010586,0.000000,0.010586,8.15e-07
5896,48,0.036975,0.000000,0.036975,8.11e-07
5897,48,0.072639,0.000000,0.072639,8.06e-07
5898,48,0.091886,0.000000,0.091886,8.02e-07
5899,48,0.066910,0.000000,0.066910,7.97e-07
5900,48,0.008081,0.000000,0.008081,7.92e-07
5901,48,0.049158,0.000000,0.049158,7.88e-07
5902,48,0.042555,0.000000,0.042555,7.83e-07
5903,48,0.040786,0.000000,0.040786,7.79e-07
5904,48,0.006775,0.000000,0.006775,7.74e-07
5905,48,0.018087,0.000000,0.018087,7.70e-07
5906,48,0.063240,0.000000,0.063240,7.66e-07
5907,48,0.045056,0.000000,0.045056,7.61e-07
5908,48,0.057184,0.000000,0.057184,7.57e-07
5909,48,0.049299,0.000000,0.049299,7.52e-07
5910,48,0.035226,0.000000,0.035226,7.48e-07
5911,48,0.019633,0.000000,0.019633,7.43e-07
5912,48,0.034555,0.000000,0.034555,7.39e-07
5913,48,0.069111,0.000000,0.069111,7.35e-07
5914,48,0.009274,0.000000,0.009274,7.30e-07
5915,48,0.020789,0.000000,0.020789,7.26e-07
5916,48,0.019907,0.000000,0.019907,7.22e-07
5917,48,0.049513,0.000000,0.049513,7.17e-07
5918,48,0.048131,0.000000,0.048131,7.13e-07
5919,48,0.071126,0.000000,0.071126,7.09e-07
5920,48,0.105359,0.000000,0.105359,7.04e-07
5921,48,0.039014,0.000000,0.039014,7.00e-07
5922,48,0.040549,0.000000,0.040549,6.96e-07
5923,48,0.069562,0.000000,0.069562,6.92e-07
5924,48,0.094043,0.000000,0.094043,6.87e-07
5925,48,0.069395,0.000000,0.069395,6.83e-07
5926,48,0.031759,0.000000,0.031759,6.79e-07
5927,48,0.053942,0.000000,0.053942,6.75e-07
5928,48,0.013954,0.000000,0.013954,6.71e-07
5929,48,0.019166,0.000000,0.019166,6.67e-07
5930,48,0.007004,0.000000,0.007004,6.62e-07
5931,48,0.073715,0.000000,0.073715,6.58e-07
5932,48,0.064079,0.000000,0.064079,6.54e-07
5933,48,0.066536,0.000000,0.066536,6.50e-07
5934,48,0.024465,0.000000,0.024465,6.46e-07
5935,48,0.030820,0.000000,0.030820,6.42e-07
5936,48,0.055675,0.000000,0.055675,6.38e-07
5937,48,0.013094,0.000000,0.013094,6.34e-07
5938,48,0.009596,0.000000,0.009596,6.30e-07
5939,48,0.071158,0.000000,0.071158,6.26e-07
5940,48,0.014737,0.000000,0.014737,6.22e-07
5941,48,0.013096,0.000000,0.013096,6.18e-07
5942,48,0.046744,0.000000,0.046744,6.14e-07
5943,48,0.104648,0.000000,0.104648,6.10e-07
5944,48,0.034228,0.000000,0.034228,6.06e-07
5945,48,0.047217,0.000000,0.047217,6.02e-07
5946,48,0.008407,0.000000,0.008407,5.98e-07
5947,48,0.025397,0.000000,0.025397,5.94e-07
5948,48,0.037357,0.000000,0.037357,5.90e-07
5949,48,0.027993,0.000000,0.027993,5.86e-07
5950,48,0.029807,0.000000,0.029807,5.82e-07
5951,48,0.004454,0.000000,0.004454,5.78e-07
5952,48,0.042372,0.000000,0.042372,5.74e-07
5953,48,0.045531,0.000000,0.045531,5.70e-07
5954,48,0.069752,0.000000,0.069752,5.67e-07
5955,48,0.052863,0.000000,0.052863,5.63e-07
5956,48,0.043769,0.000000,0.043769,5.59e-07
5957,48,0.051865,0.000000,0.051865,5.55e-07
5958,48,0.078448,0.000000,0.078448,5.51e-07
5959,48,0.072270,0.000000,0.072270,5.48e-07
5960,48,0.022946,0.000000,0.022946,5.44e-07
5961,48,0.059813,0.000000,0.059813,5.40e-07
5962,48,0.037912,0.000000,0.037912,5.36e-07
5963,48,0.022186,0.000000,0.022186,5.33e-07
5964,48,0.062920,0.000000,0.062920,5.29e-07
5965,48,0.029221,0.000000,0.029221,5.25e-07
5966,48,0.050623,0.000000,0.050623,5.22e-07
5967,48,0.038962,0.000000,0.038962,5.18e-07
5968,48,0.032950,0.000000,0.032950,5.14e-07
5969,48,0.013647,0.000000,0.013647,5.11e-07
5970,48,0.043316,0.000000,0.043316,5.07e-07
5971,48,0.025624,0.000000,0.025624,5.03e-07
5972,48,0.057534,0.000000,0.057534,5.00e-07
5973,48,0.078202,0.000000,0.078202,4.96e-07
5974,48,0.046615,0.000000,0.046615,4.93e-07
5975,48,0.064044,0.000000,0.064044,4.89e-07
5976,48,0.050262,0.000000,0.050262,4.85e-07
5977,48,0.076939,0.000000,0.076939,4.82e-07
5978,48,0.007614,0.000000,0.007614,4.78e-07
5979,48,0.046522,0.000000,0.046522,4.75e-07
5980,48,0.016179,0.000000,0.016179,4.71e-07
5981,48,0.067651,0.000000,0.067651,4.68e-07
5982,48,0.070718,0.000000,0.070718,4.64e-07
5983,48,0.079041,0.000000,0.079041,4.61e-07
5984,48,0.103085,0.000000,0.103085,4.57e-07
5985,48,0.047048,0.000000,0.047048,4.54e-07
5986,48,0.035600,0.000000,0.035600,4.51e-07
5987,48,0.020111,0.000000,0.020111,4.47e-07
5988,48,0.039113,0.000000,0.039113,4.44e-07
5989,48,0.050921,0.000000,0.050921,4.40e-07
5990,48,0.047826,0.000000,0.047826,4.37e-07
5991,48,0.075471,0.000000,0.075471,4.34e-07
5992,48,0.031312,0.000000,0.031312,4.30e-07
5993,48,0.105728,0.000000,0.105728,4.27e-07
5994,48,0.056169,0.000000,0.056169,4.24e-07
5995,48,0.067042,0.000000,0.067042,4.20e-07
5996,48,0.034109,0.000000,0.034109,4.17e-07
5997,48,0.011140,0.000000,0.011140,4.14e-07
5998,48,0.041654,0.000000,0.041654,4.10e-07
5999,48,0.034497,0.000000,0.034497,4.07e-07
6000,49,0.035516,0.000000,0.035516,4.04e-07
6001,49,0.045527,0.000000,0.045527,4.01e-07
6002,49,0.002908,0.000000,0.002908,3.97e-07
6003,49,0.063083,0.000000,0.063083,3.94e-07
6004,49,0.019765,0.000000,0.019765,3.91e-07
6005,49,0.085333,0.000000,0.085333,3.88e-07
6006,49,0.021012,0.000000,0.021012,3.85e-07
6007,49,0.046253,0.000000,0.046253,3.82e-07
6008,49,0.032229,0.000000,0.032229,3.78e-07
6009,49,0.067220,0.000000,0.067220,3.75e-07
6010,49,0.075997,0.000000,0.075997,3.72e-07
6011,49,0.040152,0.000000,0.040152,3.69e-07
6012,49,0.034354,0.000000,0.034354,3.66e-07
6013,49,0.020908,0.000000,0.020908,3.63e-07
6014,49,0.020030,0.000000,0.020030,3.60e-07
6015,49,0.060930,0.000000,0.060930,3.57e-07
6016,49,0.065472,0.000000,0.065472,3.54e-07
6017,49,0.048918,0.000000,0.048918,3.51e-07
6018,49,0.045625,0.000000,0.045625,3.48e-07
6019,49,0.016366,0.000000,0.016366,3.45e-07
6020,49,0.009151,0.000000,0.009151,3.42e-07
6021,49,0.011239,0.000000,0.011239,3.39e-07
6022,49,0.092264,0.000000,0.092264,3.36e-07
6023,49,0.029278,0.000000,0.029278,3.33e-07
6024,49,0.013557,0.000000,0.013557,3.30e-07
6025,49,0.023337,0.000000,0.023337,3.27e-07
6026,49,0.013270,0.000000,0.013270,3.24e-07
6027,49,0.016988,0.000000,0.016988,3.21e-07
6028,49,0.026190,0.000000,0.026190,3.18e-07
6029,49,0.045512,0.000000,0.045512,3.15e-07
6030,49,0.019094,0.000000,0.019094,3.13e-07
6031,49,0.046231,0.000000,0.046231,3.10e-07
6032,49,0.033711,0.000000,0.033711,3.07e-07
6033,49,0.070120,0.000000,0.070120,3.04e-07
6034,49,0.044202,0.000000,0.044202,3.01e-07
6035,49,0.092551,0.000000,0.092551,2.98e-07
6036,49,0.103586,0.000000,0.103586,2.96e-07
6037,49,0.039618,0.000000,0.039618,2.93e-07
6038,49,0.039683,0.000000,0.039683,2.90e-07
6039,49,0.114345,0.000000,0.114345,2.87e-07
6040,49,0.035557,0.000000,0.035557,2.85e-07
6041,49,0.048874,0.000000,0.048874,2.82e-07
6042,49,0.058606,0.000000,0.058606,2.79e-07
6043,49,0.083392,0.000000,0.083392,2.77e-07
6044,49,0.054819,0.000000,0.054819,2.74e-07
6045,49,0.007355,0.000000,0.007355,2.71e-07
6046,49,0.035102,0.000000,0.035102,2.69e-07
6047,49,0.009639,0.000000,0.009639,2.66e-07
6048,49,0.065998,0.000000,0.065998,2.63e-07
6049,49,0.045493,0.000000,0.045493,2.61e-07
6050,49,0.032568,0.000000,0.032568,2.58e-07
6051,49,0.014903,0.000000,0.014903,2.56e-07
6052,49,0.030292,0.000000,0.030292,2.53e-07
6053,49,0.040083,0.000000,0.040083,2.50e-07
6054,49,0.070649,0.000000,0.070649,2.48e-07
6055,49,0.072793,0.000000,0.072793,2.45e-07
6056,49,0.041433,0.000000,0.041433,2.43e-07
6057,49,0.022729,0.000000,0.022729,2.40e-07
6058,49,0.054968,0.000000,0.054968,2.38e-07
6059,49,0.017724,0.000000,0.017724,2.35e-07
6060,49,0.032756,0.000000,0.032756,2.33e-07
6061,49,0.037729,0.000000,0.037729,2.30e-07
6062,49,0.027894,0.000000,0.027894,2.28e-07
6063,49,0.028738,0.000000,0.028738,2.26e-07
6064,49,0.086479,0.000000,0.086479,2.23e-07
6065,49,0.076160,0.000000,0.076160,2.21e-07
6066,49,0.059323,0.000000,0.059323,2.18e-07
6067,49,0.047586,0.000000,0.047586,2.16e-07
6068,49,0.079673,0.000000,0.079673,2.14e-07
6069,49,0.008336,0.000000,0.008336,2.11e-07
6070,49,0.086177,0.000000,0.086177,2.09e-07
6071,49,0.054183,0.000000,0.054183,2.07e-07
6072,49,0.004113,0.000000,0.004113,2.04e-07
6073,49,0.022672,0.000000,0.022672,2.02e-07
6074,49,0.062605,0.000000,0.062605,2.00e-07
6075,49,0.021540,0.000000,0.021540,1.97e-07
6076,49,0.024334,0.000000,0.024334,1.95e-07
6077,49,0.024826,0.000000,0.024826,1.93e-07
6078,49,0.083176,0.000000,0.083176,1.91e-07
6079,49,0.054253,0.000000,0.054253,1.88e-07
6080,49,0.057199,0.000000,0.057199,1.86e-07
6081,49,0.034325,0.000000,0.034325,1.84e-07
6082,49,0.116472,0.000000,0.116472,1.82e-07
6083,49,0.014952,0.000000,0.014952,1.80e-07
6084,49,0.043942,0.000000,0.043942,1.78e-07
6085,49,0.058117,0.000000,0.058117,1.75e-07
6086,49,0.053848,0.000000,0.053848,1.73e-07
6087,49,0.036392,0.000000,0.036392,1.71e-07
6088,49,0.015534,0.000000,0.015534,1.69e-07
6089,49,0.048944,0.000000,0.048944,1.67e-07
6090,49,0.055265,0.000000,0.055265,1.65e-07
6091,49,0.019710,0.000000,0.019710,1.63e-07
6092,49,0.071336,0.000000,0.071336,1.61e-07
6093,49,0.038576,0.000000,0.038576,1.59e-07
6094,49,0.016073,0.000000,0.016073,1.57e-07
6095,49,0.036782,0.000000,0.036782,1.55e-07
6096,49,0.062007,0.000000,0.062007,1.53e-07
6097,49,0.037423,0.000000,0.037423,1.51e-07
6098,49,0.030415,0.000000,0.030415,1.49e-07
6099,49,0.056427,0.000000,0.056427,1.47e-07
6100,49,0.032922,0.000000,0.032922,1.45e-07
6101,49,0.027398,0.000000,0.027398,1.43e-07
6102,49,0.067738,0.000000,0.067738,1.41e-07
6103,49,0.063863,0.000000,0.063863,1.39e-07
6104,49,0.034998,0.000000,0.034998,1.37e-07
6105,49,0.111211,0.000000,0.111211,1.35e-07
6106,49,0.093541,0.000000,0.093541,1.33e-07
6107,49,0.060109,0.000000,0.060109,1.31e-07
6108,49,0.015096,0.000000,0.015096,1.30e-07
6109,49,0.022144,0.000000,0.022144,1.28e-07
6110,49,0.085618,0.000000,0.085618,1.26e-07
6111,49,0.065247,0.000000,0.065247,1.24e-07
6112,49,0.020400,0.000000,0.020400,1.22e-07
6113,49,0.059404,0.000000,0.059404,1.21e-07
6114,49,0.142218,0.000000,0.142218,1.19e-07
6115,49,0.050930,0.000000,0.050930,1.17e-07
6116,49,0.024556,0.000000,0.024556,1.15e-07
6117,49,0.024180,0.000000,0.024180,1.14e-07
6118,49,0.027557,0.000000,0.027557,1.12e-07
6119,49,0.022046,0.000000,0.022046,1.10e-07
6120,49,0.067811,0.000000,0.067811,1.09e-07
6121,49,0.046754,0.000000,0.046754,1.07e-07
6122,49,0.164622,0.000000,0.164622,1.05e-07
6123,49,0.014217,0.000000,0.014217,1.04e-07
6124,49,0.072745,0.000000,0.072745,1.02e-07
6125,50,0.063586,0.000000,0.063586,1.00e-07
6126,50,0.040501,0.000000,0.040501,9.87e-08
6127,50,0.038314,0.000000,0.038314,9.71e-08
6128,50,0.038422,0.000000,0.038422,9.55e-08
6129,50,0.056299,0.000000,0.056299,9.39e-08
6130,50,0.049582,0.000000,0.049582,9.24e-08
6131,50,0.048130,0.000000,0.048130,9.08e-08
6132,50,0.092170,0.000000,0.092170,8.93e-08
6133,50,0.025789,0.000000,0.025789,8.78e-08
6134,50,0.015306,0.000000,0.015306,8.63e-08
6135,50,0.024481,0.000000,0.024481,8.48e-08
6136,50,0.006918,0.000000,0.006918,8.33e-08
6137,50,0.037100,0.000000,0.037100,8.18e-08
6138,50,0.028363,0.000000,0.028363,8.04e-08
6139,50,0.043228,0.000000,0.043228,7.89e-08
6140,50,0.049096,0.000000,0.049096,7.75e-08
6141,50,0.096046,0.000000,0.096046,7.61e-08
6142,50,0.016486,0.000000,0.016486,7.47e-08
6143,50,0.037889,0.000000,0.037889,7.33e-08
6144,50,0.019682,0.000000,0.019682,7.19e-08
6145,50,0.020906,0.000000,0.020906,7.05e-08
6146,50,0.003690,0.000000,0.003690,6.92e-08
6147,50,0.112175,0.000000,0.112175,6.79e-08
6148,50,0.032857,0.000000,0.032857,6.65e-08
6149,50,0.046198,0.000000,0.046198,6.52e-08
6150,50,0.059503,0.000000,0.059503,6.39e-08
6151,50,0.059172,0.000000,0.059172,6.26e-08
6152,50,0.027110,0.000000,0.027110,6.14e-08
6153,50,0.043831,0.000000,0.043831,6.01e-08
6154,50,0.036786,0.000000,0.036786,5.89e-08
6155,50,0.041877,0.000000,0.041877,5.76e-08
6156,50,0.028729,0.000000,0.028729,5.64e-08
6157,50,0.090751,0.000000,0.090751,5.52e-08
6158,50,0.071573,0.000000,0.071573,5.40e-08
6159,50,0.011879,0.000000,0.011879,5.28e-08
6160,50,0.066805,0.000000,0.066805,5.17e-08
6161,50,0.065900,0.000000,0.065900,5.05e-08
6162,50,0.022201,0.000000,0.022201,4.94e-08
6163,50,0.042226,0.000000,0.042226,4.82e-08
6164,50,0.030319,0.000000,0.030319,4.71e-08
6165,50,0.032165,0.000000,0.032165,4.60e-08
6166,50,0.036900,0.000000,0.036900,4.49e-08
6167,50,0.013974,0.000000,0.013974,4.39e-08
6168,50,0.116849,0.000000,0.116849,4.28e-08
6169,50,0.035065,0.000000,0.035065,4.17e-08
6170,50,0.070711,0.000000,0.070711,4.07e-08
6171,50,0.024292,0.000000,0.024292,3.97e-08
6172,50,0.059559,0.000000,0.059559,3.87e-08
6173,50,0.047898,0.000000,0.047898,3.77e-08
6174,50,0.057872,0.000000,0.057872,3.67e-08
6175,50,0.031039,0.000000,0.031039,3.57e-08
6176,50,0.126804,0.000000,0.126804,3.48e-08
6177,50,0.032014,0.000000,0.032014,3.38e-08
6178,50,0.033270,0.000000,0.033270,3.29e-08
6179,50,0.061158,0.000000,0.061158,3.20e-08
6180,50,0.057329,0.000000,0.057329,3.11e-08
6181,50,0.037755,0.000000,0.037755,3.02e-08
6182,50,0.030284,0.000000,0.030284,2.93e-08
6183,50,0.062121,0.000000,0.062121,2.84e-08
6184,50,0.033362,0.000000,0.033362,2.76e-08
6185,50,0.006885,0.000000,0.006885,2.67e-08
6186,50,0.034291,0.000000,0.034291,2.59e-08
6187,50,0.015901,0.000000,0.015901,2.51e-08
6188,50,0.037313,0.000000,0.037313,2.43e-08
6189,50,0.020019,0.000000,0.020019,2.35e-08
6190,50,0.100834,0.000000,0.100834,2.27e-08
6191,50,0.017839,0.000000,0.017839,2.19e-08
6192,50,0.022528,0.000000,0.022528,2.12e-08
6193,50,0.018107,0.000000,0.018107,2.05e-08
6194,50,0.062768,0.000000,0.062768,1.97e-08
6195,50,0.066953,0.000000,0.066953,1.90e-08
6196,50,0.043168,0.000000,0.043168,1.83e-08
6197,50,0.041522,0.000000,0.041522,1.76e-08
6198,50,0.064254,0.000000,0.064254,1.70e-08
6199,50,0.064263,0.000000,0.064263,1.63e-08
6200,50,0.028059,0.000000,0.028059,1.57e-08
6201,50,0.010489,0.000000,0.010489,1.50e-08
6202,50,0.049410,0.000000,0.049410,1.44e-08
6203,50,0.034682,0.000000,0.034682,1.38e-08
6204,50,0.033875,0.000000,0.033875,1.32e-08
6205,50,0.029320,0.000000,0.029320,1.26e-08
6206,50,0.048410,0.000000,0.048410,1.21e-08
6207,50,0.051493,0.000000,0.051493,1.15e-08
6208,50,0.060981,0.000000,0.060981,1.10e-08
6209,50,0.041602,0.000000,0.041602,1.04e-08
6210,50,0.003869,0.000000,0.003869,9.92e-09
6211,50,0.026010,0.000000,0.026010,9.42e-09
6212,50,0.047052,0.000000,0.047052,8.93e-09
6213,50,0.003328,0.000000,0.003328,8.45e-09
6214,50,0.072794,0.000000,0.072794,7.99e-09
6215,50,0.054464,0.000000,0.054464,7.54e-09
6216,50,0.049274,0.000000,0.049274,7.10e-09
6217,50,0.020304,0.000000,0.020304,6.68e-09
6218,50,0.007397,0.000000,0.007397,6.27e-09
6219,50,0.047873,0.000000,0.047873,5.87e-09
6220,50,0.075101,0.000000,0.075101,5.49e-09
6221,50,0.056722,0.000000,0.056722,5.11e-09
6222,50,0.028858,0.000000,0.028858,4.76e-09
6223,50,0.096135,0.000000,0.096135,4.41e-09
6224,50,0.014992,0.000000,0.014992,4.08e-09
6225,50,0.029525,0.000000,0.029525,3.76e-09
6226,50,0.036963,0.000000,0.036963,3.45e-09
6227,50,0.070419,0.000000,0.070419,3.16e-09
6228,50,0.020664,0.000000,0.020664,2.88e-09
6229,50,0.035503,0.000000,0.035503,2.61e-09
6230,50,0.121375,0.000000,0.121375,2.36e-09
6231,50,0.027381,0.000000,0.027381,2.11e-09
6232,50,0.029065,0.000000,0.029065,1.89e-09
6233,50,0.063774,0.000000,0.063774,1.67e-09
6234,50,0.048059,0.000000,0.048059,1.47e-09
6235,50,0.050341,0.000000,0.050341,1.28e-09
6236,50,0.037472,0.000000,0.037472,1.10e-09
6237,50,0.011107,0.000000,0.011107,9.39e-10
6238,50,0.048804,0.000000,0.048804,7.89e-10
6239,50,0.033566,0.000000,0.033566,6.52e-10
6240,50,0.041601,0.000000,0.041601,5.28e-10
6241,50,0.065320,0.000000,0.065320,4.18e-10
6242,50,0.013451,0.000000,0.013451,3.20e-10
6243,50,0.031345,0.000000,0.031345,2.35e-10
6244,50,0.046785,0.000000,0.046785,1.63e-10
6245,50,0.035761,0.000000,0.035761,1.04e-10
6246,50,0.022418,0.000000,0.022418,5.87e-11
6247,50,0.040321,0.000000,0.040321,2.61e-11
6248,50,0.026853,0.000000,0.026853,6.52e-12
6249,50,0.016539,0.000000,0.016539,0.00e+00
