step,epoch,loss_diffusion,loss_cultural,loss_total,lr
0,1,0.125637,0.091924,0.153214,1.00e-06
1,1,0.079901,0.000000,0.079901,2.00e-06
2,1,0.039034,0.000000,0.039034,3.00e-06
3,1,0.004724,0.000000,0.004724,4.00e-06
4,1,0.078956,0.000000,0.078956,5.00e-06
5,1,0.039892,0.000000,0.039892,6.00e-06
6,1,0.082811,0.000000,0.082811,7.00e-06
7,1,0.024130,0.000000,0.024130,8.00e-06
8,1,0.032329,0.000000,0.032329,9.00e-06
9,1,0.087034,0.000000,0.087034,1.00e-05
10,1,0.047935,0.000000,0.047935,1.10e-05
11,1,0.098431,0.000000,0.098431,1.20e-05
12,1,0.063725,0.000000,0.063725,1.30e-05
13,1,0.055651,0.000000,0.055651,1.40e-05
14,1,0.052056,0.000000,0.052056,1.50e-05
15,1,0.015484,0.000000,0.015484,1.60e-05
16,1,0.029197,0.033643,0.039290,1.70e-05
17,1,0.061474,0.000000,0.061474,1.80e-05
18,1,0.039959,0.000000,0.039959,1.90e-05
19,1,0.011388,0.000000,0.011388,2.00e-05
20,1,0.046398,0.000000,0.046398,2.10e-05
21,1,0.126802,0.000000,0.126802,2.20e-05
22,1,0.033225,0.000000,0.033225,2.30e-05
23,1,0.069655,0.000000,0.069655,2.40e-05
24,1,0.085359,0.000000,0.085359,2.50e-05
25,1,0.066744,0.000000,0.066744,2.60e-05
26,1,0.018395,0.000000,0.018395,2.70e-05
27,1,0.049452,0.000000,0.049452,2.80e-05
28,1,0.028433,0.000000,0.028433,2.90e-05
29,1,0.042758,0.000000,0.042758,3.00e-05
30,1,0.082660,0.000000,0.082660,3.10e-05
31,1,0.093853,0.000000,0.093853,3.20e-05
32,1,0.045508,0.070888,0.066775,3.30e-05
33,1,0.029445,0.000000,0.029445,3.40e-05
34,1,0.024617,0.000000,0.024617,3.50e-05
35,1,0.048376,0.000000,0.048376,3.60e-05
36,1,0.034764,0.000000,0.034764,3.70e-05
37,1,0.052831,0.000000,0.052831,3.80e-05
38,1,0.013746,0.000000,0.013746,3.90e-05
39,1,0.026639,0.000000,0.026639,4.00e-05
40,1,0.045211,0.000000,0.045211,4.10e-05
41,1,0.028239,0.000000,0.028239,4.20e-05
42,1,0.005004,0.000000,0.005004,4.30e-05
43,1,0.041697,0.000000,0.041697,4.40e-05
44,1,0.026940,0.000000,0.026940,4.50e-05
45,1,0.075153,0.000000,0.075153,4.60e-05
46,1,0.064790,0.000000,0.064790,4.70e-05
47,1,0.028218,0.000000,0.028218,4.80e-05
48,1,0.032810,0.041209,0.045173,4.90e-05
49,1,0.035646,0.000000,0.035646,5.00e-05
50,1,0.012392,0.000000,0.012392,5.10e-05
51,1,0.053231,0.000000,0.053231,5.20e-05
52,1,0.070085,0.000000,0.070085,5.30e-05
53,1,0.042779,0.000000,0.042779,5.40e-05
54,1,0.065245,0.000000,0.065245,5.50e-05
55,1,0.058918,0.000000,0.058918,5.60e-05
56,1,0.005391,0.000000,0.005391,5.70e-05
57,1,0.028856,0.000000,0.028856,5.80e-05
58,1,0.039836,0.000000,0.039836,5.90e-05
59,1,0.072022,0.000000,0.072022,6.00e-05
60,1,0.053006,0.000000,0.053006,6.10e-05
61,1,0.042260,0.000000,0.042260,6.20e-05
62,1,0.052353,0.000000,0.052353,6.30e-05
63,1,0.043676,0.000000,0.043676,6.40e-05
64,1,0.064559,0.058829,0.082208,6.50e-05
65,1,0.024617,0.000000,0.024617,6.60e-05
66,1,0.027005,0.000000,0.027005,6.70e-05
67,1,0.025106,0.000000,0.025106,6.80e-05
68,1,0.025242,0.000000,0.025242,6.90e-05
69,1,0.026585,0.000000,0.026585,7.00e-05
70,1,0.056468,0.000000,0.056468,7.10e-05
71,1,0.046469,0.000000,0.046469,7.20e-05
72,1,0.175430,0.000000,0.175430,7.30e-05
73,1,0.041766,0.000000,0.041766,7.40e-05
74,1,0.004131,0.000000,0.004131,7.50e-05
75,1,0.038449,0.000000,0.038449,7.60e-05
76,1,0.052717,0.000000,0.052717,7.70e-05
77,1,0.105375,0.000000,0.105375,7.80e-05
78,1,0.093148,0.000000,0.093148,7.90e-05
79,1,0.062791,0.000000,0.062791,8.00e-05
80,1,0.023962,0.040151,0.036007,8.10e-05
81,1,0.079074,0.000000,0.079074,8.20e-05
82,1,0.015364,0.000000,0.015364,8.30e-05
83,1,0.079133,0.000000,0.079133,8.40e-05
84,1,0.055245,0.000000,0.055245,8.50e-05
85,1,0.134070,0.000000,0.134070,8.60e-05
86,1,0.141103,0.000000,0.141103,8.70e-05
87,1,0.077761,0.000000,0.077761,8.80e-05
88,1,0.059983,0.000000,0.059983,8.90e-05
89,1,0.082708,0.000000,0.082708,9.00e-05
90,1,0.061352,0.000000,0.061352,9.10e-05
91,1,0.040519,0.000000,0.040519,9.20e-05
92,1,0.054612,0.000000,0.054612,9.30e-05
93,1,0.055970,0.000000,0.055970,9.40e-05
94,1,0.031533,0.000000,0.031533,9.50e-05
95,1,0.002422,0.000000,0.002422,9.60e-05
96,1,0.134685,0.024535,0.142046,9.70e-05
97,1,0.038653,0.000000,0.038653,9.80e-05
98,1,0.019720,0.000000,0.019720,9.90e-05
99,1,0.042315,0.000000,0.042315,1.00e-04
100,1,0.058652,0.000000,0.058652,1.00e-04
101,1,0.101313,0.000000,0.101313,1.00e-04
102,1,0.050265,0.000000,0.050265,1.00e-04
103,1,0.057876,0.000000,0.057876,1.00e-04
104,1,0.044883,0.000000,0.044883,1.00e-04
105,1,0.064872,0.000000,0.064872,1.00e-04
106,1,0.035777,0.000000,0.035777,1.00e-04
107,1,0.062747,0.000000,0.062747,1.00e-04
108,1,0.034890,0.000000,0.034890,1.00e-04
109,1,0.054949,0.000000,0.054949,1.00e-04
110,1,0.010044,0.000000,0.010044,1.00e-04
111,1,0.045937,0.000000,0.045937,1.00e-04
112,1,0.048144,0.056946,0.065228,1.00e-04
113,1,0.036659,0.000000,0.036659,1.00e-04
114,1,0.057140,0.000000,0.057140,1.00e-04
115,1,0.050732,0.000000,0.050732,1.00e-04
116,1,0.020734,0.000000,0.020734,1.00e-04
117,1,0.031297,0.000000,0.031297,1.00e-04
118,1,0.035570,0.000000,0.035570,1.00e-04
119,1,0.076852,0.000000,0.076852,1.00e-04
120,1,0.131944,0.000000,0.131944,1.00e-04
121,1,0.021949,0.000000,0.021949,1.00e-04
122,1,0.043067,0.000000,0.043067,1.00e-04
123,1,0.049426,0.000000,0.049426,1.00e-04
124,1,0.024571,0.000000,0.024571,1.00e-04
125,2,0.017209,0.000000,0.017209,1.00e-04
126,2,0.029035,0.000000,0.029035,1.00e-04
127,2,0.039535,0.000000,0.039535,1.00e-04
128,2,0.037373,0.002707,0.038185,1.00e-04
129,2,0.043387,0.000000,0.043387,1.00e-04
130,2,0.050774,0.000000,0.050774,1.00e-04
131,2,0.064213,0.000000,0.064213,1.00e-04
132,2,0.033475,0.000000,0.033475,1.00e-04
133,2,0.023018,0.000000,0.023018,1.00e-04
134,2,0.018072,0.000000,0.018072,1.00e-04
135,2,0.071624,0.000000,0.071624,1.00e-04
136,2,0.113260,0.000000,0.113260,1.00e-04
137,2,0.049611,0.000000,0.049611,1.00e-04
138,2,0.039364,0.000000,0.039364,1.00e-04
139,2,0.053534,0.000000,0.053534,1.00e-04
140,2,0.127989,0.000000,0.127989,1.00e-04
141,2,0.033863,0.000000,0.033863,1.00e-04
142,2,0.024602,0.000000,0.024602,1.00e-04
143,2,0.037659,0.000000,0.037659,1.00e-04
144,2,0.118927,0.023825,0.126075,1.00e-04
145,2,0.009442,0.000000,0.009442,1.00e-04
146,2,0.095359,0.000000,0.095359,1.00e-04
147,2,0.009023,0.000000,0.009023,1.00e-04
148,2,0.032629,0.000000,0.032629,1.00e-04
149,2,0.018443,0.000000,0.018443,1.00e-04
150,2,0.055376,0.000000,0.055376,1.00e-04
151,2,0.052172,0.000000,0.052172,9.99e-05
152,2,0.046769,0.000000,0.046769,9.99e-05
153,2,0.050659,0.000000,0.050659,9.99e-05
154,2,0.069790,0.000000,0.069790,9.99e-05
155,2,0.051082,0.000000,0.051082,9.99e-05
156,2,0.105301,0.000000,0.105301,9.99e-05
157,2,0.024449,0.000000,0.024449,9.99e-05
158,2,0.031671,0.000000,0.031671,9.99e-05
159,2,0.055860,0.000000,0.055860,9.99e-05
160,2,0.027267,0.021907,0.033839,9.99e-05
161,2,0.018046,0.000000,0.018046,9.99e-05
162,2,0.066873,0.000000,0.066873,9.99e-05
163,2,0.074597,0.000000,0.074597,9.99e-05
164,2,0.047142,0.000000,0.047142,9.99e-05
165,2,0.041964,0.000000,0.041964,9.99e-05
166,2,0.046976,0.000000,0.046976,9.99e-05
167,2,0.062405,0.000000,0.062405,9.99e-05
168,2,0.032982,0.000000,0.032982,9.99e-05
169,2,0.084902,0.000000,0.084902,9.99e-05
170,2,0.005822,0.000000,0.005822,9.99e-05
171,2,0.118279,0.000000,0.118279,9.99e-05
172,2,0.067802,0.000000,0.067802,9.99e-05
173,2,0.036516,0.000000,0.036516,9.99e-05
174,2,0.035823,0.000000,0.035823,9.99e-05
175,2,0.041860,0.000000,0.041860,9.99e-05
176,2,0.050523,0.117917,0.085898,9.99e-05
177,2,0.077776,0.000000,0.077776,9.99e-05
178,2,0.051896,0.000000,0.051896,9.99e-05
179,2,0.031110,0.000000,0.031110,9.99e-05
180,2,0.119569,0.000000,0.119569,9.99e-05
181,2,0.007966,0.000000,0.007966,9.99e-05
182,2,0.021252,0.000000,0.021252,9.99e-05
183,2,0.019266,0.000000,0.019266,9.99e-05
184,2,0.044115,0.000000,0.044115,9.99e-05
185,2,0.040410,0.000000,0.040410,9.99e-05
186,2,0.015303,0.000000,0.015303,9.99e-05
187,2,0.018436,0.000000,0.018436,9.99e-05
188,2,0.042502,0.000000,0.042502,9.99e-05
189,2,0.043236,0.000000,0.043236,9.99e-05
190,2,0.065467,0.000000,0.065467,9.98e-05
191,2,0.031979,0.000000,0.031979,9.98e-05
192,2,0.014074,0.006715,0.016088,9.98e-05
193,2,0.011118,0.000000,0.011118,9.98e-05
194,2,0.054534,0.000000,0.054534,9.98e-05
195,2,0.032179,0.000000,0.032179,9.98e-05
196,2,0.030662,0.000000,0.030662,9.98e-05
197,2,0.038556,0.000000,0.038556,9.98e-05
198,2,0.055042,0.000000,0.055042,9.98e-05
199,2,0.018566,0.000000,0.018566,9.98e-05
200,2,0.069692,0.000000,0.069692,9.98e-05
201,2,0.064888,0.000000,0.064888,9.98e-05
202,2,0.050489,0.000000,0.050489,9.98e-05
203,2,0.036933,0.000000,0.036933,9.98e-05
204,2,0.055975,0.000000,0.055975,9.98e-05
205,2,0.089540,0.000000,0.089540,9.98e-05
206,2,0.043237,0.000000,0.043237,9.98e-05
207,2,0.080307,0.000000,0.080307,9.98e-05
208,2,0.065729,0.008177,0.068182,9.98e-05
209,2,0.061161,0.000000,0.061161,9.98e-05
210,2,0.043710,0.000000,0.043710,9.98e-05
211,2,0.033908,0.000000,0.033908,9.98e-05
212,2,0.075636,0.000000,0.075636,9.98e-05
213,2,0.033269,0.000000,0.033269,9.98e-05
214,2,0.044304,0.000000,0.044304,9.98e-05
215,2,0.018817,0.000000,0.018817,9.98e-05
216,2,0.023969,0.000000,0.023969,9.97e-05
217,2,0.028450,0.000000,0.028450,9.97e-05
218,2,0.047291,0.000000,0.047291,9.97e-05
219,2,0.003239,0.000000,0.003239,9.97e-05
220,2,0.093164,0.000000,0.093164,9.97e-05
221,2,0.036406,0.000000,0.036406,9.97e-05
222,2,0.066398,0.000000,0.066398,9.97e-05
223,2,0.030898,0.000000,0.030898,9.97e-05
224,2,0.032100,0.072162,0.053748,9.97e-05
225,2,0.020960,0.000000,0.020960,9.97e-05
226,2,0.030431,0.000000,0.030431,9.97e-05
227,2,0.027552,0.000000,0.027552,9.97e-05
228,2,0.034642,0.000000,0.034642,9.97e-05
229,2,0.064607,0.000000,0.064607,9.97e-05
230,2,0.042733,0.000000,0.042733,9.97e-05
231,2,0.025085,0.000000,0.025085,9.97e-05
232,2,0.061720,0.000000,0.061720,9.97e-05
233,2,0.083378,0.000000,0.083378,9.97e-05
234,2,0.040560,0.000000,0.040560,9.97e-05
235,2,0.066115,0.000000,0.066115,9.97e-05
236,2,0.058946,0.000000,0.058946,9.97e-05
237,2,0.046640,0.000000,0.046640,9.96e-05
238,2,0.081678,0.000000,0.081678,9.96e-05
239,2,0.013217,0.000000,0.013217,9.96e-05
240,2,0.080986,0.153217,0.126951,9.96e-05
241,2,0.037473,0.000000,0.037473,9.96e-05
242,2,0.038798,0.000000,0.038798,9.96e-05
243,2,0.116359,0.000000,0.116359,9.96e-05
244,2,0.025034,0.000000,0.025034,9.96e-05
245,2,0.032293,0.000000,0.032293,9.96e-05
246,2,0.031542,0.000000,0.031542,9.96e-05
247,2,0.007266,0.000000,0.007266,9.96e-05
248,2,0.012516,0.000000,0.012516,9.96e-05
249,2,0.008707,0.000000,0.008707,9.96e-05
250,3,0.053734,0.000000,0.053734,9.96e-05
251,3,0.056416,0.000000,0.056416,9.96e-05
252,3,0.070813,0.000000,0.070813,9.96e-05
253,3,0.022494,0.000000,0.022494,9.96e-05
254,3,0.028654,0.000000,0.028654,9.96e-05
255,3,0.064414,0.000000,0.064414,9.95e-05
256,3,0.035624,0.064339,0.054926,9.95e-05
257,3,0.058129,0.000000,0.058129,9.95e-05
258,3,0.026868,0.000000,0.026868,9.95e-05
259,3,0.044941,0.000000,0.044941,9.95e-05
260,3,0.050863,0.000000,0.050863,9.95e-05
261,3,0.077135,0.000000,0.077135,9.95e-05
262,3,0.070882,0.000000,0.070882,9.95e-05
263,3,0.077644,0.000000,0.077644,9.95e-05
264,3,0.020349,0.000000,0.020349,9.95e-05
265,3,0.037842,0.000000,0.037842,9.95e-05
266,3,0.031386,0.000000,0.031386,9.95e-05
267,3,0.021568,0.000000,0.021568,9.95e-05
268,3,0.050492,0.000000,0.050492,9.95e-05
269,3,0.039831,0.000000,0.039831,9.95e-05
270,3,0.027526,0.000000,0.027526,9.95e-05
271,3,0.097276,0.000000,0.097276,9.95e-05
272,3,0.031293,0.056666,0.048293,9.94e-05
273,3,0.021857,0.000000,0.021857,9.94e-05
274,3,0.080277,0.000000,0.080277,9.94e-05
275,3,0.127563,0.000000,0.127563,9.94e-05
276,3,0.051562,0.000000,0.051562,9.94e-05
277,3,0.024345,0.000000,0.024345,9.94e-05
278,3,0.050265,0.000000,0.050265,9.94e-05
279,3,0.117868,0.000000,0.117868,9.94e-05
280,3,0.110936,0.000000,0.110936,9.94e-05
281,3,0.008369,0.000000,0.008369,9.94e-05
282,3,0.016312,0.000000,0.016312,9.94e-05
283,3,0.038383,0.000000,0.038383,9.94e-05
284,3,0.037653,0.000000,0.037653,9.94e-05
285,3,0.037206,0.000000,0.037206,9.94e-05
286,3,0.066655,0.000000,0.066655,9.94e-05
287,3,0.026595,0.000000,0.026595,9.93e-05
288,3,0.013039,0.013599,0.017119,9.93e-05
289,3,0.069464,0.000000,0.069464,9.93e-05
290,3,0.031697,0.000000,0.031697,9.93e-05
291,3,0.049313,0.000000,0.049313,9.93e-05
292,3,0.038756,0.000000,0.038756,9.93e-05
293,3,0.079352,0.000000,0.079352,9.93e-05
294,3,0.086492,0.000000,0.086492,9.93e-05
295,3,0.039753,0.000000,0.039753,9.93e-05
296,3,0.002539,0.000000,0.002539,9.93e-05
297,3,0.036855,0.000000,0.036855,9.93e-05
298,3,0.067339,0.000000,0.067339,9.93e-05
299,3,0.066142,0.000000,0.066142,9.93e-05
300,3,0.044262,0.000000,0.044262,9.93e-05
301,3,0.003603,0.000000,0.003603,9.92e-05
302,3,0.035018,0.000000,0.035018,9.92e-05
303,3,0.035143,0.000000,0.035143,9.92e-05
304,3,0.080028,0.001039,0.080339,9.92e-05
305,3,0.075759,0.000000,0.075759,9.92e-05
306,3,0.029667,0.000000,0.029667,9.92e-05
307,3,0.105610,0.000000,0.105610,9.92e-05
308,3,0.055536,0.000000,0.055536,9.92e-05
309,3,0.056638,0.000000,0.056638,9.92e-05
310,3,0.013637,0.000000,0.013637,9.92e-05
311,3,0.027347,0.000000,0.027347,9.92e-05
312,3,0.009784,0.000000,0.009784,9.92e-05
313,3,0.041471,0.000000,0.041471,9.92e-05
314,3,0.006713,0.000000,0.006713,9.91e-05
315,3,0.045337,0.000000,0.045337,9.91e-05
316,3,0.036818,0.000000,0.036818,9.91e-05
317,3,0.040058,0.000000,0.040058,9.91e-05
318,3,0.063212,0.000000,0.063212,9.91e-05
319,3,0.033037,0.000000,0.033037,9.91e-05
320,3,0.058131,0.018780,0.063765,9.91e-05
321,3,0.054701,0.000000,0.054701,9.91e-05
322,3,0.039574,0.000000,0.039574,9.91e-05
323,3,0.032822,0.000000,0.032822,9.91e-05
324,3,0.028419,0.000000,0.028419,9.91e-05
325,3,0.068393,0.000000,0.068393,9.91e-05
326,3,0.031594,0.000000,0.031594,9.90e-05
327,3,0.101769,0.000000,0.101769,9.90e-05
328,3,0.064851,0.000000,0.064851,9.90e-05
329,3,0.049454,0.000000,0.049454,9.90e-05
330,3,0.056780,0.000000,0.056780,9.90e-05
331,3,0.072598,0.000000,0.072598,9.90e-05
332,3,0.034707,0.000000,0.034707,9.90e-05
333,3,0.063102,0.000000,0.063102,9.90e-05
334,3,0.028324,0.000000,0.028324,9.90e-05
335,3,0.090109,0.000000,0.090109,9.90e-05
336,3,0.068276,0.046551,0.082241,9.90e-05
337,3,0.029084,0.000000,0.029084,9.90e-05
338,3,0.057143,0.000000,0.057143,9.89e-05
339,3,0.067241,0.000000,0.067241,9.89e-05
340,3,0.074194,0.000000,0.074194,9.89e-05
341,3,0.023951,0.000000,0.023951,9.89e-05
342,3,0.080410,0.000000,0.080410,9.89e-05
343,3,0.059492,0.000000,0.059492,9.89e-05
344,3,0.018548,0.000000,0.018548,9.89e-05
345,3,0.098667,0.000000,0.098667,9.89e-05
346,3,0.085781,0.000000,0.085781,9.89e-05
347,3,0.049861,0.000000,0.049861,9.89e-05
348,3,0.031621,0.000000,0.031621,9.89e-05
349,3,0.051194,0.000000,0.051194,9.88e-05
350,3,0.049807,0.000000,0.049807,9.88e-05
351,3,0.083623,0.000000,0.083623,9.88e-05
352,3,0.017238,0.017044,0.022352,9.88e-05
353,3,0.062016,0.000000,0.062016,9.88e-05
354,3,0.047689,0.000000,0.047689,9.88e-05
355,3,0.028658,0.000000,0.028658,9.88e-05
356,3,0.033013,0.000000,0.033013,9.88e-05
357,3,0.043035,0.000000,0.043035,9.88e-05
358,3,0.128720,0.000000,0.128720,9.88e-05
359,3,0.016571,0.000000,0.016571,9.88e-05
360,3,0.048899,0.000000,0.048899,9.87e-05
361,3,0.021722,0.000000,0.021722,9.87e-05
362,3,0.058867,0.000000,0.058867,9.87e-05
363,3,0.028592,0.000000,0.028592,9.87e-05
364,3,0.072838,0.000000,0.072838,9.87e-05
365,3,0.015564,0.000000,0.015564,9.87e-05
366,3,0.035838,0.000000,0.035838,9.87e-05
367,3,0.046948,0.000000,0.046948,9.87e-05
368,3,0.089271,0.115252,0.123847,9.87e-05
369,3,0.028203,0.000000,0.028203,9.87e-05
370,3,0.064145,0.000000,0.064145,9.86e-05
371,3,0.028801,0.000000,0.028801,9.86e-05
372,3,0.007474,0.000000,0.007474,9.86e-05
373,3,0.033532,0.000000,0.033532,9.86e-05
374,3,0.041572,0.000000,0.041572,9.86e-05
375,4,0.011577,0.000000,0.011577,9.86e-05
376,4,0.045067,0.000000,0.045067,9.86e-05
377,4,0.060841,0.000000,0.060841,9.86e-05
378,4,0.049329,0.000000,0.049329,9.86e-05
379,4,0.058520,0.000000,0.058520,9.86e-05
380,4,0.032661,0.000000,0.032661,9.85e-05
381,4,0.014741,0.000000,0.014741,9.85e-05
382,4,0.026956,0.000000,0.026956,9.85e-05
383,4,0.056625,0.000000,0.056625,9.85e-05
384,4,0.030816,0.022277,0.037499,9.85e-05
385,4,0.029105,0.000000,0.029105,9.85e-05
386,4,0.037179,0.000000,0.037179,9.85e-05
387,4,0.113386,0.000000,0.113386,9.85e-05
388,4,0.042397,0.000000,0.042397,9.85e-05
389,4,0.056768,0.000000,0.056768,9.85e-05
390,4,0.026360,0.000000,0.026360,9.84e-05
391,4,0.088618,0.000000,0.088618,9.84e-05
392,4,0.037131,0.000000,0.037131,9.84e-05
393,4,0.030391,0.000000,0.030391,9.84e-05
394,4,0.047179,0.000000,0.047179,9.84e-05
395,4,0.020671,0.000000,0.020671,9.84e-05
396,4,0.074667,0.000000,0.074667,9.84e-05
397,4,0.056784,0.000000,0.056784,9.84e-05
398,4,0.113649,0.000000,0.113649,9.84e-05
399,4,0.021869,0.000000,0.021869,9.83e-05
400,4,0.026210,0.070072,0.047232,9.83e-05
401,4,0.005246,0.000000,0.005246,9.83e-05
402,4,0.045708,0.000000,0.045708,9.83e-05
403,4,0.105873,0.000000,0.105873,9.83e-05
404,4,0.028171,0.000000,0.028171,9.83e-05
405,4,0.055440,0.000000,0.055440,9.83e-05
406,4,0.051224,0.000000,0.051224,9.83e-05
407,4,0.008918,0.000000,0.008918,9.83e-05
408,4,0.025785,0.000000,0.025785,9.82e-05
409,4,0.086887,0.000000,0.086887,9.82e-05
410,4,0.085364,0.000000,0.085364,9.82e-05
411,4,0.005640,0.000000,0.005640,9.82e-05
412,4,0.042716,0.000000,0.042716,9.82e-05
413,4,0.030536,0.000000,0.030536,9.82e-05
414,4,0.023960,0.000000,0.023960,9.82e-05
415,4,0.018559,0.000000,0.018559,9.82e-05
416,4,0.084899,0.021708,0.091411,9.82e-05
417,4,0.045129,0.000000,0.045129,9.81e-05
418,4,0.073765,0.000000,0.073765,9.81e-05
419,4,0.052838,0.000000,0.052838,9.81e-05
420,4,0.105982,0.000000,0.105982,9.81e-05
421,4,0.054567,0.000000,0.054567,9.81e-05
422,4,0.079463,0.000000,0.079463,9.81e-05
423,4,0.070280,0.000000,0.070280,9.81e-05
424,4,0.002001,0.000000,0.002001,9.81e-05
425,4,0.019397,0.000000,0.019397,9.80e-05
426,4,0.034864,0.000000,0.034864,9.80e-05
427,4,0.013395,0.000000,0.013395,9.80e-05
428,4,0.027775,0.000000,0.027775,9.80e-05
429,4,0.031528,0.000000,0.031528,9.80e-05
430,4,0.024076,0.000000,0.024076,9.80e-05
431,4,0.008431,0.000000,0.008431,9.80e-05
432,4,0.005163,0.074556,0.027530,9.80e-05
433,4,0.034280,0.000000,0.034280,9.79e-05
434,4,0.014333,0.000000,0.014333,9.79e-05
435,4,0.017037,0.000000,0.017037,9.79e-05
436,4,0.033415,0.000000,0.033415,9.79e-05
437,4,0.083981,0.000000,0.083981,9.79e-05
438,4,0.019914,0.000000,0.019914,9.79e-05
439,4,0.045542,0.000000,0.045542,9.79e-05
440,4,0.038742,0.000000,0.038742,9.79e-05
441,4,0.020176,0.000000,0.020176,9.78e-05
442,4,0.055605,0.000000,0.055605,9.78e-05
443,4,0.025373,0.000000,0.025373,9.78e-05
444,4,0.023692,0.000000,0.023692,9.78e-05
445,4,0.092229,0.000000,0.092229,9.78e-05
446,4,0.038194,0.000000,0.038194,9.78e-05
447,4,0.022127,0.000000,0.022127,9.78e-05
448,4,0.052630,0.046465,0.066570,9.78e-05
449,4,0.099435,0.000000,0.099435,9.77e-05
450,4,0.078036,0.000000,0.078036,9.77e-05
451,4,0.112896,0.000000,0.112896,9.77e-05
452,4,0.057264,0.000000,0.057264,9.77e-05
453,4,0.025485,0.000000,0.025485,9.77e-05
454,4,0.034295,0.000000,0.034295,9.77e-05
455,4,0.027124,0.000000,0.027124,9.77e-05
456,4,0.069359,0.000000,0.069359,9.77e-05
457,4,0.047878,0.000000,0.047878,9.76e-05
458,4,0.051095,0.000000,0.051095,9.76e-05
459,4,0.038513,0.000000,0.038513,9.76e-05
460,4,0.014743,0.000000,0.014743,9.76e-05
461,4,0.058128,0.000000,0.058128,9.76e-05
462,4,0.055859,0.000000,0.055859,9.76e-05
463,4,0.044857,0.000000,0.044857,9.76e-05
464,4,0.094951,0.060736,0.113171,9.76e-05
465,4,0.060245,0.000000,0.060245,9.75e-05
466,4,0.033048,0.000000,0.033048,9.75e-05
467,4,0.020973,0.000000,0.020973,9.75e-05
468,4,0.079652,0.000000,0.079652,9.75e-05
469,4,0.049728,0.000000,0.049728,9.75e-05
470,4,0.066672,0.000000,0.066672,9.75e-05
471,4,0.045520,0.000000,0.045520,9.75e-05
472,4,0.051225,0.000000,0.051225,9.74e-05
473,4,0.040641,0.000000,0.040641,9.74e-05
474,4,0.058277,0.000000,0.058277,9.74e-05
475,4,0.049483,0.000000,0.049483,9.74e-05
476,4,0.023443,0.000000,0.023443,9.74e-05
477,4,0.060539,0.000000,0.060539,9.74e-05
478,4,0.067952,0.000000,0.067952,9.74e-05
479,4,0.045108,0.000000,0.045108,9.73e-05
480,4,0.031099,0.077182,0.054253,9.73e-05
481,4,0.068371,0.000000,0.068371,9.73e-05
482,4,0.036751,0.000000,0.036751,9.73e-05
483,4,0.044467,0.000000,0.044467,9.73e-05
484,4,0.048479,0.000000,0.048479,9.73e-05
485,4,0.088023,0.000000,0.088023,9.73e-05
486,4,0.040497,0.000000,0.040497,9.73e-05
487,4,0.034374,0.000000,0.034374,9.72e-05
488,4,0.040420,0.000000,0.040420,9.72e-05
489,4,0.128891,0.000000,0.128891,9.72e-05
490,4,0.053807,0.000000,0.053807,9.72e-05
491,4,0.042615,0.000000,0.042615,9.72e-05
492,4,0.061451,0.000000,0.061451,9.72e-05
493,4,0.025958,0.000000,0.025958,9.72e-05
494,4,0.031419,0.000000,0.031419,9.71e-05
495,4,0.039807,0.000000,0.039807,9.71e-05
496,4,0.058326,0.023328,0.065325,9.71e-05
497,4,0.048552,0.000000,0.048552,9.71e-05
498,4,0.038436,0.000000,0.038436,9.71e-05
499,4,0.110538,0.000000,0.110538,9.71e-05
500,5,0.042734,0.000000,0.042734,9.71e-05
501,5,0.048996,0.000000,0.048996,9.70e-05
502,5,0.030779,0.000000,0.030779,9.70e-05
503,5,0.037397,0.000000,0.037397,9.70e-05
504,5,0.081424,0.000000,0.081424,9.70e-05
505,5,0.067024,0.000000,0.067024,9.70e-05
506,5,0.002413,0.000000,0.002413,9.70e-05
507,5,0.084923,0.000000,0.084923,9.69e-05
508,5,0.050659,0.000000,0.050659,9.69e-05
509,5,0.018037,0.000000,0.018037,9.69e-05
510,5,0.026602,0.000000,0.026602,9.69e-05
511,5,0.009088,0.000000,0.009088,9.69e-05
512,5,0.036623,0.032491,0.046371,9.69e-05
513,5,0.024601,0.000000,0.024601,9.69e-05
514,5,0.009107,0.000000,0.009107,9.68e-05
515,5,0.022237,0.000000,0.022237,9.68e-05
516,5,0.011933,0.000000,0.011933,9.68e-05
517,5,0.002175,0.000000,0.002175,9.68e-05
518,5,0.071549,0.000000,0.071549,9.68e-05
519,5,0.070855,0.000000,0.070855,9.68e-05
520,5,0.037756,0.000000,0.037756,9.68e-05
521,5,0.025739,0.000000,0.025739,9.67e-05
522,5,0.097634,0.000000,0.097634,9.67e-05
523,5,0.017220,0.000000,0.017220,9.67e-05
524,5,0.019339,0.000000,0.019339,9.67e-05
525,5,0.097418,0.000000,0.097418,9.67e-05
526,5,0.005635,0.000000,0.005635,9.67e-05
527,5,0.075079,0.000000,0.075079,9.66e-05
528,5,0.012723,0.046283,0.026608,9.66e-05
529,5,0.014889,0.000000,0.014889,9.66e-05
530,5,0.057700,0.000000,0.057700,9.66e-05
531,5,0.086507,0.000000,0.086507,9.66e-05
532,5,0.025719,0.000000,0.025719,9.66e-05
533,5,0.040974,0.000000,0.040974,9.66e-05
534,5,0.022154,0.000000,0.022154,9.65e-05
535,5,0.023437,0.000000,0.023437,9.65e-05
536,5,0.020493,0.000000,0.020493,9.65e-05
537,5,0.099870,0.000000,0.099870,9.65e-05
538,5,0.051202,0.000000,0.051202,9.65e-05
539,5,0.030804,0.000000,0.030804,9.65e-05
540,5,0.056894,0.000000,0.056894,9.64e-05
541,5,0.080110,0.000000,0.080110,9.64e-05
542,5,0.025119,0.000000,0.025119,9.64e-05
543,5,0.025944,0.000000,0.025944,9.64e-05
544,5,0.057253,0.016308,0.062145,9.64e-05
545,5,0.041296,0.000000,0.041296,9.64e-05
546,5,0.003149,0.000000,0.003149,9.63e-05
547,5,0.033743,0.000000,0.033743,9.63e-05
548,5,0.062737,0.000000,0.062737,9.63e-05
549,5,0.019887,0.000000,0.019887,9.63e-05
550,5,0.040212,0.000000,0.040212,9.63e-05
551,5,0.058570,0.000000,0.058570,9.63e-05
552,5,0.052373,0.000000,0.052373,9.62e-05
553,5,0.013822,0.000000,0.013822,9.62e-05
554,5,0.013855,0.000000,0.013855,9.62e-05
555,5,0.057378,0.000000,0.057378,9.62e-05
556,5,0.052828,0.000000,0.052828,9.62e-05
557,5,0.022849,0.000000,0.022849,9.62e-05
558,5,0.027486,0.000000,0.027486,9.61e-05
559,5,0.035384,0.000000,0.035384,9.61e-05
560,5,0.060959,0.038645,0.072552,9.61e-05
561,5,0.039342,0.000000,0.039342,9.61e-05
562,5,0.070476,0.000000,0.070476,9.61e-05
563,5,0.084567,0.000000,0.084567,9.61e-05
564,5,0.029143,0.000000,0.029143,9.60e-05
565,5,0.038953,0.000000,0.038953,9.60e-05
566,5,0.064887,0.000000,0.064887,9.60e-05
567,5,0.046912,0.000000,0.046912,9.60e-05
568,5,0.019543,0.000000,0.019543,9.60e-05
569,5,0.029168,0.000000,0.029168,9.60e-05
570,5,0.044465,0.000000,0.044465,9.59e-05
571,5,0.039429,0.000000,0.039429,9.59e-05
572,5,0.055291,0.000000,0.055291,9.59e-05
573,5,0.025063,0.000000,0.025063,9.59e-05
574,5,0.052551,0.000000,0.052551,9.59e-05
575,5,0.038229,0.000000,0.038229,9.59e-05
576,5,0.020304,0.025597,0.027983,9.58e-05
577,5,0.083475,0.000000,0.083475,9.58e-05
578,5,0.019571,0.000000,0.019571,9.58e-05
579,5,0.043772,0.000000,0.043772,9.58e-05
580,5,0.002039,0.000000,0.002039,9.58e-05
581,5,0.063619,0.000000,0.063619,9.58e-05
582,5,0.044334,0.000000,0.044334,9.57e-05
583,5,0.015145,0.000000,0.015145,9.57e-05
584,5,0.016795,0.000000,0.016795,9.57e-05
585,5,0.018698,0.000000,0.018698,9.57e-05
586,5,0.015760,0.000000,0.015760,9.57e-05
587,5,0.045249,0.000000,0.045249,9.57e-05
588,5,0.029811,0.000000,0.029811,9.56e-05
589,5,0.033563,0.000000,0.033563,9.56e-05
590,5,0.043501,0.000000,0.043501,9.56e-05
591,5,0.060880,0.000000,0.060880,9.56e-05
592,5,0.052576,0.020145,0.058619,9.56e-05
593,5,0.037102,0.000000,0.037102,9.55e-05
594,5,0.089959,0.000000,0.089959,9.55e-05
595,5,0.070410,0.000000,0.070410,9.55e-05
596,5,0.027212,0.000000,0.027212,9.55e-05
597,5,0.091285,0.000000,0.091285,9.55e-05
598,5,0.025493,0.000000,0.025493,9.55e-05
599,5,0.028414,0.000000,0.028414,9.54e-05
600,5,0.050284,0.000000,0.050284,9.54e-05
601,5,0.049451,0.000000,0.049451,9.54e-05
602,5,0.045668,0.000000,0.045668,9.54e-05
603,5,0.003719,0.000000,0.003719,9.54e-05
604,5,0.044119,0.000000,0.044119,9.54e-05
605,5,0.055295,0.000000,0.055295,9.53e-05
606,5,0.039315,0.000000,0.039315,9.53e-05
607,5,0.080859,0.000000,0.080859,9.53e-05
608,5,0.048244,0.095412,0.076868,9.53e-05
609,5,0.087679,0.000000,0.087679,9.53e-05
610,5,0.025876,0.000000,0.025876,9.52e-05
611,5,0.019130,0.000000,0.019130,9.52e-05
612,5,0.055563,0.000000,0.055563,9.52e-05
613,5,0.039336,0.000000,0.039336,9.52e-05
614,5,0.044118,0.000000,0.044118,9.52e-05
615,5,0.072764,0.000000,0.072764,9.51e-05
616,5,0.063258,0.000000,0.063258,9.51e-05
617,5,0.024924,0.000000,0.024924,9.51e-05
618,5,0.073850,0.000000,0.073850,9.51e-05
619,5,0.067354,0.000000,0.067354,9.51e-05
620,5,0.053076,0.000000,0.053076,9.51e-05
621,5,0.067561,0.000000,0.067561,9.50e-05
622,5,0.079856,0.000000,0.079856,9.50e-05
623,5,0.030225,0.000000,0.030225,9.50e-05
624,5,0.117302,0.009802,0.120242,9.50e-05
625,6,0.010956,0.000000,0.010956,9.50e-05
626,6,0.051371,0.000000,0.051371,9.49e-05
627,6,0.108574,0.000000,0.108574,9.49e-05
628,6,0.014534,0.000000,0.014534,9.49e-05
629,6,0.027625,0.000000,0.027625,9.49e-05
630,6,0.083428,0.000000,0.083428,9.49e-05
631,6,0.043204,0.000000,0.043204,9.48e-05
632,6,0.152515,0.000000,0.152515,9.48e-05
633,6,0.098289,0.000000,0.098289,9.48e-05
634,6,0.031028,0.000000,0.031028,9.48e-05
635,6,0.019966,0.000000,0.019966,9.48e-05
636,6,0.048914,0.000000,0.048914,9.48e-05
637,6,0.059720,0.000000,0.059720,9.47e-05
638,6,0.040650,0.000000,0.040650,9.47e-05
639,6,0.055633,0.000000,0.055633,9.47e-05
640,6,0.036886,0.013333,0.040886,9.47e-05
641,6,0.035502,0.000000,0.035502,9.47e-05
642,6,0.036244,0.000000,0.036244,9.46e-05
643,6,0.069940,0.000000,0.069940,9.46e-05
644,6,0.021191,0.000000,0.021191,9.46e-05
645,6,0.051469,0.000000,0.051469,9.46e-05
646,6,0.037948,0.000000,0.037948,9.46e-05
647,6,0.065227,0.000000,0.065227,9.45e-05
648,6,0.002961,0.000000,0.002961,9.45e-05
649,6,0.007136,0.000000,0.007136,9.45e-05
650,6,0.015535,0.000000,0.015535,9.45e-05
651,6,0.048292,0.000000,0.048292,9.45e-05
652,6,0.037503,0.000000,0.037503,9.44e-05
653,6,0.015671,0.000000,0.015671,9.44e-05
654,6,0.008892,0.000000,0.008892,9.44e-05
655,6,0.028606,0.000000,0.028606,9.44e-05
656,6,0.060620,0.005978,0.062414,9.44e-05
657,6,0.053736,0.000000,0.053736,9.43e-05
658,6,0.042403,0.000000,0.042403,9.43e-05
659,6,0.037629,0.000000,0.037629,9.43e-05
660,6,0.063406,0.000000,0.063406,9.43e-05
661,6,0.039335,0.000000,0.039335,9.43e-05
662,6,0.044573,0.000000,0.044573,9.42e-05
663,6,0.049789,0.000000,0.049789,9.42e-05
664,6,0.121944,0.000000,0.121944,9.42e-05
665,6,0.066773,0.000000,0.066773,9.42e-05
666,6,0.082081,0.000000,0.082081,9.42e-05
667,6,0.081955,0.000000,0.081955,9.41e-05
668,6,0.086850,0.000000,0.086850,9.41e-05
669,6,0.043220,0.000000,0.043220,9.41e-05
670,6,0.097037,0.000000,0.097037,9.41e-05
671,6,0.039529,0.000000,0.039529,9.41e-05
672,6,0.042122,0.003294,0.043111,9.40e-05
673,6,0.007710,0.000000,0.007710,9.40e-05
674,6,0.007364,0.000000,0.007364,9.40e-05
675,6,0.018960,0.000000,0.018960,9.40e-05
676,6,0.043417,0.000000,0.043417,9.40e-05
677,6,0.065866,0.000000,0.065866,9.39e-05
678,6,0.076809,0.000000,0.076809,9.39e-05
679,6,0.081235,0.000000,0.081235,9.39e-05
680,6,0.089386,0.000000,0.089386,9.39e-05
681,6,0.040637,0.000000,0.040637,9.39e-05
682,6,0.091604,0.000000,0.091604,9.38e-05
683,6,0.055914,0.000000,0.055914,9.38e-05
684,6,0.017725,0.000000,0.017725,9.38e-05
685,6,0.086957,0.000000,0.086957,9.38e-05
686,6,0.051362,0.000000,0.051362,9.38e-05
687,6,0.026960,0.000000,0.026960,9.37e-05
688,6,0.076680,0.007898,0.079050,9.37e-05
689,6,0.046078,0.000000,0.046078,9.37e-05
690,6,0.035099,0.000000,0.035099,9.37e-05
691,6,0.067391,0.000000,0.067391,9.36e-05
692,6,0.103450,0.000000,0.103450,9.36e-05
693,6,0.067851,0.000000,0.067851,9.36e-05
694,6,0.080384,0.000000,0.080384,9.36e-05
695,6,0.027644,0.000000,0.027644,9.36e-05
696,6,0.017465,0.000000,0.017465,9.35e-05
697,6,0.019567,0.000000,0.019567,9.35e-05
698,6,0.021511,0.000000,0.021511,9.35e-05
699,6,0.006156,0.000000,0.006156,9.35e-05
700,6,0.046816,0.000000,0.046816,9.35e-05
701,6,0.058165,0.000000,0.058165,9.34e-05
702,6,0.047869,0.000000,0.047869,9.34e-05
703,6,0.028013,0.000000,0.028013,9.34e-05
704,6,0.047292,0.017739,0.052614,9.34e-05
705,6,0.026115,0.000000,0.026115,9.34e-05
706,6,0.030228,0.000000,0.030228,9.33e-05
707,6,0.057907,0.000000,0.057907,9.33e-05
708,6,0.029050,0.000000,0.029050,9.33e-05
709,6,0.043964,0.000000,0.043964,9.33e-05
710,6,0.030797,0.000000,0.030797,9.32e-05
711,6,0.035674,0.000000,0.035674,9.32e-05
712,6,0.119306,0.000000,0.119306,9.32e-05
713,6,0.025156,0.000000,0.025156,9.32e-05
714,6,0.050668,0.000000,0.050668,9.32e-05
715,6,0.054060,0.000000,0.054060,9.31e-05
716,6,0.064396,0.000000,0.064396,9.31e-05
717,6,0.036831,0.000000,0.036831,9.31e-05
718,6,0.057655,0.000000,0.057655,9.31e-05
719,6,0.060714,0.000000,0.060714,9.30e-05
720,6,0.014243,0.014364,0.018552,9.30e-05
721,6,0.023198,0.000000,0.023198,9.30e-05
722,6,0.047538,0.000000,0.047538,9.30e-05
723,6,0.030575,0.000000,0.030575,9.30e-05
724,6,0.052906,0.000000,0.052906,9.29e-05
725,6,0.047609,0.000000,0.047609,9.29e-05
726,6,0.012060,0.000000,0.012060,9.29e-05
727,6,0.026812,0.000000,0.026812,9.29e-05
728,6,0.025684,0.000000,0.025684,9.28e-05
729,6,0.053692,0.000000,0.053692,9.28e-05
730,6,0.032820,0.000000,0.032820,9.28e-05
731,6,0.065802,0.000000,0.065802,9.28e-05
732,6,0.037879,0.000000,0.037879,9.28e-05
733,6,0.004117,0.000000,0.004117,9.27e-05
734,6,0.066249,0.000000,0.066249,9.27e-05
735,6,0.024386,0.000000,0.024386,9.27e-05
736,6,0.063598,0.044052,0.076813,9.27e-05
737,6,0.042460,0.000000,0.042460,9.26e-05
738,6,0.043164,0.000000,0.043164,9.26e-05
739,6,0.011763,0.000000,0.011763,9.26e-05
740,6,0.016989,0.000000,0.016989,9.26e-05
741,6,0.022123,0.000000,0.022123,9.26e-05
742,6,0.016418,0.000000,0.016418,9.25e-05
743,6,0.036206,0.000000,0.036206,9.25e-05
744,6,0.096411,0.000000,0.096411,9.25e-05
745,6,0.077209,0.000000,0.077209,9.25e-05
746,6,0.066270,0.000000,0.066270,9.24e-05
747,6,0.055091,0.000000,0.055091,9.24e-05
748,6,0.026949,0.000000,0.026949,9.24e-05
749,6,0.007494,0.000000,0.007494,9.24e-05
750,7,0.051489,0.000000,0.051489,9.24e-05
751,7,0.121591,0.000000,0.121591,9.23e-05
752,7,0.022819,0.033163,0.032767,9.23e-05
753,7,0.029103,0.000000,0.029103,9.23e-05
754,7,0.034060,0.000000,0.034060,9.23e-05
755,7,0.044163,0.000000,0.044163,9.22e-05
756,7,0.041831,0.000000,0.041831,9.22e-05
757,7,0.051808,0.000000,0.051808,9.22e-05
758,7,0.052671,0.000000,0.052671,9.22e-05
759,7,0.029444,0.000000,0.029444,9.21e-05
760,7,0.105871,0.000000,0.105871,9.21e-05
761,7,0.034920,0.000000,0.034920,9.21e-05
762,7,0.084351,0.000000,0.084351,9.21e-05
763,7,0.055228,0.000000,0.055228,9.21e-05
764,7,0.073285,0.000000,0.073285,9.20e-05
765,7,0.073550,0.000000,0.073550,9.20e-05
766,7,0.116629,0.000000,0.116629,9.20e-05
767,7,0.043637,0.000000,0.043637,9.20e-05
768,7,0.024062,0.008566,0.026632,9.19e-05
769,7,0.023996,0.000000,0.023996,9.19e-05
770,7,0.038473,0.000000,0.038473,9.19e-05
771,7,0.097406,0.000000,0.097406,9.19e-05
772,7,0.021217,0.000000,0.021217,9.18e-05
773,7,0.030915,0.000000,0.030915,9.18e-05
774,7,0.009779,0.000000,0.009779,9.18e-05
775,7,0.054792,0.000000,0.054792,9.18e-05
776,7,0.033770,0.000000,0.033770,9.17e-05
777,7,0.035623,0.000000,0.035623,9.17e-05
778,7,0.089675,0.000000,0.089675,9.17e-05
779,7,0.046508,0.000000,0.046508,9.17e-05
780,7,0.062516,0.000000,0.062516,9.17e-05
781,7,0.043465,0.000000,0.043465,9.16e-05
782,7,0.015742,0.000000,0.015742,9.16e-05
783,7,0.047496,0.000000,0.047496,9.16e-05
784,7,0.065699,0.004031,0.066909,9.16e-05
785,7,0.040799,0.000000,0.040799,9.15e-05
786,7,0.007941,0.000000,0.007941,9.15e-05
787,7,0.013071,0.000000,0.013071,9.15e-05
788,7,0.155789,0.000000,0.155789,9.15e-05
789,7,0.047887,0.000000,0.047887,9.14e-05
790,7,0.057129,0.000000,0.057129,9.14e-05
791,7,0.056742,0.000000,0.056742,9.14e-05
792,7,0.028225,0.000000,0.028225,9.14e-05
793,7,0.012473,0.000000,0.012473,9.13e-05
794,7,0.027467,0.000000,0.027467,9.13e-05
795,7,0.024859,0.000000,0.024859,9.13e-05
796,7,0.028245,0.000000,0.028245,9.13e-05
797,7,0.042210,0.000000,0.042210,9.12e-05
798,7,0.091608,0.000000,0.091608,9.12e-05
799,7,0.067498,0.000000,0.067498,9.12e-05
800,7,0.064536,0.095298,0.093126,9.12e-05
801,7,0.027085,0.000000,0.027085,9.11e-05
802,7,0.080020,0.000000,0.080020,9.11e-05
803,7,0.071166,0.000000,0.071166,9.11e-05
804,7,0.085584,0.000000,0.085584,9.11e-05
805,7,0.094511,0.000000,0.094511,9.10e-05
806,7,0.019184,0.000000,0.019184,9.10e-05
807,7,0.003167,0.000000,0.003167,9.10e-05
808,7,0.034879,0.000000,0.034879,9.10e-05
809,7,0.075511,0.000000,0.075511,9.10e-05
810,7,0.008143,0.000000,0.008143,9.09e-05
811,7,0.021099,0.000000,0.021099,9.09e-05
812,7,0.035672,0.000000,0.035672,9.09e-05
813,7,0.045800,0.000000,0.045800,9.09e-05
814,7,0.040561,0.000000,0.040561,9.08e-05
815,7,0.003643,0.000000,0.003643,9.08e-05
816,7,0.069204,0.081777,0.093737,9.08e-05
817,7,0.042071,0.000000,0.042071,9.08e-05
818,7,0.036284,0.000000,0.036284,9.07e-05
819,7,0.041993,0.000000,0.041993,9.07e-05
820,7,0.046716,0.000000,0.046716,9.07e-05
821,7,0.107245,0.000000,0.107245,9.07e-05
822,7,0.032187,0.000000,0.032187,9.06e-05
823,7,0.034913,0.000000,0.034913,9.06e-05
824,7,0.082538,0.000000,0.082538,9.06e-05
825,7,0.047137,0.000000,0.047137,9.06e-05
826,7,0.040409,0.000000,0.040409,9.05e-05
827,7,0.043837,0.000000,0.043837,9.05e-05
828,7,0.075278,0.000000,0.075278,9.05e-05
829,7,0.079569,0.000000,0.079569,9.05e-05
830,7,0.038094,0.000000,0.038094,9.04e-05
831,7,0.016043,0.000000,0.016043,9.04e-05
832,7,0.040447,0.010294,0.043535,9.04e-05
833,7,0.041420,0.000000,0.041420,9.03e-05
834,7,0.075299,0.000000,0.075299,9.03e-05
835,7,0.029004,0.000000,0.029004,9.03e-05
836,7,0.014207,0.000000,0.014207,9.03e-05
837,7,0.049600,0.000000,0.049600,9.02e-05
838,7,0.039496,0.000000,0.039496,9.02e-05
839,7,0.023123,0.000000,0.023123,9.02e-05
840,7,0.033706,0.000000,0.033706,9.02e-05
841,7,0.060629,0.000000,0.060629,9.01e-05
842,7,0.063476,0.000000,0.063476,9.01e-05
843,7,0.060240,0.000000,0.060240,9.01e-05
844,7,0.086136,0.000000,0.086136,9.01e-05
845,7,0.020575,0.000000,0.020575,9.00e-05
846,7,0.006719,0.000000,0.006719,9.00e-05
847,7,0.080617,0.000000,0.080617,9.00e-05
848,7,0.074021,0.032966,0.083911,9.00e-05
849,7,0.025977,0.000000,0.025977,8.99e-05
850,7,0.052126,0.000000,0.052126,8.99e-05
851,7,0.053074,0.000000,0.053074,8.99e-05
852,7,0.027531,0.000000,0.027531,8.99e-05
853,7,0.077526,0.000000,0.077526,8.98e-05
854,7,0.048584,0.000000,0.048584,8.98e-05
855,7,0.012422,0.000000,0.012422,8.98e-05
856,7,0.064217,0.000000,0.064217,8.98e-05
857,7,0.005902,0.000000,0.005902,8.97e-05
858,7,0.071186,0.000000,0.071186,8.97e-05
859,7,0.049525,0.000000,0.049525,8.97e-05
860,7,0.065826,0.000000,0.065826,8.97e-05
861,7,0.062169,0.000000,0.062169,8.96e-05
862,7,0.009202,0.000000,0.009202,8.96e-05
863,7,0.020729,0.000000,0.020729,8.96e-05
864,7,0.006564,0.055297,0.023154,8.95e-05
865,7,0.016072,0.000000,0.016072,8.95e-05
866,7,0.048661,0.000000,0.048661,8.95e-05
867,7,0.008437,0.000000,0.008437,8.95e-05
868,7,0.035690,0.000000,0.035690,8.94e-05
869,7,0.065403,0.000000,0.065403,8.94e-05
870,7,0.028143,0.000000,0.028143,8.94e-05
871,7,0.040390,0.000000,0.040390,8.94e-05
872,7,0.013444,0.000000,0.013444,8.93e-05
873,7,0.014111,0.000000,0.014111,8.93e-05
874,7,0.033547,0.000000,0.033547,8.93e-05
875,8,0.022737,0.000000,0.022737,8.93e-05
876,8,0.067223,0.000000,0.067223,8.92e-05
877,8,0.041584,0.000000,0.041584,8.92e-05
878,8,0.049570,0.000000,0.049570,8.92e-05
879,8,0.005761,0.000000,0.005761,8.91e-05
880,8,0.047063,0.030985,0.056358,8.91e-05
881,8,0.056579,0.000000,0.056579,8.91e-05
882,8,0.063255,0.000000,0.063255,8.91e-05
883,8,0.043874,0.000000,0.043874,8.90e-05
884,8,0.051504,0.000000,0.051504,8.90e-05
885,8,0.046342,0.000000,0.046342,8.90e-05
886,8,0.049912,0.000000,0.049912,8.90e-05
887,8,0.021580,0.000000,0.021580,8.89e-05
888,8,0.069864,0.000000,0.069864,8.89e-05
889,8,0.006685,0.000000,0.006685,8.89e-05
890,8,0.018217,0.000000,0.018217,8.89e-05
891,8,0.081048,0.000000,0.081048,8.88e-05
892,8,0.047646,0.000000,0.047646,8.88e-05
893,8,0.015143,0.000000,0.015143,8.88e-05
894,8,0.004517,0.000000,0.004517,8.87e-05
895,8,0.037299,0.000000,0.037299,8.87e-05
896,8,0.059390,0.036493,0.070338,8.87e-05
897,8,0.029104,0.000000,0.029104,8.87e-05
898,8,0.088553,0.000000,0.088553,8.86e-05
899,8,0.042127,0.000000,0.042127,8.86e-05
900,8,0.048317,0.000000,0.048317,8.86e-05
901,8,0.035705,0.000000,0.035705,8.86e-05
902,8,0.024814,0.000000,0.024814,8.85e-05
903,8,0.046806,0.000000,0.046806,8.85e-05
904,8,0.048084,0.000000,0.048084,8.85e-05
905,8,0.111124,0.000000,0.111124,8.84e-05
906,8,0.042886,0.000000,0.042886,8.84e-05
907,8,0.063221,0.000000,0.063221,8.84e-05
908,8,0.102714,0.000000,0.102714,8.84e-05
909,8,0.036981,0.000000,0.036981,8.83e-05
910,8,0.021161,0.000000,0.021161,8.83e-05
911,8,0.033197,0.000000,0.033197,8.83e-05
912,8,0.098283,0.033074,0.108205,8.82e-05
913,8,0.033075,0.000000,0.033075,8.82e-05
914,8,0.045119,0.000000,0.045119,8.82e-05
915,8,0.041926,0.000000,0.041926,8.82e-05
916,8,0.050992,0.000000,0.050992,8.81e-05
917,8,0.055828,0.000000,0.055828,8.81e-05
918,8,0.059937,0.000000,0.059937,8.81e-05
919,8,0.034664,0.000000,0.034664,8.81e-05
920,8,0.035319,0.000000,0.035319,8.80e-05
921,8,0.044713,0.000000,0.044713,8.80e-05
922,8,0.051566,0.000000,0.051566,8.80e-05
923,8,0.020905,0.000000,0.020905,8.79e-05
924,8,0.015366,0.000000,0.015366,8.79e-05
925,8,0.036744,0.000000,0.036744,8.79e-05
926,8,0.025025,0.000000,0.025025,8.79e-05
927,8,0.005950,0.000000,0.005950,8.78e-05
928,8,0.044627,0.006543,0.046590,8.78e-05
929,8,0.117024,0.000000,0.117024,8.78e-05
930,8,0.016294,0.000000,0.016294,8.77e-05
931,8,0.066741,0.000000,0.066741,8.77e-05
932,8,0.043141,0.000000,0.043141,8.77e-05
933,8,0.057988,0.000000,0.057988,8.77e-05
934,8,0.035836,0.000000,0.035836,8.76e-05
935,8,0.029456,0.000000,0.029456,8.76e-05
936,8,0.111329,0.000000,0.111329,8.76e-05
937,8,0.029691,0.000000,0.029691,8.75e-05
938,8,0.035489,0.000000,0.035489,8.75e-05
939,8,0.013954,0.000000,0.013954,8.75e-05
940,8,0.050592,0.000000,0.050592,8.75e-05
941,8,0.054647,0.000000,0.054647,8.74e-05
942,8,0.068614,0.000000,0.068614,8.74e-05
943,8,0.090302,0.000000,0.090302,8.74e-05
944,8,0.030585,0.022079,0.037209,8.73e-05
945,8,0.066572,0.000000,0.066572,8.73e-05
946,8,0.063832,0.000000,0.063832,8.73e-05
947,8,0.033305,0.000000,0.033305,8.73e-05
948,8,0.040900,0.000000,0.040900,8.72e-05
949,8,0.070011,0.000000,0.070011,8.72e-05
950,8,0.011754,0.000000,0.011754,8.72e-05
951,8,0.019811,0.000000,0.019811,8.71e-05
952,8,0.050775,0.000000,0.050775,8.71e-05
953,8,0.039926,0.000000,0.039926,8.71e-05
954,8,0.045910,0.000000,0.045910,8.71e-05
955,8,0.061192,0.000000,0.061192,8.70e-05
956,8,0.073566,0.000000,0.073566,8.70e-05
957,8,0.025502,0.000000,0.025502,8.70e-05
958,8,0.040829,0.000000,0.040829,8.69e-05
959,8,0.008398,0.000000,0.008398,8.69e-05
960,8,0.028601,0.013888,0.032767,8.69e-05
961,8,0.030814,0.000000,0.030814,8.69e-05
962,8,0.142693,0.000000,0.142693,8.68e-05
963,8,0.096632,0.000000,0.096632,8.68e-05
964,8,0.053619,0.000000,0.053619,8.68e-05
965,8,0.051843,0.000000,0.051843,8.67e-05
966,8,0.042682,0.000000,0.042682,8.67e-05
967,8,0.039051,0.000000,0.039051,8.67e-05
968,8,0.090599,0.000000,0.090599,8.67e-05
969,8,0.044246,0.000000,0.044246,8.66e-05
970,8,0.057031,0.000000,0.057031,8.66e-05
971,8,0.033017,0.000000,0.033017,8.66e-05
972,8,0.017225,0.000000,0.017225,8.65e-05
973,8,0.019078,0.000000,0.019078,8.65e-05
974,8,0.050606,0.000000,0.050606,8.65e-05
975,8,0.012130,0.000000,0.012130,8.64e-05
976,8,0.033289,0.021594,0.039767,8.64e-05
977,8,0.041587,0.000000,0.041587,8.64e-05
978,8,0.110154,0.000000,0.110154,8.64e-05
979,8,0.044955,0.000000,0.044955,8.63e-05
980,8,0.038121,0.000000,0.038121,8.63e-05
981,8,0.100708,0.000000,0.100708,8.63e-05
982,8,0.034142,0.000000,0.034142,8.62e-05
983,8,0.029502,0.000000,0.029502,8.62e-05
984,8,0.063033,0.000000,0.063033,8.62e-05
985,8,0.034657,0.000000,0.034657,8.62e-05
986,8,0.023252,0.000000,0.023252,8.61e-05
987,8,0.027057,0.000000,0.027057,8.61e-05
988,8,0.047820,0.000000,0.047820,8.61e-05
989,8,0.037827,0.000000,0.037827,8.60e-05
990,8,0.035967,0.000000,0.035967,8.60e-05
991,8,0.010040,0.000000,0.010040,8.60e-05
992,8,0.036580,0.006359,0.038488,8.59e-05
993,8,0.106546,0.000000,0.106546,8.59e-05
994,8,0.074419,0.000000,0.074419,8.59e-05
995,8,0.045498,0.000000,0.045498,8.59e-05
996,8,0.081312,0.000000,0.081312,8.58e-05
997,8,0.032455,0.000000,0.032455,8.58e-05
998,8,0.042983,0.000000,0.042983,8.58e-05
999,8,0.030062,0.000000,0.030062,8.57e-05
1000,9,0.061488,0.000000,0.061488,8.57e-05
1001,9,0.115953,0.000000,0.115953,8.57e-05
1002,9,0.043935,0.000000,0.043935,8.56e-05
1003,9,0.101572,0.000000,0.101572,8.56e-05
1004,9,0.020181,0.000000,0.020181,8.56e-05
1005,9,0.059916,0.000000,0.059916,8.56e-05
1006,9,0.071325,0.000000,0.071325,8.55e-05
1007,9,0.076637,0.000000,0.076637,8.55e-05
1008,9,0.008912,0.088701,0.035522,8.55e-05
1009,9,0.014401,0.000000,0.014401,8.54e-05
1010,9,0.042093,0.000000,0.042093,8.54e-05
1011,9,0.082250,0.000000,0.082250,8.54e-05
1012,9,0.006927,0.000000,0.006927,8.53e-05
1013,9,0.037370,0.000000,0.037370,8.53e-05
1014,9,0.057947,0.000000,0.057947,8.53e-05
1015,9,0.030625,0.000000,0.030625,8.52e-05
1016,9,0.061497,0.000000,0.061497,8.52e-05
1017,9,0.061605,0.000000,0.061605,8.52e-05
1018,9,0.003754,0.000000,0.003754,8.52e-05
1019,9,0.084180,0.000000,0.084180,8.51e-05
1020,9,0.034391,0.000000,0.034391,8.51e-05
1021,9,0.118718,0.000000,0.118718,8.51e-05
1022,9,0.036414,0.000000,0.036414,8.50e-05
1023,9,0.086517,0.000000,0.086517,8.50e-05
1024,9,0.031444,0.008622,0.034031,8.50e-05
1025,9,0.073212,0.000000,0.073212,8.49e-05
1026,9,0.020252,0.000000,0.020252,8.49e-05
1027,9,0.041225,0.000000,0.041225,8.49e-05
1028,9,0.030646,0.000000,0.030646,8.48e-05
1029,9,0.027916,0.000000,0.027916,8.48e-05
1030,9,0.029186,0.000000,0.029186,8.48e-05
1031,9,0.070501,0.000000,0.070501,8.48e-05
1032,9,0.058845,0.000000,0.058845,8.47e-05
1033,9,0.021314,0.000000,0.021314,8.47e-05
1034,9,0.045968,0.000000,0.045968,8.47e-05
1035,9,0.083342,0.000000,0.083342,8.46e-05
1036,9,0.044744,0.000000,0.044744,8.46e-05
1037,9,0.056388,0.000000,0.056388,8.46e-05
1038,9,0.069019,0.000000,0.069019,8.45e-05
1039,9,0.069288,0.000000,0.069288,8.45e-05
1040,9,0.005243,0.047134,0.019383,8.45e-05
1041,9,0.004601,0.000000,0.004601,8.44e-05
1042,9,0.005231,0.000000,0.005231,8.44e-05
1043,9,0.032017,0.000000,0.032017,8.44e-05
1044,9,0.012245,0.000000,0.012245,8.44e-05
1045,9,0.044838,0.000000,0.044838,8.43e-05
1046,9,0.087460,0.000000,0.087460,8.43e-05
1047,9,0.059161,0.000000,0.059161,8.43e-05
1048,9,0.028962,0.000000,0.028962,8.42e-05
1049,9,0.032826,0.000000,0.032826,8.42e-05
1050,9,0.048840,0.000000,0.048840,8.42e-05
1051,9,0.008884,0.000000,0.008884,8.41e-05
1052,9,0.053744,0.000000,0.053744,8.41e-05
1053,9,0.055376,0.000000,0.055376,8.41e-05
1054,9,0.092368,0.000000,0.092368,8.40e-05
1055,9,0.017589,0.000000,0.017589,8.40e-05
1056,9,0.089681,0.052463,0.105420,8.40e-05
1057,9,0.040686,0.000000,0.040686,8.39e-05
1058,9,0.060963,0.000000,0.060963,8.39e-05
1059,9,0.017241,0.000000,0.017241,8.39e-05
1060,9,0.038326,0.000000,0.038326,8.38e-05
1061,9,0.008515,0.000000,0.008515,8.38e-05
1062,9,0.002738,0.000000,0.002738,8.38e-05
1063,9,0.049636,0.000000,0.049636,8.38e-05
1064,9,0.006057,0.000000,0.006057,8.37e-05
1065,9,0.016929,0.000000,0.016929,8.37e-05
1066,9,0.003374,0.000000,0.003374,8.37e-05
1067,9,0.027697,0.000000,0.027697,8.36e-05
1068,9,0.044693,0.000000,0.044693,8.36e-05
1069,9,0.007697,0.000000,0.007697,8.36e-05
1070,9,0.005283,0.000000,0.005283,8.35e-05
1071,9,0.044596,0.000000,0.044596,8.35e-05
1072,9,0.057812,0.009945,0.060796,8.35e-05
1073,9,0.009571,0.000000,0.009571,8.34e-05
1074,9,0.071586,0.000000,0.071586,8.34e-05
1075,9,0.010404,0.000000,0.010404,8.34e-05
1076,9,0.044083,0.000000,0.044083,8.33e-05
1077,9,0.033256,0.000000,0.033256,8.33e-05
1078,9,0.010083,0.000000,0.010083,8.33e-05
1079,9,0.035644,0.000000,0.035644,8.32e-05
1080,9,0.072133,0.000000,0.072133,8.32e-05
1081,9,0.103769,0.000000,0.103769,8.32e-05
1082,9,0.031403,0.000000,0.031403,8.31e-05
1083,9,0.065751,0.000000,0.065751,8.31e-05
1084,9,0.028509,0.000000,0.028509,8.31e-05
1085,9,0.042739,0.000000,0.042739,8.30e-05
1086,9,0.068790,0.000000,0.068790,8.30e-05
1087,9,0.077950,0.000000,0.077950,8.30e-05
1088,9,0.031006,0.040035,0.043017,8.30e-05
1089,9,0.005581,0.000000,0.005581,8.29e-05
1090,9,0.174760,0.000000,0.174760,8.29e-05
1091,9,0.052307,0.000000,0.052307,8.29e-05
1092,9,0.021335,0.000000,0.021335,8.28e-05
1093,9,0.053663,0.000000,0.053663,8.28e-05
1094,9,0.069595,0.000000,0.069595,8.28e-05
1095,9,0.033123,0.000000,0.033123,8.27e-05
1096,9,0.013455,0.000000,0.013455,8.27e-05
1097,9,0.023055,0.000000,0.023055,8.27e-05
1098,9,0.028852,0.000000,0.028852,8.26e-05
1099,9,0.078563,0.000000,0.078563,8.26e-05
1100,9,0.049780,0.000000,0.049780,8.26e-05
1101,9,0.060348,0.000000,0.060348,8.25e-05
1102,9,0.005538,0.000000,0.005538,8.25e-05
1103,9,0.054375,0.000000,0.054375,8.25e-05
1104,9,0.053735,0.080955,0.078021,8.24e-05
1105,9,0.015929,0.000000,0.015929,8.24e-05
1106,9,0.042850,0.000000,0.042850,8.24e-05
1107,9,0.093056,0.000000,0.093056,8.23e-05
1108,9,0.035195,0.000000,0.035195,8.23e-05
1109,9,0.004016,0.000000,0.004016,8.23e-05
1110,9,0.035545,0.000000,0.035545,8.22e-05
1111,9,0.004979,0.000000,0.004979,8.22e-05
1112,9,0.014751,0.000000,0.014751,8.22e-05
1113,9,0.070148,0.000000,0.070148,8.21e-05
1114,9,0.013977,0.000000,0.013977,8.21e-05
1115,9,0.088197,0.000000,0.088197,8.21e-05
1116,9,0.036399,0.000000,0.036399,8.20e-05
1117,9,0.022543,0.000000,0.022543,8.20e-05
1118,9,0.130844,0.000000,0.130844,8.20e-05
1119,9,0.012656,0.000000,0.012656,8.19e-05
1120,9,0.006228,0.030592,0.015406,8.19e-05
1121,9,0.049748,0.000000,0.049748,8.19e-05
1122,9,0.021703,0.000000,0.021703,8.18e-05
1123,9,0.019430,0.000000,0.019430,8.18e-05
1124,9,0.052450,0.000000,0.052450,8.18e-05
1125,10,0.058527,0.000000,0.058527,8.17e-05
1126,10,0.020370,0.000000,0.020370,8.17e-05
1127,10,0.047653,0.000000,0.047653,8.17e-05
1128,10,0.049107,0.000000,0.049107,8.16e-05
1129,10,0.017172,0.000000,0.017172,8.16e-05
1130,10,0.030841,0.000000,0.030841,8.16e-05
1131,10,0.016133,0.000000,0.016133,8.15e-05
1132,10,0.084121,0.000000,0.084121,8.15e-05
1133,10,0.041284,0.000000,0.041284,8.15e-05
1134,10,0.028755,0.000000,0.028755,8.14e-05
1135,10,0.006178,0.000000,0.006178,8.14e-05
1136,10,0.025403,0.011084,0.028728,8.14e-05
1137,10,0.053389,0.000000,0.053389,8.13e-05
1138,10,0.013259,0.000000,0.013259,8.13e-05
1139,10,0.067807,0.000000,0.067807,8.13e-05
1140,10,0.042943,0.000000,0.042943,8.12e-05
1141,10,0.120622,0.000000,0.120622,8.12e-05
1142,10,0.031400,0.000000,0.031400,8.12e-05
1143,10,0.089823,0.000000,0.089823,8.11e-05
1144,10,0.049676,0.000000,0.049676,8.11e-05
1145,10,0.013920,0.000000,0.013920,8.11e-05
1146,10,0.019466,0.000000,0.019466,8.10e-05
1147,10,0.003432,0.000000,0.003432,8.10e-05
1148,10,0.171928,0.000000,0.171928,8.10e-05
1149,10,0.077059,0.000000,0.077059,8.09e-05
1150,10,0.046873,0.000000,0.046873,8.09e-05
1151,10,0.084658,0.000000,0.084658,8.09e-05
1152,10,0.055807,0.129803,0.094748,8.08e-05
1153,10,0.025869,0.000000,0.025869,8.08e-05
1154,10,0.043057,0.000000,0.043057,8.08e-05
1155,10,0.011839,0.000000,0.011839,8.07e-05
1156,10,0.031402,0.000000,0.031402,8.07e-05
1157,10,0.072708,0.000000,0.072708,8.07e-05
1158,10,0.061162,0.000000,0.061162,8.06e-05
1159,10,0.005603,0.000000,0.005603,8.06e-05
1160,10,0.063267,0.000000,0.063267,8.06e-05
1161,10,0.081306,0.000000,0.081306,8.05e-05
1162,10,0.010627,0.000000,0.010627,8.05e-05
1163,10,0.042197,0.000000,0.042197,8.05e-05
1164,10,0.041044,0.000000,0.041044,8.04e-05
1165,10,0.043750,0.000000,0.043750,8.04e-05
1166,10,0.034835,0.000000,0.034835,8.04e-05
1167,10,0.033373,0.000000,0.033373,8.03e-05
1168,10,0.007037,0.016746,0.012061,8.03e-05
1169,10,0.072790,0.000000,0.072790,8.03e-05
1170,10,0.018386,0.000000,0.018386,8.02e-05
1171,10,0.051026,0.000000,0.051026,8.02e-05
1172,10,0.012044,0.000000,0.012044,8.01e-05
1173,10,0.102318,0.000000,0.102318,8.01e-05
1174,10,0.032678,0.000000,0.032678,8.01e-05
1175,10,0.024943,0.000000,0.024943,8.00e-05
1176,10,0.062289,0.000000,0.062289,8.00e-05
1177,10,0.092281,0.000000,0.092281,8.00e-05
1178,10,0.028984,0.000000,0.028984,7.99e-05
1179,10,0.040926,0.000000,0.040926,7.99e-05
1180,10,0.068336,0.000000,0.068336,7.99e-05
1181,10,0.031651,0.000000,0.031651,7.98e-05
1182,10,0.047632,0.000000,0.047632,7.98e-05
1183,10,0.082727,0.000000,0.082727,7.98e-05
1184,10,0.035718,0.089163,0.062467,7.97e-05
1185,10,0.112498,0.000000,0.112498,7.97e-05
1186,10,0.032589,0.000000,0.032589,7.97e-05
1187,10,0.038450,0.000000,0.038450,7.96e-05
1188,10,0.024434,0.000000,0.024434,7.96e-05
1189,10,0.049413,0.000000,0.049413,7.96e-05
1190,10,0.057322,0.000000,0.057322,7.95e-05
1191,10,0.051363,0.000000,0.051363,7.95e-05
1192,10,0.022009,0.000000,0.022009,7.95e-05
1193,10,0.066302,0.000000,0.066302,7.94e-05
1194,10,0.052970,0.000000,0.052970,7.94e-05
1195,10,0.063795,0.000000,0.063795,7.94e-05
1196,10,0.049813,0.000000,0.049813,7.93e-05
1197,10,0.036956,0.000000,0.036956,7.93e-05
1198,10,0.023668,0.000000,0.023668,7.92e-05
1199,10,0.053628,0.000000,0.053628,7.92e-05
1200,10,0.074220,0.028288,0.082706,7.92e-05
1201,10,0.073245,0.000000,0.073245,7.91e-05
1202,10,0.024736,0.000000,0.024736,7.91e-05
1203,10,0.021952,0.000000,0.021952,7.91e-05
1204,10,0.065295,0.000000,0.065295,7.90e-05
1205,10,0.027890,0.000000,0.027890,7.90e-05
1206,10,0.032093,0.000000,0.032093,7.90e-05
1207,10,0.016583,0.000000,0.016583,7.89e-05
1208,10,0.041322,0.000000,0.041322,7.89e-05
1209,10,0.012194,0.000000,0.012194,7.89e-05
1210,10,0.079687,0.000000,0.079687,7.88e-05
1211,10,0.082990,0.000000,0.082990,7.88e-05
1212,10,0.013134,0.000000,0.013134,7.88e-05
1213,10,0.044241,0.000000,0.044241,7.87e-05
1214,10,0.014768,0.000000,0.014768,7.87e-05
1215,10,0.035573,0.000000,0.035573,7.87e-05
1216,10,0.029418,0.011707,0.032930,7.86e-05
1217,10,0.060847,0.000000,0.060847,7.86e-05
1218,10,0.079869,0.000000,0.079869,7.85e-05
1219,10,0.051168,0.000000,0.051168,7.85e-05
1220,10,0.079251,0.000000,0.079251,7.85e-05
1221,10,0.036121,0.000000,0.036121,7.84e-05
1222,10,0.035023,0.000000,0.035023,7.84e-05
1223,10,0.032077,0.000000,0.032077,7.84e-05
1224,10,0.079643,0.000000,0.079643,7.83e-05
1225,10,0.045202,0.000000,0.045202,7.83e-05
1226,10,0.054996,0.000000,0.054996,7.83e-05
1227,10,0.039898,0.000000,0.039898,7.82e-05
1228,10,0.023758,0.000000,0.023758,7.82e-05
1229,10,0.034322,0.000000,0.034322,7.82e-05
1230,10,0.056509,0.000000,0.056509,7.81e-05
1231,10,0.049012,0.000000,0.049012,7.81e-05
1232,10,0.070734,0.085865,0.096493,7.81e-05
1233,10,0.038475,0.000000,0.038475,7.80e-05
1234,10,0.061717,0.000000,0.061717,7.80e-05
1235,10,0.059712,0.000000,0.059712,7.79e-05
1236,10,0.061718,0.000000,0.061718,7.79e-05
1237,10,0.015840,0.000000,0.015840,7.79e-05
1238,10,0.041105,0.000000,0.041105,7.78e-05
1239,10,0.032688,0.000000,0.032688,7.78e-05
1240,10,0.060885,0.000000,0.060885,7.78e-05
1241,10,0.068338,0.000000,0.068338,7.77e-05
1242,10,0.097226,0.000000,0.097226,7.77e-05
1243,10,0.074094,0.000000,0.074094,7.77e-05
1244,10,0.012601,0.000000,0.012601,7.76e-05
1245,10,0.025638,0.000000,0.025638,7.76e-05
1246,10,0.040685,0.000000,0.040685,7.75e-05
1247,10,0.035870,0.000000,0.035870,7.75e-05
1248,10,0.057339,0.016905,0.062410,7.75e-05
1249,10,0.112525,0.000000,0.112525,7.74e-05
1250,11,0.051081,0.000000,0.051081,7.74e-05
1251,11,0.028167,0.000000,0.028167,7.74e-05
1252,11,0.046974,0.000000,0.046974,7.73e-05
1253,11,0.028972,0.000000,0.028972,7.73e-05
1254,11,0.038117,0.000000,0.038117,7.73e-05
1255,11,0.072319,0.000000,0.072319,7.72e-05
1256,11,0.069907,0.000000,0.069907,7.72e-05
1257,11,0.012142,0.000000,0.012142,7.72e-05
1258,11,0.075087,0.000000,0.075087,7.71e-05
1259,11,0.063698,0.000000,0.063698,7.71e-05
1260,11,0.012260,0.000000,0.012260,7.70e-05
1261,11,0.062715,0.000000,0.062715,7.70e-05
1262,11,0.009877,0.000000,0.009877,7.70e-05
1263,11,0.032964,0.000000,0.032964,7.69e-05
1264,11,0.092398,0.016392,0.097316,7.69e-05
1265,11,0.060026,0.000000,0.060026,7.69e-05
1266,11,0.023093,0.000000,0.023093,7.68e-05
1267,11,0.010428,0.000000,0.010428,7.68e-05
1268,11,0.051281,0.000000,0.051281,7.68e-05
1269,11,0.052675,0.000000,0.052675,7.67e-05
1270,11,0.055433,0.000000,0.055433,7.67e-05
1271,11,0.013358,0.000000,0.013358,7.66e-05
1272,11,0.033292,0.000000,0.033292,7.66e-05
1273,11,0.013027,0.000000,0.013027,7.66e-05
1274,11,0.021649,0.000000,0.021649,7.65e-05
1275,11,0.083579,0.000000,0.083579,7.65e-05
1276,11,0.016992,0.000000,0.016992,7.65e-05
1277,11,0.011211,0.000000,0.011211,7.64e-05
1278,11,0.018309,0.000000,0.018309,7.64e-05
1279,11,0.074011,0.000000,0.074011,7.64e-05
1280,11,0.021080,0.008119,0.023515,7.63e-05
1281,11,0.043616,0.000000,0.043616,7.63e-05
1282,11,0.092200,0.000000,0.092200,7.62e-05
1283,11,0.006755,0.000000,0.006755,7.62e-05
1284,11,0.070665,0.000000,0.070665,7.62e-05
1285,11,0.017975,0.000000,0.017975,7.61e-05
1286,11,0.022112,0.000000,0.022112,7.61e-05
1287,11,0.047623,0.000000,0.047623,7.61e-05
1288,11,0.028091,0.000000,0.028091,7.60e-05
1289,11,0.065019,0.000000,0.065019,7.60e-05
1290,11,0.016103,0.000000,0.016103,7.60e-05
1291,11,0.078417,0.000000,0.078417,7.59e-05
1292,11,0.093994,0.000000,0.093994,7.59e-05
1293,11,0.036610,0.000000,0.036610,7.58e-05
1294,11,0.058063,0.000000,0.058063,7.58e-05
1295,11,0.040807,0.000000,0.040807,7.58e-05
1296,11,0.103670,0.061476,0.122112,7.57e-05
1297,11,0.022323,0.000000,0.022323,7.57e-05
1298,11,0.066740,0.000000,0.066740,7.57e-05
1299,11,0.056822,0.000000,0.056822,7.56e-05
1300,11,0.041682,0.000000,0.041682,7.56e-05
1301,11,0.020622,0.000000,0.020622,7.55e-05
1302,11,0.040687,0.000000,0.040687,7.55e-05
1303,11,0.043490,0.000000,0.043490,7.55e-05
1304,11,0.053808,0.000000,0.053808,7.54e-05
1305,11,0.035363,0.000000,0.035363,7.54e-05
1306,11,0.044112,0.000000,0.044112,7.54e-05
1307,11,0.044792,0.000000,0.044792,7.53e-05
1308,11,0.034930,0.000000,0.034930,7.53e-05
1309,11,0.010264,0.000000,0.010264,7.52e-05
1310,11,0.037863,0.000000,0.037863,7.52e-05
1311,11,0.087306,0.000000,0.087306,7.52e-05
1312,11,0.055332,0.037396,0.066551,7.51e-05
1313,11,0.086237,0.000000,0.086237,7.51e-05
1314,11,0.010634,0.000000,0.010634,7.51e-05
1315,11,0.060947,0.000000,0.060947,7.50e-05
1316,11,0.046315,0.000000,0.046315,7.50e-05
1317,11,0.031558,0.000000,0.031558,7.50e-05
1318,11,0.026868,0.000000,0.026868,7.49e-05
1319,11,0.093848,0.000000,0.093848,7.49e-05
1320,11,0.054428,0.000000,0.054428,7.48e-05
1321,11,0.068190,0.000000,0.068190,7.48e-05
1322,11,0.009316,0.000000,0.009316,7.48e-05
1323,11,0.039271,0.000000,0.039271,7.47e-05
1324,11,0.048229,0.000000,0.048229,7.47e-05
1325,11,0.044075,0.000000,0.044075,7.47e-05
1326,11,0.059799,0.000000,0.059799,7.46e-05
1327,11,0.011376,0.000000,0.011376,7.46e-05
1328,11,0.030392,0.031884,0.039958,7.45e-05
1329,11,0.014184,0.000000,0.014184,7.45e-05
1330,11,0.068319,0.000000,0.068319,7.45e-05
1331,11,0.047887,0.000000,0.047887,7.44e-05
1332,11,0.017001,0.000000,0.017001,7.44e-05
1333,11,0.032744,0.000000,0.032744,7.44e-05
1334,11,0.026222,0.000000,0.026222,7.43e-05
1335,11,0.056433,0.000000,0.056433,7.43e-05
1336,11,0.027913,0.000000,0.027913,7.42e-05
1337,11,0.066353,0.000000,0.066353,7.42e-05
1338,11,0.063182,0.000000,0.063182,7.42e-05
1339,11,0.171101,0.000000,0.171101,7.41e-05
1340,11,0.105410,0.000000,0.105410,7.41e-05
1341,11,0.080774,0.000000,0.080774,7.40e-05
1342,11,0.071935,0.000000,0.071935,7.40e-05
1343,11,0.042008,0.000000,0.042008,7.40e-05
1344,11,0.080341,0.002073,0.080963,7.39e-05
1345,11,0.065545,0.000000,0.065545,7.39e-05
1346,11,0.063736,0.000000,0.063736,7.39e-05
1347,11,0.099536,0.000000,0.099536,7.38e-05
1348,11,0.012511,0.000000,0.012511,7.38e-05
1349,11,0.044998,0.000000,0.044998,7.37e-05
1350,11,0.040099,0.000000,0.040099,7.37e-05
1351,11,0.027994,0.000000,0.027994,7.37e-05
1352,11,0.041384,0.000000,0.041384,7.36e-05
1353,11,0.077661,0.000000,0.077661,7.36e-05
1354,11,0.128337,0.000000,0.128337,7.36e-05
1355,11,0.064846,0.000000,0.064846,7.35e-05
1356,11,0.070884,0.000000,0.070884,7.35e-05
1357,11,0.033891,0.000000,0.033891,7.34e-05
1358,11,0.046847,0.000000,0.046847,7.34e-05
1359,11,0.018228,0.000000,0.018228,7.34e-05
1360,11,0.064780,0.080838,0.089032,7.33e-05
1361,11,0.025731,0.000000,0.025731,7.33e-05
1362,11,0.027564,0.000000,0.027564,7.33e-05
1363,11,0.026162,0.000000,0.026162,7.32e-05
1364,11,0.067517,0.000000,0.067517,7.32e-05
1365,11,0.006583,0.000000,0.006583,7.31e-05
1366,11,0.022914,0.000000,0.022914,7.31e-05
1367,11,0.055366,0.000000,0.055366,7.31e-05
1368,11,0.029043,0.000000,0.029043,7.30e-05
1369,11,0.042438,0.000000,0.042438,7.30e-05
1370,11,0.004291,0.000000,0.004291,7.29e-05
1371,11,0.037055,0.000000,0.037055,7.29e-05
1372,11,0.011826,0.000000,0.011826,7.29e-05
1373,11,0.023261,0.000000,0.023261,7.28e-05
1374,11,0.059839,0.000000,0.059839,7.28e-05
1375,12,0.057716,0.000000,0.057716,7.28e-05
1376,12,0.035502,0.020678,0.041705,7.27e-05
1377,12,0.033219,0.000000,0.033219,7.27e-05
1378,12,0.007671,0.000000,0.007671,7.26e-05
1379,12,0.071249,0.000000,0.071249,7.26e-05
1380,12,0.088583,0.000000,0.088583,7.26e-05
1381,12,0.048588,0.000000,0.048588,7.25e-05
1382,12,0.026777,0.000000,0.026777,7.25e-05
1383,12,0.033251,0.000000,0.033251,7.24e-05
1384,12,0.054391,0.000000,0.054391,7.24e-05
1385,12,0.022206,0.000000,0.022206,7.24e-05
1386,12,0.074516,0.000000,0.074516,7.23e-05
1387,12,0.017423,0.000000,0.017423,7.23e-05
1388,12,0.008429,0.000000,0.008429,7.23e-05
1389,12,0.004595,0.000000,0.004595,7.22e-05
1390,12,0.026961,0.000000,0.026961,7.22e-05
1391,12,0.007184,0.000000,0.007184,7.21e-05
1392,12,0.034955,0.090112,0.061988,7.21e-05
1393,12,0.054448,0.000000,0.054448,7.21e-05
1394,12,0.039207,0.000000,0.039207,7.20e-05
1395,12,0.022349,0.000000,0.022349,7.20e-05
1396,12,0.110358,0.000000,0.110358,7.19e-05
1397,12,0.012073,0.000000,0.012073,7.19e-05
1398,12,0.048670,0.000000,0.048670,7.19e-05
1399,12,0.075270,0.000000,0.075270,7.18e-05
1400,12,0.087406,0.000000,0.087406,7.18e-05
1401,12,0.035622,0.000000,0.035622,7.18e-05
1402,12,0.057960,0.000000,0.057960,7.17e-05
1403,12,0.100347,0.000000,0.100347,7.17e-05
1404,12,0.078927,0.000000,0.078927,7.16e-05
1405,12,0.064417,0.000000,0.064417,7.16e-05
1406,12,0.031917,0.000000,0.031917,7.16e-05
1407,12,0.006651,0.000000,0.006651,7.15e-05
1408,12,0.028506,0.013747,0.032630,7.15e-05
1409,12,0.068986,0.000000,0.068986,7.14e-05
1410,12,0.008824,0.000000,0.008824,7.14e-05
1411,12,0.029560,0.000000,0.029560,7.14e-05
1412,12,0.027939,0.000000,0.027939,7.13e-05
1413,12,0.037605,0.000000,0.037605,7.13e-05
1414,12,0.037848,0.000000,0.037848,7.13e-05
1415,12,0.008474,0.000000,0.008474,7.12e-05
1416,12,0.054508,0.000000,0.054508,7.12e-05
1417,12,0.045859,0.000000,0.045859,7.11e-05
1418,12,0.029240,0.000000,0.029240,7.11e-05
1419,12,0.005217,0.000000,0.005217,7.11e-05
1420,12,0.076473,0.000000,0.076473,7.10e-05
1421,12,0.029873,0.000000,0.029873,7.10e-05
1422,12,0.030888,0.000000,0.030888,7.09e-05
1423,12,0.037507,0.000000,0.037507,7.09e-05
1424,12,0.049861,0.019177,0.055614,7.09e-05
1425,12,0.089577,0.000000,0.089577,7.08e-05
1426,12,0.035871,0.000000,0.035871,7.08e-05
1427,12,0.006419,0.000000,0.006419,7.07e-05
1428,12,0.023528,0.000000,0.023528,7.07e-05
1429,12,0.064252,0.000000,0.064252,7.07e-05
1430,12,0.060123,0.000000,0.060123,7.06e-05
1431,12,0.052288,0.000000,0.052288,7.06e-05
1432,12,0.016238,0.000000,0.016238,7.05e-05
1433,12,0.063804,0.000000,0.063804,7.05e-05
1434,12,0.025583,0.000000,0.025583,7.05e-05
1435,12,0.056854,0.000000,0.056854,7.04e-05
1436,12,0.043219,0.000000,0.043219,7.04e-05
1437,12,0.019623,0.000000,0.019623,7.03e-05
1438,12,0.092712,0.000000,0.092712,7.03e-05
1439,12,0.045384,0.000000,0.045384,7.03e-05
1440,12,0.004352,0.007094,0.006481,7.02e-05
1441,12,0.017605,0.000000,0.017605,7.02e-05
1442,12,0.015710,0.000000,0.015710,7.02e-05
1443,12,0.033283,0.000000,0.033283,7.01e-05
1444,12,0.053193,0.000000,0.053193,7.01e-05
1445,12,0.017122,0.000000,0.017122,7.00e-05
1446,12,0.064108,0.000000,0.064108,7.00e-05
1447,12,0.020493,0.000000,0.020493,7.00e-05
1448,12,0.030732,0.000000,0.030732,6.99e-05
1449,12,0.008879,0.000000,0.008879,6.99e-05
1450,12,0.058863,0.000000,0.058863,6.98e-05
1451,12,0.051079,0.000000,0.051079,6.98e-05
1452,12,0.035030,0.000000,0.035030,6.98e-05
1453,12,0.035313,0.000000,0.035313,6.97e-05
1454,12,0.061461,0.000000,0.061461,6.97e-05
1455,12,0.065951,0.000000,0.065951,6.96e-05
1456,12,0.033974,0.020368,0.040084,6.96e-05
1457,12,0.024525,0.000000,0.024525,6.96e-05
1458,12,0.094837,0.000000,0.094837,6.95e-05
1459,12,0.011520,0.000000,0.011520,6.95e-05
1460,12,0.035551,0.000000,0.035551,6.94e-05
1461,12,0.030355,0.000000,0.030355,6.94e-05
1462,12,0.048332,0.000000,0.048332,6.94e-05
1463,12,0.022787,0.000000,0.022787,6.93e-05
1464,12,0.042201,0.000000,0.042201,6.93e-05
1465,12,0.047832,0.000000,0.047832,6.92e-05
1466,12,0.027492,0.000000,0.027492,6.92e-05
1467,12,0.019375,0.000000,0.019375,6.92e-05
1468,12,0.067181,0.000000,0.067181,6.91e-05
1469,12,0.061027,0.000000,0.061027,6.91e-05
1470,12,0.056798,0.000000,0.056798,6.90e-05
1471,12,0.096335,0.000000,0.096335,6.90e-05
1472,12,0.090320,0.006105,0.092151,6.90e-05
1473,12,0.018206,0.000000,0.018206,6.89e-05
1474,12,0.017340,0.000000,0.017340,6.89e-05
1475,12,0.005772,0.000000,0.005772,6.88e-05
1476,12,0.048584,0.000000,0.048584,6.88e-05
1477,12,0.048444,0.000000,0.048444,6.88e-05
1478,12,0.034952,0.000000,0.034952,6.87e-05
1479,12,0.035999,0.000000,0.035999,6.87e-05
1480,12,0.037249,0.000000,0.037249,6.86e-05
1481,12,0.036912,0.000000,0.036912,6.86e-05
1482,12,0.023955,0.000000,0.023955,6.86e-05
1483,12,0.080192,0.000000,0.080192,6.85e-05
1484,12,0.037716,0.000000,0.037716,6.85e-05
1485,12,0.030153,0.000000,0.030153,6.84e-05
1486,12,0.004478,0.000000,0.004478,6.84e-05
1487,12,0.002935,0.000000,0.002935,6.84e-05
1488,12,0.065735,0.026148,0.073579,6.83e-05
1489,12,0.021659,0.000000,0.021659,6.83e-05
1490,12,0.038426,0.000000,0.038426,6.82e-05
1491,12,0.023180,0.000000,0.023180,6.82e-05
1492,12,0.033491,0.000000,0.033491,6.82e-05
1493,12,0.097410,0.000000,0.097410,6.81e-05
1494,12,0.050051,0.000000,0.050051,6.81e-05
1495,12,0.029666,0.000000,0.029666,6.80e-05
1496,12,0.027798,0.000000,0.027798,6.80e-05
1497,12,0.051863,0.000000,0.051863,6.80e-05
1498,12,0.066686,0.000000,0.066686,6.79e-05
1499,12,0.069378,0.000000,0.069378,6.79e-05
1500,13,0.020489,0.000000,0.020489,6.78e-05
1501,13,0.028360,0.000000,0.028360,6.78e-05
1502,13,0.030721,0.000000,0.030721,6.78e-05
1503,13,0.019010,0.000000,0.019010,6.77e-05
1504,13,0.041206,0.006959,0.043294,6.77e-05
1505,13,0.042967,0.000000,0.042967,6.76e-05
1506,13,0.044411,0.000000,0.044411,6.76e-05
1507,13,0.062088,0.000000,0.062088,6.76e-05
1508,13,0.060595,0.000000,0.060595,6.75e-05
1509,13,0.066259,0.000000,0.066259,6.75e-05
1510,13,0.021267,0.000000,0.021267,6.74e-05
1511,13,0.029778,0.000000,0.029778,6.74e-05
1512,13,0.033651,0.000000,0.033651,6.74e-05
1513,13,0.098715,0.000000,0.098715,6.73e-05
1514,13,0.061156,0.000000,0.061156,6.73e-05
1515,13,0.021900,0.000000,0.021900,6.72e-05
1516,13,0.072599,0.000000,0.072599,6.72e-05
1517,13,0.035688,0.000000,0.035688,6.72e-05
1518,13,0.060518,0.000000,0.060518,6.71e-05
1519,13,0.053129,0.000000,0.053129,6.71e-05
1520,13,0.024554,0.026754,0.032580,6.70e-05
1521,13,0.031631,0.000000,0.031631,6.70e-05
1522,13,0.008583,0.000000,0.008583,6.70e-05
1523,13,0.035579,0.000000,0.035579,6.69e-05
1524,13,0.029391,0.000000,0.029391,6.69e-05
1525,13,0.044645,0.000000,0.044645,6.68e-05
1526,13,0.064850,0.000000,0.064850,6.68e-05
1527,13,0.020776,0.000000,0.020776,6.68e-05
1528,13,0.015049,0.000000,0.015049,6.67e-05
1529,13,0.061616,0.000000,0.061616,6.67e-05
1530,13,0.048671,0.000000,0.048671,6.66e-05
1531,13,0.019835,0.000000,0.019835,6.66e-05
1532,13,0.043806,0.000000,0.043806,6.66e-05
1533,13,0.088979,0.000000,0.088979,6.65e-05
1534,13,0.086782,0.000000,0.086782,6.65e-05
1535,13,0.065261,0.000000,0.065261,6.64e-05
1536,13,0.048718,0.039151,0.060463,6.64e-05
1537,13,0.056218,0.000000,0.056218,6.63e-05
1538,13,0.043194,0.000000,0.043194,6.63e-05
1539,13,0.023116,0.000000,0.023116,6.63e-05
1540,13,0.065849,0.000000,0.065849,6.62e-05
1541,13,0.057230,0.000000,0.057230,6.62e-05
1542,13,0.002483,0.000000,0.002483,6.61e-05
1543,13,0.090623,0.000000,0.090623,6.61e-05
1544,13,0.011395,0.000000,0.011395,6.61e-05
1545,13,0.090057,0.000000,0.090057,6.60e-05
1546,13,0.024106,0.000000,0.024106,6.60e-05
1547,13,0.037682,0.000000,0.037682,6.59e-05
1548,13,0.058336,0.000000,0.058336,6.59e-05
1549,13,0.037132,0.000000,0.037132,6.59e-05
1550,13,0.078184,0.000000,0.078184,6.58e-05
1551,13,0.032968,0.000000,0.032968,6.58e-05
1552,13,0.010392,0.018181,0.015846,6.57e-05
1553,13,0.044485,0.000000,0.044485,6.57e-05
1554,13,0.066373,0.000000,0.066373,6.57e-05
1555,13,0.035146,0.000000,0.035146,6.56e-05
1556,13,0.002703,0.000000,0.002703,6.56e-05
1557,13,0.027354,0.000000,0.027354,6.55e-05
1558,13,0.108349,0.000000,0.108349,6.55e-05
1559,13,0.014006,0.000000,0.014006,6.55e-05
1560,13,0.022043,0.000000,0.022043,6.54e-05
1561,13,0.046329,0.000000,0.046329,6.54e-05
1562,13,0.055116,0.000000,0.055116,6.53e-05
1563,13,0.022072,0.000000,0.022072,6.53e-05
1564,13,0.040133,0.000000,0.040133,6.52e-05
1565,13,0.052127,0.000000,0.052127,6.52e-05
1566,13,0.069970,0.000000,0.069970,6.52e-05
1567,13,0.030668,0.000000,0.030668,6.51e-05
1568,13,0.054908,0.070531,0.076067,6.51e-05
1569,13,0.042110,0.000000,0.042110,6.50e-05
1570,13,0.060298,0.000000,0.060298,6.50e-05
1571,13,0.070457,0.000000,0.070457,6.50e-05
1572,13,0.059119,0.000000,0.059119,6.49e-05
1573,13,0.029827,0.000000,0.029827,6.49e-05
1574,13,0.042792,0.000000,0.042792,6.48e-05
1575,13,0.011592,0.000000,0.011592,6.48e-05
1576,13,0.027405,0.000000,0.027405,6.48e-05
1577,13,0.072643,0.000000,0.072643,6.47e-05
1578,13,0.086044,0.000000,0.086044,6.47e-05
1579,13,0.025761,0.000000,0.025761,6.46e-05
1580,13,0.061291,0.000000,0.061291,6.46e-05
1581,13,0.050410,0.000000,0.050410,6.45e-05
1582,13,0.057193,0.000000,0.057193,6.45e-05
1583,13,0.067565,0.000000,0.067565,6.45e-05
1584,13,0.070635,0.004710,0.072048,6.44e-05
1585,13,0.038101,0.000000,0.038101,6.44e-05
1586,13,0.050311,0.000000,0.050311,6.43e-05
1587,13,0.084297,0.000000,0.084297,6.43e-05
1588,13,0.048023,0.000000,0.048023,6.43e-05
1589,13,0.056385,0.000000,0.056385,6.42e-05
1590,13,0.035985,0.000000,0.035985,6.42e-05
1591,13,0.039146,0.000000,0.039146,6.41e-05
1592,13,0.025912,0.000000,0.025912,6.41e-05
1593,13,0.021049,0.000000,0.021049,6.41e-05
1594,13,0.005446,0.000000,0.005446,6.40e-05
1595,13,0.086247,0.000000,0.086247,6.40e-05
1596,13,0.024309,0.000000,0.024309,6.39e-05
1597,13,0.053867,0.000000,0.053867,6.39e-05
1598,13,0.060687,0.000000,0.060687,6.38e-05
1599,13,0.019942,0.000000,0.019942,6.38e-05
1600,13,0.045765,0.020893,0.052033,6.38e-05
1601,13,0.038196,0.000000,0.038196,6.37e-05
1602,13,0.021986,0.000000,0.021986,6.37e-05
1603,13,0.033997,0.000000,0.033997,6.36e-05
1604,13,0.036724,0.000000,0.036724,6.36e-05
1605,13,0.017527,0.000000,0.017527,6.36e-05
1606,13,0.058129,0.000000,0.058129,6.35e-05
1607,13,0.006086,0.000000,0.006086,6.35e-05
1608,13,0.033515,0.000000,0.033515,6.34e-05
1609,13,0.087033,0.000000,0.087033,6.34e-05
1610,13,0.057177,0.000000,0.057177,6.33e-05
1611,13,0.024622,0.000000,0.024622,6.33e-05
1612,13,0.031272,0.000000,0.031272,6.33e-05
1613,13,0.050130,0.000000,0.050130,6.32e-05
1614,13,0.013949,0.000000,0.013949,6.32e-05
1615,13,0.033080,0.000000,0.033080,6.31e-05
1616,13,0.060595,0.014468,0.064935,6.31e-05
1617,13,0.138996,0.000000,0.138996,6.31e-05
1618,13,0.026710,0.000000,0.026710,6.30e-05
1619,13,0.024757,0.000000,0.024757,6.30e-05
1620,13,0.044110,0.000000,0.044110,6.29e-05
1621,13,0.058106,0.000000,0.058106,6.29e-05
1622,13,0.040366,0.000000,0.040366,6.29e-05
1623,13,0.059508,0.000000,0.059508,6.28e-05
1624,13,0.085858,0.000000,0.085858,6.28e-05
1625,14,0.006899,0.000000,0.006899,6.27e-05
1626,14,0.093907,0.000000,0.093907,6.27e-05
1627,14,0.020628,0.000000,0.020628,6.26e-05
1628,14,0.082368,0.000000,0.082368,6.26e-05
1629,14,0.018433,0.000000,0.018433,6.26e-05
1630,14,0.032417,0.000000,0.032417,6.25e-05
1631,14,0.090243,0.000000,0.090243,6.25e-05
1632,14,0.036900,0.047159,0.051047,6.24e-05
1633,14,0.029499,0.000000,0.029499,6.24e-05
1634,14,0.048532,0.000000,0.048532,6.24e-05
1635,14,0.027411,0.000000,0.027411,6.23e-05
1636,14,0.043640,0.000000,0.043640,6.23e-05
1637,14,0.046251,0.000000,0.046251,6.22e-05
1638,14,0.059696,0.000000,0.059696,6.22e-05
1639,14,0.033284,0.000000,0.033284,6.21e-05
1640,14,0.049581,0.000000,0.049581,6.21e-05
1641,14,0.018434,0.000000,0.018434,6.21e-05
1642,14,0.026867,0.000000,0.026867,6.20e-05
1643,14,0.108674,0.000000,0.108674,6.20e-05
1644,14,0.076668,0.000000,0.076668,6.19e-05
1645,14,0.053719,0.000000,0.053719,6.19e-05
1646,14,0.084013,0.000000,0.084013,6.19e-05
1647,14,0.095477,0.000000,0.095477,6.18e-05
1648,14,0.019335,0.005548,0.020999,6.18e-05
1649,14,0.020304,0.000000,0.020304,6.17e-05
1650,14,0.055085,0.000000,0.055085,6.17e-05
1651,14,0.035582,0.000000,0.035582,6.16e-05
1652,14,0.023850,0.000000,0.023850,6.16e-05
1653,14,0.042190,0.000000,0.042190,6.16e-05
1654,14,0.003991,0.000000,0.003991,6.15e-05
1655,14,0.073417,0.000000,0.073417,6.15e-05
1656,14,0.057306,0.000000,0.057306,6.14e-05
1657,14,0.084636,0.000000,0.084636,6.14e-05
1658,14,0.054441,0.000000,0.054441,6.13e-05
1659,14,0.026784,0.000000,0.026784,6.13e-05
1660,14,0.025927,0.000000,0.025927,6.13e-05
1661,14,0.007455,0.000000,0.007455,6.12e-05
1662,14,0.060385,0.000000,0.060385,6.12e-05
1663,14,0.086824,0.000000,0.086824,6.11e-05
1664,14,0.065368,0.032343,0.075071,6.11e-05
1665,14,0.060479,0.000000,0.060479,6.11e-05
1666,14,0.047331,0.000000,0.047331,6.10e-05
1667,14,0.107965,0.000000,0.107965,6.10e-05
1668,14,0.042661,0.000000,0.042661,6.09e-05
1669,14,0.064732,0.000000,0.064732,6.09e-05
1670,14,0.046059,0.000000,0.046059,6.08e-05
1671,14,0.071922,0.000000,0.071922,6.08e-05
1672,14,0.040823,0.000000,0.040823,6.08e-05
1673,14,0.039074,0.000000,0.039074,6.07e-05
1674,14,0.044348,0.000000,0.044348,6.07e-05
1675,14,0.070223,0.000000,0.070223,6.06e-05
1676,14,0.048543,0.000000,0.048543,6.06e-05
1677,14,0.052182,0.000000,0.052182,6.05e-05
1678,14,0.077879,0.000000,0.077879,6.05e-05
1679,14,0.034514,0.000000,0.034514,6.05e-05
1680,14,0.117705,0.005360,0.119313,6.04e-05
1681,14,0.037442,0.000000,0.037442,6.04e-05
1682,14,0.029257,0.000000,0.029257,6.03e-05
1683,14,0.004610,0.000000,0.004610,6.03e-05
1684,14,0.114713,0.000000,0.114713,6.03e-05
1685,14,0.032300,0.000000,0.032300,6.02e-05
1686,14,0.050012,0.000000,0.050012,6.02e-05
1687,14,0.042978,0.000000,0.042978,6.01e-05
1688,14,0.055920,0.000000,0.055920,6.01e-05
1689,14,0.050103,0.000000,0.050103,6.00e-05
1690,14,0.043131,0.000000,0.043131,6.00e-05
1691,14,0.104184,0.000000,0.104184,6.00e-05
1692,14,0.067869,0.000000,0.067869,5.99e-05
1693,14,0.033945,0.000000,0.033945,5.99e-05
1694,14,0.093137,0.000000,0.093137,5.98e-05
1695,14,0.016655,0.000000,0.016655,5.98e-05
1696,14,0.039790,0.049333,0.054590,5.97e-05
1697,14,0.023627,0.000000,0.023627,5.97e-05
1698,14,0.058999,0.000000,0.058999,5.97e-05
1699,14,0.084956,0.000000,0.084956,5.96e-05
1700,14,0.068833,0.000000,0.068833,5.96e-05
1701,14,0.081765,0.000000,0.081765,5.95e-05
1702,14,0.025654,0.000000,0.025654,5.95e-05
1703,14,0.054300,0.000000,0.054300,5.95e-05
1704,14,0.046264,0.000000,0.046264,5.94e-05
1705,14,0.022815,0.000000,0.022815,5.94e-05
1706,14,0.040911,0.000000,0.040911,5.93e-05
1707,14,0.116457,0.000000,0.116457,5.93e-05
1708,14,0.047742,0.000000,0.047742,5.92e-05
1709,14,0.020711,0.000000,0.020711,5.92e-05
1710,14,0.017925,0.000000,0.017925,5.92e-05
1711,14,0.010139,0.000000,0.010139,5.91e-05
1712,14,0.031757,0.002673,0.032559,5.91e-05
1713,14,0.055258,0.000000,0.055258,5.90e-05
1714,14,0.042150,0.000000,0.042150,5.90e-05
1715,14,0.030661,0.000000,0.030661,5.89e-05
1716,14,0.025626,0.000000,0.025626,5.89e-05
1717,14,0.059396,0.000000,0.059396,5.89e-05
1718,14,0.033904,0.000000,0.033904,5.88e-05
1719,14,0.043112,0.000000,0.043112,5.88e-05
1720,14,0.041901,0.000000,0.041901,5.87e-05
1721,14,0.004816,0.000000,0.004816,5.87e-05
1722,14,0.041589,0.000000,0.041589,5.86e-05
1723,14,0.010697,0.000000,0.010697,5.86e-05
1724,14,0.036252,0.000000,0.036252,5.86e-05
1725,14,0.029820,0.000000,0.029820,5.85e-05
1726,14,0.057618,0.000000,0.057618,5.85e-05
1727,14,0.034837,0.000000,0.034837,5.84e-05
1728,14,0.045137,0.031366,0.054546,5.84e-05
1729,14,0.102329,0.000000,0.102329,5.84e-05
1730,14,0.059588,0.000000,0.059588,5.83e-05
1731,14,0.053919,0.000000,0.053919,5.83e-05
1732,14,0.045715,0.000000,0.045715,5.82e-05
1733,14,0.034865,0.000000,0.034865,5.82e-05
1734,14,0.126163,0.000000,0.126163,5.81e-05
1735,14,0.026493,0.000000,0.026493,5.81e-05
1736,14,0.013518,0.000000,0.013518,5.81e-05
1737,14,0.098391,0.000000,0.098391,5.80e-05
1738,14,0.049617,0.000000,0.049617,5.80e-05
1739,14,0.043881,0.000000,0.043881,5.79e-05
1740,14,0.034185,0.000000,0.034185,5.79e-05
1741,14,0.066325,0.000000,0.066325,5.78e-05
1742,14,0.103989,0.000000,0.103989,5.78e-05
1743,14,0.028234,0.000000,0.028234,5.78e-05
1744,14,0.008053,0.016744,0.013076,5.77e-05
1745,14,0.058535,0.000000,0.058535,5.77e-05
1746,14,0.059579,0.000000,0.059579,5.76e-05
1747,14,0.028792,0.000000,0.028792,5.76e-05
1748,14,0.017818,0.000000,0.017818,5.75e-05
1749,14,0.026174,0.000000,0.026174,5.75e-05
1750,15,0.061740,0.000000,0.061740,5.75e-05
1751,15,0.004852,0.000000,0.004852,5.74e-05
1752,15,0.025381,0.000000,0.025381,5.74e-05
1753,15,0.034862,0.000000,0.034862,5.73e-05
1754,15,0.187386,0.000000,0.187386,5.73e-05
1755,15,0.052174,0.000000,0.052174,5.72e-05
1756,15,0.020316,0.000000,0.020316,5.72e-05
1757,15,0.072080,0.000000,0.072080,5.72e-05
1758,15,0.024158,0.000000,0.024158,5.71e-05
1759,15,0.049299,0.000000,0.049299,5.71e-05
1760,15,0.014757,0.011436,0.018188,5.70e-05
1761,15,0.075138,0.000000,0.075138,5.70e-05
1762,15,0.054749,0.000000,0.054749,5.69e-05
1763,15,0.056456,0.000000,0.056456,5.69e-05
1764,15,0.045985,0.000000,0.045985,5.69e-05
1765,15,0.110496,0.000000,0.110496,5.68e-05
1766,15,0.080336,0.000000,0.080336,5.68e-05
1767,15,0.092042,0.000000,0.092042,5.67e-05
1768,15,0.034644,0.000000,0.034644,5.67e-05
1769,15,0.029253,0.000000,0.029253,5.67e-05
1770,15,0.019330,0.000000,0.019330,5.66e-05
1771,15,0.036261,0.000000,0.036261,5.66e-05
1772,15,0.124317,0.000000,0.124317,5.65e-05
1773,15,0.033498,0.000000,0.033498,5.65e-05
1774,15,0.046510,0.000000,0.046510,5.64e-05
1775,15,0.067389,0.000000,0.067389,5.64e-05
1776,15,0.009576,0.013579,0.013650,5.64e-05
1777,15,0.035563,0.000000,0.035563,5.63e-05
1778,15,0.110292,0.000000,0.110292,5.63e-05
1779,15,0.039790,0.000000,0.039790,5.62e-05
1780,15,0.023517,0.000000,0.023517,5.62e-05
1781,15,0.010005,0.000000,0.010005,5.61e-05
1782,15,0.051341,0.000000,0.051341,5.61e-05
1783,15,0.044968,0.000000,0.044968,5.61e-05
1784,15,0.063646,0.000000,0.063646,5.60e-05
1785,15,0.052334,0.000000,0.052334,5.60e-05
1786,15,0.057878,0.000000,0.057878,5.59e-05
1787,15,0.025656,0.000000,0.025656,5.59e-05
1788,15,0.021299,0.000000,0.021299,5.58e-05
1789,15,0.023814,0.000000,0.023814,5.58e-05
1790,15,0.080033,0.000000,0.080033,5.58e-05
1791,15,0.053392,0.000000,0.053392,5.57e-05
1792,15,0.029311,0.017366,0.034521,5.57e-05
1793,15,0.066153,0.000000,0.066153,5.56e-05
1794,15,0.059279,0.000000,0.059279,5.56e-05
1795,15,0.045242,0.000000,0.045242,5.55e-05
1796,15,0.053178,0.000000,0.053178,5.55e-05
1797,15,0.025009,0.000000,0.025009,5.55e-05
1798,15,0.012601,0.000000,0.012601,5.54e-05
1799,15,0.019871,0.000000,0.019871,5.54e-05
1800,15,0.079980,0.000000,0.079980,5.53e-05
1801,15,0.031108,0.000000,0.031108,5.53e-05
1802,15,0.014814,0.000000,0.014814,5.52e-05
1803,15,0.038034,0.000000,0.038034,5.52e-05
1804,15,0.032212,0.000000,0.032212,5.52e-05
1805,15,0.066342,0.000000,0.066342,5.51e-05
1806,15,0.051423,0.000000,0.051423,5.51e-05
1807,15,0.056800,0.000000,0.056800,5.50e-05
1808,15,0.017815,0.097736,0.047135,5.50e-05
1809,15,0.002660,0.000000,0.002660,5.49e-05
1810,15,0.051082,0.000000,0.051082,5.49e-05
1811,15,0.036734,0.000000,0.036734,5.49e-05
1812,15,0.015297,0.000000,0.015297,5.48e-05
1813,15,0.028703,0.000000,0.028703,5.48e-05
1814,15,0.085527,0.000000,0.085527,5.47e-05
1815,15,0.028777,0.000000,0.028777,5.47e-05
1816,15,0.072060,0.000000,0.072060,5.46e-05
1817,15,0.032569,0.000000,0.032569,5.46e-05
1818,15,0.013926,0.000000,0.013926,5.46e-05
1819,15,0.030404,0.000000,0.030404,5.45e-05
1820,15,0.031609,0.000000,0.031609,5.45e-05
1821,15,0.021088,0.000000,0.021088,5.44e-05
1822,15,0.023423,0.000000,0.023423,5.44e-05
1823,15,0.033835,0.000000,0.033835,5.43e-05
1824,15,0.017005,0.015755,0.021732,5.43e-05
1825,15,0.088509,0.000000,0.088509,5.43e-05
1826,15,0.013264,0.000000,0.013264,5.42e-05
1827,15,0.071866,0.000000,0.071866,5.42e-05
1828,15,0.022302,0.000000,0.022302,5.41e-05
1829,15,0.071580,0.000000,0.071580,5.41e-05
1830,15,0.013522,0.000000,0.013522,5.40e-05
1831,15,0.032046,0.000000,0.032046,5.40e-05
1832,15,0.097701,0.000000,0.097701,5.40e-05
1833,15,0.026982,0.000000,0.026982,5.39e-05
1834,15,0.078658,0.000000,0.078658,5.39e-05
1835,15,0.047245,0.000000,0.047245,5.38e-05
1836,15,0.049465,0.000000,0.049465,5.38e-05
1837,15,0.048531,0.000000,0.048531,5.37e-05
1838,15,0.068742,0.000000,0.068742,5.37e-05
1839,15,0.121086,0.000000,0.121086,5.37e-05
1840,15,0.045758,0.042631,0.058547,5.36e-05
1841,15,0.067881,0.000000,0.067881,5.36e-05
1842,15,0.040237,0.000000,0.040237,5.35e-05
1843,15,0.061031,0.000000,0.061031,5.35e-05
1844,15,0.027276,0.000000,0.027276,5.34e-05
1845,15,0.122383,0.000000,0.122383,5.34e-05
1846,15,0.017852,0.000000,0.017852,5.34e-05
1847,15,0.032822,0.000000,0.032822,5.33e-05
1848,15,0.074291,0.000000,0.074291,5.33e-05
1849,15,0.014989,0.000000,0.014989,5.32e-05
1850,15,0.002256,0.000000,0.002256,5.32e-05
1851,15,0.036972,0.000000,0.036972,5.31e-05
1852,15,0.050101,0.000000,0.050101,5.31e-05
1853,15,0.057657,0.000000,0.057657,5.31e-05
1854,15,0.076123,0.000000,0.076123,5.30e-05
1855,15,0.074423,0.000000,0.074423,5.30e-05
1856,15,0.025391,0.041732,0.037910,5.29e-05
1857,15,0.050824,0.000000,0.050824,5.29e-05
1858,15,0.120252,0.000000,0.120252,5.28e-05
1859,15,0.056677,0.000000,0.056677,5.28e-05
1860,15,0.046585,0.000000,0.046585,5.28e-05
1861,15,0.045502,0.000000,0.045502,5.27e-05
1862,15,0.039925,0.000000,0.039925,5.27e-05
1863,15,0.042435,0.000000,0.042435,5.26e-05
1864,15,0.032404,0.000000,0.032404,5.26e-05
1865,15,0.009754,0.000000,0.009754,5.25e-05
1866,15,0.016992,0.000000,0.016992,5.25e-05
1867,15,0.053710,0.000000,0.053710,5.25e-05
1868,15,0.018866,0.000000,0.018866,5.24e-05
1869,15,0.007300,0.000000,0.007300,5.24e-05
1870,15,0.034899,0.000000,0.034899,5.23e-05
1871,15,0.009245,0.000000,0.009245,5.23e-05
1872,15,0.059001,0.002419,0.059726,5.22e-05
1873,15,0.037328,0.000000,0.037328,5.22e-05
1874,15,0.020413,0.000000,0.020413,5.22e-05
1875,16,0.087919,0.000000,0.087919,5.21e-05
1876,16,0.020158,0.000000,0.020158,5.21e-05
1877,16,0.039928,0.000000,0.039928,5.20e-05
1878,16,0.048661,0.000000,0.048661,5.20e-05
1879,16,0.061932,0.000000,0.061932,5.19e-05
1880,16,0.036979,0.000000,0.036979,5.19e-05
1881,16,0.029776,0.000000,0.029776,5.19e-05
1882,16,0.043772,0.000000,0.043772,5.18e-05
1883,16,0.024087,0.000000,0.024087,5.18e-05
1884,16,0.008146,0.000000,0.008146,5.17e-05
1885,16,0.030640,0.000000,0.030640,5.17e-05
1886,16,0.045889,0.000000,0.045889,5.16e-05
1887,16,0.068747,0.000000,0.068747,5.16e-05
1888,16,0.022630,0.003970,0.023822,5.15e-05
1889,16,0.020753,0.000000,0.020753,5.15e-05
1890,16,0.066840,0.000000,0.066840,5.15e-05
1891,16,0.017530,0.000000,0.017530,5.14e-05
1892,16,0.043872,0.000000,0.043872,5.14e-05
1893,16,0.053152,0.000000,0.053152,5.13e-05
1894,16,0.027759,0.000000,0.027759,5.13e-05
1895,16,0.068029,0.000000,0.068029,5.12e-05
1896,16,0.045600,0.000000,0.045600,5.12e-05
1897,16,0.052991,0.000000,0.052991,5.12e-05
1898,16,0.094960,0.000000,0.094960,5.11e-05
1899,16,0.033624,0.000000,0.033624,5.11e-05
1900,16,0.032305,0.000000,0.032305,5.10e-05
1901,16,0.029046,0.000000,0.029046,5.10e-05
1902,16,0.066343,0.000000,0.066343,5.09e-05
1903,16,0.026485,0.000000,0.026485,5.09e-05
1904,16,0.033595,0.013044,0.037508,5.09e-05
1905,16,0.030317,0.000000,0.030317,5.08e-05
1906,16,0.055705,0.000000,0.055705,5.08e-05
1907,16,0.025060,0.000000,0.025060,5.07e-05
1908,16,0.024576,0.000000,0.024576,5.07e-05
1909,16,0.018960,0.000000,0.018960,5.06e-05
1910,16,0.041999,0.000000,0.041999,5.06e-05
1911,16,0.030182,0.000000,0.030182,5.06e-05
1912,16,0.062463,0.000000,0.062463,5.05e-05
1913,16,0.006596,0.000000,0.006596,5.05e-05
1914,16,0.062003,0.000000,0.062003,5.04e-05
1915,16,0.068074,0.000000,0.068074,5.04e-05
1916,16,0.019408,0.000000,0.019408,5.03e-05
1917,16,0.023818,0.000000,0.023818,5.03e-05
1918,16,0.199559,0.000000,0.199559,5.03e-05
1919,16,0.050603,0.000000,0.050603,5.02e-05
1920,16,0.023139,0.056968,0.040229,5.02e-05
1921,16,0.042549,0.000000,0.042549,5.01e-05
1922,16,0.044184,0.000000,0.044184,5.01e-05
1923,16,0.079190,0.000000,0.079190,5.00e-05
1924,16,0.052805,0.000000,0.052805,5.00e-05
1925,16,0.108839,0.000000,0.108839,5.00e-05
1926,16,0.043822,0.000000,0.043822,4.99e-05
1927,16,0.029984,0.000000,0.029984,4.99e-05
1928,16,0.038951,0.000000,0.038951,4.98e-05
1929,16,0.074399,0.000000,0.074399,4.98e-05
1930,16,0.055210,0.000000,0.055210,4.97e-05
1931,16,0.053185,0.000000,0.053185,4.97e-05
1932,16,0.060754,0.000000,0.060754,4.97e-05
1933,16,0.063652,0.000000,0.063652,4.96e-05
1934,16,0.043487,0.000000,0.043487,4.96e-05
1935,16,0.009644,0.000000,0.009644,4.95e-05
1936,16,0.005732,0.044402,0.019053,4.95e-05
1937,16,0.053385,0.000000,0.053385,4.94e-05
1938,16,0.063970,0.000000,0.063970,4.94e-05
1939,16,0.013988,0.000000,0.013988,4.94e-05
1940,16,0.018446,0.000000,0.018446,4.93e-05
1941,16,0.021748,0.000000,0.021748,4.93e-05
1942,16,0.100037,0.000000,0.100037,4.92e-05
1943,16,0.012346,0.000000,0.012346,4.92e-05
1944,16,0.058217,0.000000,0.058217,4.91e-05
1945,16,0.066216,0.000000,0.066216,4.91e-05
1946,16,0.019190,0.000000,0.019190,4.91e-05
1947,16,0.079287,0.000000,0.079287,4.90e-05
1948,16,0.072464,0.000000,0.072464,4.90e-05
1949,16,0.027881,0.000000,0.027881,4.89e-05
1950,16,0.035896,0.000000,0.035896,4.89e-05
1951,16,0.043266,0.000000,0.043266,4.88e-05
1952,16,0.038049,0.033517,0.048104,4.88e-05
1953,16,0.243524,0.000000,0.243524,4.88e-05
1954,16,0.063577,0.000000,0.063577,4.87e-05
1955,16,0.048717,0.000000,0.048717,4.87e-05
1956,16,0.041201,0.000000,0.041201,4.86e-05
1957,16,0.103133,0.000000,0.103133,4.86e-05
1958,16,0.044153,0.000000,0.044153,4.85e-05
1959,16,0.024826,0.000000,0.024826,4.85e-05
1960,16,0.040781,0.000000,0.040781,4.85e-05
1961,16,0.140993,0.000000,0.140993,4.84e-05
1962,16,0.023179,0.000000,0.023179,4.84e-05
1963,16,0.045537,0.000000,0.045537,4.83e-05
1964,16,0.045242,0.000000,0.045242,4.83e-05
1965,16,0.083636,0.000000,0.083636,4.82e-05
1966,16,0.068933,0.000000,0.068933,4.82e-05
1967,16,0.110155,0.000000,0.110155,4.81e-05
1968,16,0.021888,0.020679,0.028092,4.81e-05
1969,16,0.049420,0.000000,0.049420,4.81e-05
1970,16,0.019483,0.000000,0.019483,4.80e-05
1971,16,0.073624,0.000000,0.073624,4.80e-05
1972,16,0.131412,0.000000,0.131412,4.79e-05
1973,16,0.181528,0.000000,0.181528,4.79e-05
1974,16,0.219797,0.000000,0.219797,4.78e-05
1975,16,0.016073,0.000000,0.016073,4.78e-05
1976,16,0.060733,0.000000,0.060733,4.78e-05
1977,16,0.032998,0.000000,0.032998,4.77e-05
1978,16,0.018851,0.000000,0.018851,4.77e-05
1979,16,0.021129,0.000000,0.021129,4.76e-05
1980,16,0.043256,0.000000,0.043256,4.76e-05
1981,16,0.092488,0.000000,0.092488,4.75e-05
1982,16,0.077552,0.000000,0.077552,4.75e-05
1983,16,0.009945,0.000000,0.009945,4.75e-05
1984,16,0.066947,0.041395,0.079366,4.74e-05
1985,16,0.058044,0.000000,0.058044,4.74e-05
1986,16,0.120294,0.000000,0.120294,4.73e-05
1987,16,0.033903,0.000000,0.033903,4.73e-05
1988,16,0.043542,0.000000,0.043542,4.72e-05
1989,16,0.079547,0.000000,0.079547,4.72e-05
1990,16,0.027220,0.000000,0.027220,4.72e-05
1991,16,0.016568,0.000000,0.016568,4.71e-05
1992,16,0.098399,0.000000,0.098399,4.71e-05
1993,16,0.027200,0.000000,0.027200,4.70e-05
1994,16,0.010700,0.000000,0.010700,4.70e-05
1995,16,0.048523,0.000000,0.048523,4.69e-05
1996,16,0.055228,0.000000,0.055228,4.69e-05
1997,16,0.044229,0.000000,0.044229,4.69e-05
1998,16,0.016561,0.000000,0.016561,4.68e-05
1999,16,0.046606,0.000000,0.046606,4.68e-05
2000,17,0.020072,0.061840,0.038624,4.67e-05
2001,17,0.013338,0.000000,0.013338,4.67e-05
2002,17,0.059818,0.000000,0.059818,4.66e-05
2003,17,0.042252,0.000000,0.042252,4.66e-05
2004,17,0.053741,0.000000,0.053741,4.66e-05
2005,17,0.069876,0.000000,0.069876,4.65e-05
2006,17,0.028105,0.000000,0.028105,4.65e-05
2007,17,0.068225,0.000000,0.068225,4.64e-05
2008,17,0.036213,0.000000,0.036213,4.64e-05
2009,17,0.091386,0.000000,0.091386,4.63e-05
2010,17,0.026607,0.000000,0.026607,4.63e-05
2011,17,0.047667,0.000000,0.047667,4.63e-05
2012,17,0.011520,0.000000,0.011520,4.62e-05
2013,17,0.013751,0.000000,0.013751,4.62e-05
2014,17,0.053568,0.000000,0.053568,4.61e-05
2015,17,0.044668,0.000000,0.044668,4.61e-05
2016,17,0.023028,0.063633,0.042118,4.60e-05
2017,17,0.042232,0.000000,0.042232,4.60e-05
2018,17,0.010764,0.000000,0.010764,4.60e-05
2019,17,0.019155,0.000000,0.019155,4.59e-05
2020,17,0.001838,0.000000,0.001838,4.59e-05
2021,17,0.040366,0.000000,0.040366,4.58e-05
2022,17,0.083081,0.000000,0.083081,4.58e-05
2023,17,0.050952,0.000000,0.050952,4.57e-05
2024,17,0.024993,0.000000,0.024993,4.57e-05
2025,17,0.019576,0.000000,0.019576,4.57e-05
2026,17,0.024701,0.000000,0.024701,4.56e-05
2027,17,0.075488,0.000000,0.075488,4.56e-05
2028,17,0.041925,0.000000,0.041925,4.55e-05
2029,17,0.014820,0.000000,0.014820,4.55e-05
2030,17,0.039893,0.000000,0.039893,4.54e-05
2031,17,0.046867,0.000000,0.046867,4.54e-05
2032,17,0.042135,0.020326,0.048233,4.54e-05
2033,17,0.042825,0.000000,0.042825,4.53e-05
2034,17,0.029112,0.000000,0.029112,4.53e-05
2035,17,0.094617,0.000000,0.094617,4.52e-05
2036,17,0.021487,0.000000,0.021487,4.52e-05
2037,17,0.011038,0.000000,0.011038,4.51e-05
2038,17,0.095217,0.000000,0.095217,4.51e-05
2039,17,0.028193,0.000000,0.028193,4.51e-05
2040,17,0.033089,0.000000,0.033089,4.50e-05
2041,17,0.058022,0.000000,0.058022,4.50e-05
2042,17,0.041939,0.000000,0.041939,4.49e-05
2043,17,0.046062,0.000000,0.046062,4.49e-05
2044,17,0.081250,0.000000,0.081250,4.48e-05
2045,17,0.036415,0.000000,0.036415,4.48e-05
2046,17,0.036497,0.000000,0.036497,4.48e-05
2047,17,0.028314,0.000000,0.028314,4.47e-05
2048,17,0.099827,0.012767,0.103657,4.47e-05
2049,17,0.122963,0.000000,0.122963,4.46e-05
2050,17,0.071429,0.000000,0.071429,4.46e-05
2051,17,0.061975,0.000000,0.061975,4.45e-05
2052,17,0.124642,0.000000,0.124642,4.45e-05
2053,17,0.018747,0.000000,0.018747,4.45e-05
2054,17,0.036713,0.000000,0.036713,4.44e-05
2055,17,0.039854,0.000000,0.039854,4.44e-05
2056,17,0.037690,0.000000,0.037690,4.43e-05
2057,17,0.078482,0.000000,0.078482,4.43e-05
2058,17,0.056772,0.000000,0.056772,4.42e-05
2059,17,0.052458,0.000000,0.052458,4.42e-05
2060,17,0.004722,0.000000,0.004722,4.42e-05
2061,17,0.081380,0.000000,0.081380,4.41e-05
2062,17,0.046444,0.000000,0.046444,4.41e-05
2063,17,0.097157,0.000000,0.097157,4.40e-05
2064,17,0.017410,0.128463,0.055949,4.40e-05
2065,17,0.076110,0.000000,0.076110,4.39e-05
2066,17,0.097418,0.000000,0.097418,4.39e-05
2067,17,0.057691,0.000000,0.057691,4.39e-05
2068,17,0.022039,0.000000,0.022039,4.38e-05
2069,17,0.025707,0.000000,0.025707,4.38e-05
2070,17,0.021409,0.000000,0.021409,4.37e-05
2071,17,0.017408,0.000000,0.017408,4.37e-05
2072,17,0.055048,0.000000,0.055048,4.36e-05
2073,17,0.054556,0.000000,0.054556,4.36e-05
2074,17,0.029933,0.000000,0.029933,4.36e-05
2075,17,0.046901,0.000000,0.046901,4.35e-05
2076,17,0.022525,0.000000,0.022525,4.35e-05
2077,17,0.111168,0.000000,0.111168,4.34e-05
2078,17,0.027441,0.000000,0.027441,4.34e-05
2079,17,0.081681,0.000000,0.081681,4.33e-05
2080,17,0.050734,0.003735,0.051855,4.33e-05
2081,17,0.024786,0.000000,0.024786,4.33e-05
2082,17,0.045058,0.000000,0.045058,4.32e-05
2083,17,0.045448,0.000000,0.045448,4.32e-05
2084,17,0.086118,0.000000,0.086118,4.31e-05
2085,17,0.021559,0.000000,0.021559,4.31e-05
2086,17,0.034422,0.000000,0.034422,4.31e-05
2087,17,0.040575,0.000000,0.040575,4.30e-05
2088,17,0.031539,0.000000,0.031539,4.30e-05
2089,17,0.062471,0.000000,0.062471,4.29e-05
2090,17,0.116054,0.000000,0.116054,4.29e-05
2091,17,0.046505,0.000000,0.046505,4.28e-05
2092,17,0.007403,0.000000,0.007403,4.28e-05
2093,17,0.114600,0.000000,0.114600,4.28e-05
2094,17,0.058365,0.000000,0.058365,4.27e-05
2095,17,0.067214,0.000000,0.067214,4.27e-05
2096,17,0.104851,0.018597,0.110430,4.26e-05
2097,17,0.038408,0.000000,0.038408,4.26e-05
2098,17,0.051020,0.000000,0.051020,4.25e-05
2099,17,0.046061,0.000000,0.046061,4.25e-05
2100,17,0.063975,0.000000,0.063975,4.25e-05
2101,17,0.051359,0.000000,0.051359,4.24e-05
2102,17,0.024347,0.000000,0.024347,4.24e-05
2103,17,0.032006,0.000000,0.032006,4.23e-05
2104,17,0.067985,0.000000,0.067985,4.23e-05
2105,17,0.021757,0.000000,0.021757,4.22e-05
2106,17,0.004983,0.000000,0.004983,4.22e-05
2107,17,0.054644,0.000000,0.054644,4.22e-05
2108,17,0.026446,0.000000,0.026446,4.21e-05
2109,17,0.027968,0.000000,0.027968,4.21e-05
2110,17,0.005832,0.000000,0.005832,4.20e-05
2111,17,0.019791,0.000000,0.019791,4.20e-05
2112,17,0.083602,0.011156,0.086949,4.19e-05
2113,17,0.035412,0.000000,0.035412,4.19e-05
2114,17,0.016797,0.000000,0.016797,4.19e-05
2115,17,0.009273,0.000000,0.009273,4.18e-05
2116,17,0.040289,0.000000,0.040289,4.18e-05
2117,17,0.082915,0.000000,0.082915,4.17e-05
2118,17,0.043155,0.000000,0.043155,4.17e-05
2119,17,0.039499,0.000000,0.039499,4.16e-05
2120,17,0.039235,0.000000,0.039235,4.16e-05
2121,17,0.064331,0.000000,0.064331,4.16e-05
2122,17,0.078545,0.000000,0.078545,4.15e-05
2123,17,0.040295,0.000000,0.040295,4.15e-05
2124,17,0.065055,0.000000,0.065055,4.14e-05
2125,18,0.063433,0.000000,0.063433,4.14e-05
2126,18,0.107456,0.000000,0.107456,4.14e-05
2127,18,0.034142,0.000000,0.034142,4.13e-05
2128,18,0.048166,0.058374,0.065678,4.13e-05
2129,18,0.032184,0.000000,0.032184,4.12e-05
2130,18,0.058521,0.000000,0.058521,4.12e-05
2131,18,0.025346,0.000000,0.025346,4.11e-05
2132,18,0.026272,0.000000,0.026272,4.11e-05
2133,18,0.013911,0.000000,0.013911,4.11e-05
2134,18,0.061998,0.000000,0.061998,4.10e-05
2135,18,0.028305,0.000000,0.028305,4.10e-05
2136,18,0.076605,0.000000,0.076605,4.09e-05
2137,18,0.024037,0.000000,0.024037,4.09e-05
2138,18,0.063674,0.000000,0.063674,4.08e-05
2139,18,0.034316,0.000000,0.034316,4.08e-05
2140,18,0.062835,0.000000,0.062835,4.08e-05
2141,18,0.003485,0.000000,0.003485,4.07e-05
2142,18,0.011158,0.000000,0.011158,4.07e-05
2143,18,0.008468,0.000000,0.008468,4.06e-05
2144,18,0.091225,0.007872,0.093586,4.06e-05
2145,18,0.131469,0.000000,0.131469,4.05e-05
2146,18,0.020070,0.000000,0.020070,4.05e-05
2147,18,0.026903,0.000000,0.026903,4.05e-05
2148,18,0.015417,0.000000,0.015417,4.04e-05
2149,18,0.068012,0.000000,0.068012,4.04e-05
2150,18,0.023608,0.000000,0.023608,4.03e-05
2151,18,0.043060,0.000000,0.043060,4.03e-05
2152,18,0.050153,0.000000,0.050153,4.03e-05
2153,18,0.014588,0.000000,0.014588,4.02e-05
2154,18,0.069551,0.000000,0.069551,4.02e-05
2155,18,0.018899,0.000000,0.018899,4.01e-05
2156,18,0.061437,0.000000,0.061437,4.01e-05
2157,18,0.033262,0.000000,0.033262,4.00e-05
2158,18,0.060574,0.000000,0.060574,4.00e-05
2159,18,0.013489,0.000000,0.013489,4.00e-05
2160,18,0.109005,0.014130,0.113244,3.99e-05
2161,18,0.053389,0.000000,0.053389,3.99e-05
2162,18,0.076705,0.000000,0.076705,3.98e-05
2163,18,0.019494,0.000000,0.019494,3.98e-05
2164,18,0.039366,0.000000,0.039366,3.97e-05
2165,18,0.037042,0.000000,0.037042,3.97e-05
2166,18,0.044531,0.000000,0.044531,3.97e-05
2167,18,0.026737,0.000000,0.026737,3.96e-05
2168,18,0.041925,0.000000,0.041925,3.96e-05
2169,18,0.020069,0.000000,0.020069,3.95e-05
2170,18,0.104194,0.000000,0.104194,3.95e-05
2171,18,0.064799,0.000000,0.064799,3.95e-05
2172,18,0.025484,0.000000,0.025484,3.94e-05
2173,18,0.088895,0.000000,0.088895,3.94e-05
2174,18,0.059889,0.000000,0.059889,3.93e-05
2175,18,0.042457,0.000000,0.042457,3.93e-05
2176,18,0.091287,0.028831,0.099937,3.92e-05
2177,18,0.005249,0.000000,0.005249,3.92e-05
2178,18,0.018995,0.000000,0.018995,3.92e-05
2179,18,0.015076,0.000000,0.015076,3.91e-05
2180,18,0.085661,0.000000,0.085661,3.91e-05
2181,18,0.088695,0.000000,0.088695,3.90e-05
2182,18,0.028010,0.000000,0.028010,3.90e-05
2183,18,0.099004,0.000000,0.099004,3.89e-05
2184,18,0.044911,0.000000,0.044911,3.89e-05
2185,18,0.118867,0.000000,0.118867,3.89e-05
2186,18,0.066574,0.000000,0.066574,3.88e-05
2187,18,0.026880,0.000000,0.026880,3.88e-05
2188,18,0.039754,0.000000,0.039754,3.87e-05
2189,18,0.051171,0.000000,0.051171,3.87e-05
2190,18,0.035247,0.000000,0.035247,3.87e-05
2191,18,0.020550,0.000000,0.020550,3.86e-05
2192,18,0.021732,0.035594,0.032410,3.86e-05
2193,18,0.065595,0.000000,0.065595,3.85e-05
2194,18,0.049816,0.000000,0.049816,3.85e-05
2195,18,0.030601,0.000000,0.030601,3.84e-05
2196,18,0.029267,0.000000,0.029267,3.84e-05
2197,18,0.078228,0.000000,0.078228,3.84e-05
2198,18,0.068254,0.000000,0.068254,3.83e-05
2199,18,0.069274,0.000000,0.069274,3.83e-05
2200,18,0.025698,0.000000,0.025698,3.82e-05
2201,18,0.020224,0.000000,0.020224,3.82e-05
2202,18,0.067123,0.000000,0.067123,3.81e-05
2203,18,0.043944,0.000000,0.043944,3.81e-05
2204,18,0.045112,0.000000,0.045112,3.81e-05
2205,18,0.058135,0.000000,0.058135,3.80e-05
2206,18,0.028409,0.000000,0.028409,3.80e-05
2207,18,0.029917,0.000000,0.029917,3.79e-05
2208,18,0.079372,0.007162,0.081520,3.79e-05
2209,18,0.116915,0.000000,0.116915,3.79e-05
2210,18,0.042467,0.000000,0.042467,3.78e-05
2211,18,0.027986,0.000000,0.027986,3.78e-05
2212,18,0.024046,0.000000,0.024046,3.77e-05
2213,18,0.009518,0.000000,0.009518,3.77e-05
2214,18,0.041332,0.000000,0.041332,3.76e-05
2215,18,0.057995,0.000000,0.057995,3.76e-05
2216,18,0.026824,0.000000,0.026824,3.76e-05
2217,18,0.071309,0.000000,0.071309,3.75e-05
2218,18,0.030503,0.000000,0.030503,3.75e-05
2219,18,0.017424,0.000000,0.017424,3.74e-05
2220,18,0.039112,0.000000,0.039112,3.74e-05
2221,18,0.009370,0.000000,0.009370,3.74e-05
2222,18,0.018074,0.000000,0.018074,3.73e-05
2223,18,0.047269,0.000000,0.047269,3.73e-05
2224,18,0.055048,0.007702,0.057359,3.72e-05
2225,18,0.043987,0.000000,0.043987,3.72e-05
2226,18,0.090987,0.000000,0.090987,3.71e-05
2227,18,0.052998,0.000000,0.052998,3.71e-05
2228,18,0.037315,0.000000,0.037315,3.71e-05
2229,18,0.098068,0.000000,0.098068,3.70e-05
2230,18,0.007400,0.000000,0.007400,3.70e-05
2231,18,0.068416,0.000000,0.068416,3.69e-05
2232,18,0.071814,0.000000,0.071814,3.69e-05
2233,18,0.032495,0.000000,0.032495,3.69e-05
2234,18,0.031814,0.000000,0.031814,3.68e-05
2235,18,0.055188,0.000000,0.055188,3.68e-05
2236,18,0.050685,0.000000,0.050685,3.67e-05
2237,18,0.086302,0.000000,0.086302,3.67e-05
2238,18,0.076020,0.000000,0.076020,3.67e-05
2239,18,0.049763,0.000000,0.049763,3.66e-05
2240,18,0.027015,0.033538,0.037076,3.66e-05
2241,18,0.020878,0.000000,0.020878,3.65e-05
2242,18,0.052451,0.000000,0.052451,3.65e-05
2243,18,0.056460,0.000000,0.056460,3.64e-05
2244,18,0.050551,0.000000,0.050551,3.64e-05
2245,18,0.039425,0.000000,0.039425,3.64e-05
2246,18,0.097598,0.000000,0.097598,3.63e-05
2247,18,0.002658,0.000000,0.002658,3.63e-05
2248,18,0.096527,0.000000,0.096527,3.62e-05
2249,18,0.016765,0.000000,0.016765,3.62e-05
2250,19,0.062788,0.000000,0.062788,3.62e-05
2251,19,0.038893,0.000000,0.038893,3.61e-05
2252,19,0.018287,0.000000,0.018287,3.61e-05
2253,19,0.069582,0.000000,0.069582,3.60e-05
2254,19,0.038477,0.000000,0.038477,3.60e-05
2255,19,0.003869,0.000000,0.003869,3.59e-05
2256,19,0.044491,0.019324,0.050288,3.59e-05
2257,19,0.043222,0.000000,0.043222,3.59e-05
2258,19,0.078697,0.000000,0.078697,3.58e-05
2259,19,0.049107,0.000000,0.049107,3.58e-05
2260,19,0.042368,0.000000,0.042368,3.57e-05
2261,19,0.045782,0.000000,0.045782,3.57e-05
2262,19,0.037710,0.000000,0.037710,3.57e-05
2263,19,0.020167,0.000000,0.020167,3.56e-05
2264,19,0.038858,0.000000,0.038858,3.56e-05
2265,19,0.066958,0.000000,0.066958,3.55e-05
2266,19,0.036286,0.000000,0.036286,3.55e-05
2267,19,0.010530,0.000000,0.010530,3.55e-05
2268,19,0.035895,0.000000,0.035895,3.54e-05
2269,19,0.039419,0.000000,0.039419,3.54e-05
2270,19,0.044191,0.000000,0.044191,3.53e-05
2271,19,0.030235,0.000000,0.030235,3.53e-05
2272,19,0.028692,0.025613,0.036376,3.52e-05
2273,19,0.016471,0.000000,0.016471,3.52e-05
2274,19,0.025899,0.000000,0.025899,3.52e-05
2275,19,0.037642,0.000000,0.037642,3.51e-05
2276,19,0.030786,0.000000,0.030786,3.51e-05
2277,19,0.063061,0.000000,0.063061,3.50e-05
2278,19,0.038958,0.000000,0.038958,3.50e-05
2279,19,0.005988,0.000000,0.005988,3.50e-05
2280,19,0.101841,0.000000,0.101841,3.49e-05
2281,19,0.016460,0.000000,0.016460,3.49e-05
2282,19,0.114273,0.000000,0.114273,3.48e-05
2283,19,0.053290,0.000000,0.053290,3.48e-05
2284,19,0.113466,0.000000,0.113466,3.48e-05
2285,19,0.038206,0.000000,0.038206,3.47e-05
2286,19,0.019875,0.000000,0.019875,3.47e-05
2287,19,0.064300,0.000000,0.064300,3.46e-05
2288,19,0.036825,0.004025,0.038033,3.46e-05
2289,19,0.048342,0.000000,0.048342,3.45e-05
2290,19,0.035368,0.000000,0.035368,3.45e-05
2291,19,0.010390,0.000000,0.010390,3.45e-05
2292,19,0.049300,0.000000,0.049300,3.44e-05
2293,19,0.004343,0.000000,0.004343,3.44e-05
2294,19,0.031363,0.000000,0.031363,3.43e-05
2295,19,0.058532,0.000000,0.058532,3.43e-05
2296,19,0.005965,0.000000,0.005965,3.43e-05
2297,19,0.012169,0.000000,0.012169,3.42e-05
2298,19,0.012826,0.000000,0.012826,3.42e-05
2299,19,0.027033,0.000000,0.027033,3.41e-05
2300,19,0.061159,0.000000,0.061159,3.41e-05
2301,19,0.053686,0.000000,0.053686,3.41e-05
2302,19,0.047297,0.000000,0.047297,3.40e-05
2303,19,0.053635,0.000000,0.053635,3.40e-05
2304,19,0.107859,0.016566,0.112829,3.39e-05
2305,19,0.034641,0.000000,0.034641,3.39e-05
2306,19,0.052394,0.000000,0.052394,3.39e-05
2307,19,0.019963,0.000000,0.019963,3.38e-05
2308,19,0.082658,0.000000,0.082658,3.38e-05
2309,19,0.030054,0.000000,0.030054,3.37e-05
2310,19,0.088233,0.000000,0.088233,3.37e-05
2311,19,0.049636,0.000000,0.049636,3.37e-05
2312,19,0.037506,0.000000,0.037506,3.36e-05
2313,19,0.015311,0.000000,0.015311,3.36e-05
2314,19,0.038147,0.000000,0.038147,3.35e-05
2315,19,0.020314,0.000000,0.020314,3.35e-05
2316,19,0.034937,0.000000,0.034937,3.34e-05
2317,19,0.024759,0.000000,0.024759,3.34e-05
2318,19,0.083037,0.000000,0.083037,3.34e-05
2319,19,0.066964,0.000000,0.066964,3.33e-05
2320,19,0.064580,0.015890,0.069347,3.33e-05
2321,19,0.063593,0.000000,0.063593,3.32e-05
2322,19,0.185362,0.000000,0.185362,3.32e-05
2323,19,0.038754,0.000000,0.038754,3.32e-05
2324,19,0.035933,0.000000,0.035933,3.31e-05
2325,19,0.026472,0.000000,0.026472,3.31e-05
2326,19,0.037207,0.000000,0.037207,3.30e-05
2327,19,0.025809,0.000000,0.025809,3.30e-05
2328,19,0.004324,0.000000,0.004324,3.30e-05
2329,19,0.020890,0.000000,0.020890,3.29e-05
2330,19,0.025451,0.000000,0.025451,3.29e-05
2331,19,0.060374,0.000000,0.060374,3.28e-05
2332,19,0.012402,0.000000,0.012402,3.28e-05
2333,19,0.042613,0.000000,0.042613,3.28e-05
2334,19,0.004849,0.000000,0.004849,3.27e-05
2335,19,0.101592,0.000000,0.101592,3.27e-05
2336,19,0.050335,0.001755,0.050862,3.26e-05
2337,19,0.021022,0.000000,0.021022,3.26e-05
2338,19,0.081352,0.000000,0.081352,3.26e-05
2339,19,0.025167,0.000000,0.025167,3.25e-05
2340,19,0.019627,0.000000,0.019627,3.25e-05
2341,19,0.020277,0.000000,0.020277,3.24e-05
2342,19,0.031102,0.000000,0.031102,3.24e-05
2343,19,0.075561,0.000000,0.075561,3.24e-05
2344,19,0.029603,0.000000,0.029603,3.23e-05
2345,19,0.107357,0.000000,0.107357,3.23e-05
2346,19,0.021588,0.000000,0.021588,3.22e-05
2347,19,0.030525,0.000000,0.030525,3.22e-05
2348,19,0.051336,0.000000,0.051336,3.22e-05
2349,19,0.053199,0.000000,0.053199,3.21e-05
2350,19,0.037479,0.000000,0.037479,3.21e-05
2351,19,0.020722,0.000000,0.020722,3.20e-05
2352,19,0.006189,0.031319,0.015585,3.20e-05
2353,19,0.036200,0.000000,0.036200,3.20e-05
2354,19,0.025621,0.000000,0.025621,3.19e-05
2355,19,0.036981,0.000000,0.036981,3.19e-05
2356,19,0.060963,0.000000,0.060963,3.18e-05
2357,19,0.048973,0.000000,0.048973,3.18e-05
2358,19,0.041475,0.000000,0.041475,3.18e-05
2359,19,0.023786,0.000000,0.023786,3.17e-05
2360,19,0.077680,0.000000,0.077680,3.17e-05
2361,19,0.063363,0.000000,0.063363,3.16e-05
2362,19,0.026360,0.000000,0.026360,3.16e-05
2363,19,0.036531,0.000000,0.036531,3.16e-05
2364,19,0.042715,0.000000,0.042715,3.15e-05
2365,19,0.093219,0.000000,0.093219,3.15e-05
2366,19,0.054318,0.000000,0.054318,3.14e-05
2367,19,0.098751,0.000000,0.098751,3.14e-05
2368,19,0.009287,0.009466,0.012126,3.14e-05
2369,19,0.070670,0.000000,0.070670,3.13e-05
2370,19,0.050569,0.000000,0.050569,3.13e-05
2371,19,0.054923,0.000000,0.054923,3.12e-05
2372,19,0.023556,0.000000,0.023556,3.12e-05
2373,19,0.031325,0.000000,0.031325,3.12e-05
2374,19,0.014851,0.000000,0.014851,3.11e-05
2375,20,0.056863,0.000000,0.056863,3.11e-05
2376,20,0.022204,0.000000,0.022204,3.10e-05
2377,20,0.059729,0.000000,0.059729,3.10e-05
2378,20,0.090013,0.000000,0.090013,3.10e-05
2379,20,0.039943,0.000000,0.039943,3.09e-05
2380,20,0.031374,0.000000,0.031374,3.09e-05
2381,20,0.044371,0.000000,0.044371,3.08e-05
2382,20,0.018127,0.000000,0.018127,3.08e-05
2383,20,0.017518,0.000000,0.017518,3.08e-05
2384,20,0.048929,0.005058,0.050446,3.07e-05
2385,20,0.064142,0.000000,0.064142,3.07e-05
2386,20,0.036646,0.000000,0.036646,3.06e-05
2387,20,0.052315,0.000000,0.052315,3.06e-05
2388,20,0.054020,0.000000,0.054020,3.06e-05
2389,20,0.033573,0.000000,0.033573,3.05e-05
2390,20,0.073998,0.000000,0.073998,3.05e-05
2391,20,0.037519,0.000000,0.037519,3.04e-05
2392,20,0.131206,0.000000,0.131206,3.04e-05
2393,20,0.049135,0.000000,0.049135,3.04e-05
2394,20,0.026170,0.000000,0.026170,3.03e-05
2395,20,0.026107,0.000000,0.026107,3.03e-05
2396,20,0.014764,0.000000,0.014764,3.02e-05
2397,20,0.026900,0.000000,0.026900,3.02e-05
2398,20,0.019478,0.000000,0.019478,3.02e-05
2399,20,0.025206,0.000000,0.025206,3.01e-05
2400,20,0.044926,0.012643,0.048718,3.01e-05
2401,20,0.033252,0.000000,0.033252,3.00e-05
2402,20,0.032099,0.000000,0.032099,3.00e-05
2403,20,0.012542,0.000000,0.012542,3.00e-05
2404,20,0.028495,0.000000,0.028495,2.99e-05
2405,20,0.037319,0.000000,0.037319,2.99e-05
2406,20,0.037411,0.000000,0.037411,2.98e-05
2407,20,0.048435,0.000000,0.048435,2.98e-05
2408,20,0.019981,0.000000,0.019981,2.98e-05
2409,20,0.046317,0.000000,0.046317,2.97e-05
2410,20,0.037299,0.000000,0.037299,2.97e-05
2411,20,0.075962,0.000000,0.075962,2.97e-05
2412,20,0.082477,0.000000,0.082477,2.96e-05
2413,20,0.042345,0.000000,0.042345,2.96e-05
2414,20,0.066839,0.000000,0.066839,2.95e-05
2415,20,0.053103,0.000000,0.053103,2.95e-05
2416,20,0.087741,0.057233,0.104911,2.95e-05
2417,20,0.036861,0.000000,0.036861,2.94e-05
2418,20,0.073564,0.000000,0.073564,2.94e-05
2419,20,0.063785,0.000000,0.063785,2.93e-05
2420,20,0.037435,0.000000,0.037435,2.93e-05
2421,20,0.066192,0.000000,0.066192,2.93e-05
2422,20,0.024560,0.000000,0.024560,2.92e-05
2423,20,0.044228,0.000000,0.044228,2.92e-05
2424,20,0.035206,0.000000,0.035206,2.91e-05
2425,20,0.025279,0.000000,0.025279,2.91e-05
2426,20,0.046709,0.000000,0.046709,2.91e-05
2427,20,0.003379,0.000000,0.003379,2.90e-05
2428,20,0.070831,0.000000,0.070831,2.90e-05
2429,20,0.007729,0.000000,0.007729,2.89e-05
2430,20,0.024381,0.000000,0.024381,2.89e-05
2431,20,0.082003,0.000000,0.082003,2.89e-05
2432,20,0.027234,0.013824,0.031382,2.88e-05
2433,20,0.076294,0.000000,0.076294,2.88e-05
2434,20,0.035029,0.000000,0.035029,2.87e-05
2435,20,0.045824,0.000000,0.045824,2.87e-05
2436,20,0.108814,0.000000,0.108814,2.87e-05
2437,20,0.039602,0.000000,0.039602,2.86e-05
2438,20,0.094100,0.000000,0.094100,2.86e-05
2439,20,0.067180,0.000000,0.067180,2.86e-05
2440,20,0.024979,0.000000,0.024979,2.85e-05
2441,20,0.060509,0.000000,0.060509,2.85e-05
2442,20,0.055825,0.000000,0.055825,2.84e-05
2443,20,0.042856,0.000000,0.042856,2.84e-05
2444,20,0.014808,0.000000,0.014808,2.84e-05
2445,20,0.004996,0.000000,0.004996,2.83e-05
2446,20,0.034410,0.000000,0.034410,2.83e-05
2447,20,0.057734,0.000000,0.057734,2.82e-05
2448,20,0.062281,0.049582,0.077155,2.82e-05
2449,20,0.012170,0.000000,0.012170,2.82e-05
2450,20,0.048607,0.000000,0.048607,2.81e-05
2451,20,0.067657,0.000000,0.067657,2.81e-05
2452,20,0.099348,0.000000,0.099348,2.81e-05
2453,20,0.119275,0.000000,0.119275,2.80e-05
2454,20,0.049456,0.000000,0.049456,2.80e-05
2455,20,0.035164,0.000000,0.035164,2.79e-05
2456,20,0.221242,0.000000,0.221242,2.79e-05
2457,20,0.050004,0.000000,0.050004,2.79e-05
2458,20,0.111831,0.000000,0.111831,2.78e-05
2459,20,0.027938,0.000000,0.027938,2.78e-05
2460,20,0.038386,0.000000,0.038386,2.77e-05
2461,20,0.033870,0.000000,0.033870,2.77e-05
2462,20,0.025917,0.000000,0.025917,2.77e-05
2463,20,0.042851,0.000000,0.042851,2.76e-05
2464,20,0.028440,0.005759,0.030168,2.76e-05
2465,20,0.035313,0.000000,0.035313,2.76e-05
2466,20,0.024900,0.000000,0.024900,2.75e-05
2467,20,0.040273,0.000000,0.040273,2.75e-05
2468,20,0.036079,0.000000,0.036079,2.74e-05
2469,20,0.029223,0.000000,0.029223,2.74e-05
2470,20,0.005275,0.000000,0.005275,2.74e-05
2471,20,0.005872,0.000000,0.005872,2.73e-05
2472,20,0.056580,0.000000,0.056580,2.73e-05
2473,20,0.068740,0.000000,0.068740,2.72e-05
2474,20,0.068398,0.000000,0.068398,2.72e-05
2475,20,0.002854,0.000000,0.002854,2.72e-05
2476,20,0.053239,0.000000,0.053239,2.71e-05
2477,20,0.034469,0.000000,0.034469,2.71e-05
2478,20,0.037352,0.000000,0.037352,2.71e-05
2479,20,0.025736,0.000000,0.025736,2.70e-05
2480,20,0.029729,0.072080,0.051353,2.70e-05
2481,20,0.080492,0.000000,0.080492,2.69e-05
2482,20,0.072008,0.000000,0.072008,2.69e-05
2483,20,0.051028,0.000000,0.051028,2.69e-05
2484,20,0.031828,0.000000,0.031828,2.68e-05
2485,20,0.007952,0.000000,0.007952,2.68e-05
2486,20,0.048120,0.000000,0.048120,2.67e-05
2487,20,0.010726,0.000000,0.010726,2.67e-05
2488,20,0.052377,0.000000,0.052377,2.67e-05
2489,20,0.066461,0.000000,0.066461,2.66e-05
2490,20,0.088913,0.000000,0.088913,2.66e-05
2491,20,0.044697,0.000000,0.044697,2.66e-05
2492,20,0.007013,0.000000,0.007013,2.65e-05
2493,20,0.010771,0.000000,0.010771,2.65e-05
2494,20,0.019540,0.000000,0.019540,2.64e-05
2495,20,0.026170,0.000000,0.026170,2.64e-05
2496,20,0.003521,0.020130,0.009560,2.64e-05
2497,20,0.069576,0.000000,0.069576,2.63e-05
2498,20,0.069967,0.000000,0.069967,2.63e-05
2499,20,0.050802,0.000000,0.050802,2.63e-05
2500,21,0.047247,0.000000,0.047247,2.62e-05
2501,21,0.029565,0.000000,0.029565,2.62e-05
2502,21,0.031522,0.000000,0.031522,2.61e-05
2503,21,0.008456,0.000000,0.008456,2.61e-05
2504,21,0.085521,0.000000,0.085521,2.61e-05
2505,21,0.019369,0.000000,0.019369,2.60e-05
2506,21,0.033250,0.000000,0.033250,2.60e-05
2507,21,0.013568,0.000000,0.013568,2.60e-05
2508,21,0.028157,0.000000,0.028157,2.59e-05
2509,21,0.085287,0.000000,0.085287,2.59e-05
2510,21,0.025046,0.000000,0.025046,2.58e-05
2511,21,0.056955,0.000000,0.056955,2.58e-05
2512,21,0.048258,0.003763,0.049387,2.58e-05
2513,21,0.066060,0.000000,0.066060,2.57e-05
2514,21,0.005215,0.000000,0.005215,2.57e-05
2515,21,0.091331,0.000000,0.091331,2.56e-05
2516,21,0.048140,0.000000,0.048140,2.56e-05
2517,21,0.021775,0.000000,0.021775,2.56e-05
2518,21,0.073487,0.000000,0.073487,2.55e-05
2519,21,0.028015,0.000000,0.028015,2.55e-05
2520,21,0.045525,0.000000,0.045525,2.55e-05
2521,21,0.046967,0.000000,0.046967,2.54e-05
2522,21,0.050085,0.000000,0.050085,2.54e-05
2523,21,0.005058,0.000000,0.005058,2.53e-05
2524,21,0.008418,0.000000,0.008418,2.53e-05
2525,21,0.013245,0.000000,0.013245,2.53e-05
2526,21,0.025871,0.000000,0.025871,2.52e-05
2527,21,0.050696,0.000000,0.050696,2.52e-05
2528,21,0.036882,0.005428,0.038510,2.52e-05
2529,21,0.032978,0.000000,0.032978,2.51e-05
2530,21,0.032263,0.000000,0.032263,2.51e-05
2531,21,0.042216,0.000000,0.042216,2.50e-05
2532,21,0.024886,0.000000,0.024886,2.50e-05
2533,21,0.091366,0.000000,0.091366,2.50e-05
2534,21,0.083727,0.000000,0.083727,2.49e-05
2535,21,0.088504,0.000000,0.088504,2.49e-05
2536,21,0.017886,0.000000,0.017886,2.49e-05
2537,21,0.066735,0.000000,0.066735,2.48e-05
2538,21,0.040969,0.000000,0.040969,2.48e-05
2539,21,0.003894,0.000000,0.003894,2.48e-05
2540,21,0.047526,0.000000,0.047526,2.47e-05
2541,21,0.039120,0.000000,0.039120,2.47e-05
2542,21,0.014010,0.000000,0.014010,2.46e-05
2543,21,0.020895,0.000000,0.020895,2.46e-05
2544,21,0.022549,0.004996,0.024048,2.46e-05
2545,21,0.009244,0.000000,0.009244,2.45e-05
2546,21,0.044681,0.000000,0.044681,2.45e-05
2547,21,0.050414,0.000000,0.050414,2.45e-05
2548,21,0.018746,0.000000,0.018746,2.44e-05
2549,21,0.046646,0.000000,0.046646,2.44e-05
2550,21,0.051971,0.000000,0.051971,2.43e-05
2551,21,0.038434,0.000000,0.038434,2.43e-05
2552,21,0.058983,0.000000,0.058983,2.43e-05
2553,21,0.066218,0.000000,0.066218,2.42e-05
2554,21,0.070094,0.000000,0.070094,2.42e-05
2555,21,0.004105,0.000000,0.004105,2.42e-05
2556,21,0.070348,0.000000,0.070348,2.41e-05
2557,21,0.042381,0.000000,0.042381,2.41e-05
2558,21,0.027439,0.000000,0.027439,2.40e-05
2559,21,0.039934,0.000000,0.039934,2.40e-05
2560,21,0.084760,0.064184,0.104015,2.40e-05
2561,21,0.029538,0.000000,0.029538,2.39e-05
2562,21,0.029792,0.000000,0.029792,2.39e-05
2563,21,0.091551,0.000000,0.091551,2.39e-05
2564,21,0.081033,0.000000,0.081033,2.38e-05
2565,21,0.058924,0.000000,0.058924,2.38e-05
2566,21,0.036617,0.000000,0.036617,2.38e-05
2567,21,0.030881,0.000000,0.030881,2.37e-05
2568,21,0.018153,0.000000,0.018153,2.37e-05
2569,21,0.009088,0.000000,0.009088,2.36e-05
2570,21,0.022668,0.000000,0.022668,2.36e-05
2571,21,0.048513,0.000000,0.048513,2.36e-05
2572,21,0.012499,0.000000,0.012499,2.35e-05
2573,21,0.066439,0.000000,0.066439,2.35e-05
2574,21,0.073603,0.000000,0.073603,2.35e-05
2575,21,0.013730,0.000000,0.013730,2.34e-05
2576,21,0.036542,0.028582,0.045117,2.34e-05
2577,21,0.040467,0.000000,0.040467,2.34e-05
2578,21,0.034172,0.000000,0.034172,2.33e-05
2579,21,0.096784,0.000000,0.096784,2.33e-05
2580,21,0.024123,0.000000,0.024123,2.32e-05
2581,21,0.003776,0.000000,0.003776,2.32e-05
2582,21,0.048811,0.000000,0.048811,2.32e-05
2583,21,0.102337,0.000000,0.102337,2.31e-05
2584,21,0.078846,0.000000,0.078846,2.31e-05
2585,21,0.014997,0.000000,0.014997,2.31e-05
2586,21,0.019085,0.000000,0.019085,2.30e-05
2587,21,0.040844,0.000000,0.040844,2.30e-05
2588,21,0.025505,0.000000,0.025505,2.30e-05
2589,21,0.007285,0.000000,0.007285,2.29e-05
2590,21,0.030188,0.000000,0.030188,2.29e-05
2591,21,0.025153,0.000000,0.025153,2.28e-05
2592,21,0.059309,0.002074,0.059932,2.28e-05
2593,21,0.084396,0.000000,0.084396,2.28e-05
2594,21,0.059390,0.000000,0.059390,2.27e-05
2595,21,0.059328,0.000000,0.059328,2.27e-05
2596,21,0.019453,0.000000,0.019453,2.27e-05
2597,21,0.083584,0.000000,0.083584,2.26e-05
2598,21,0.062414,0.000000,0.062414,2.26e-05
2599,21,0.053454,0.000000,0.053454,2.26e-05
2600,21,0.032408,0.000000,0.032408,2.25e-05
2601,21,0.071625,0.000000,0.071625,2.25e-05
2602,21,0.033011,0.000000,0.033011,2.25e-05
2603,21,0.030302,0.000000,0.030302,2.24e-05
2604,21,0.017457,0.000000,0.017457,2.24e-05
2605,21,0.088623,0.000000,0.088623,2.23e-05
2606,21,0.030142,0.000000,0.030142,2.23e-05
2607,21,0.053576,0.000000,0.053576,2.23e-05
2608,21,0.038265,0.015408,0.042888,2.22e-05
2609,21,0.026422,0.000000,0.026422,2.22e-05
2610,21,0.009197,0.000000,0.009197,2.22e-05
2611,21,0.018512,0.000000,0.018512,2.21e-05
2612,21,0.063755,0.000000,0.063755,2.21e-05
2613,21,0.004245,0.000000,0.004245,2.21e-05
2614,21,0.073354,0.000000,0.073354,2.20e-05
2615,21,0.054219,0.000000,0.054219,2.20e-05
2616,21,0.033430,0.000000,0.033430,2.19e-05
2617,21,0.103434,0.000000,0.103434,2.19e-05
2618,21,0.026808,0.000000,0.026808,2.19e-05
2619,21,0.070743,0.000000,0.070743,2.18e-05
2620,21,0.088585,0.000000,0.088585,2.18e-05
2621,21,0.049266,0.000000,0.049266,2.18e-05
2622,21,0.027367,0.000000,0.027367,2.17e-05
2623,21,0.062783,0.000000,0.062783,2.17e-05
2624,21,0.059166,0.008679,0.061770,2.17e-05
2625,22,0.034062,0.000000,0.034062,2.16e-05
2626,22,0.037148,0.000000,0.037148,2.16e-05
2627,22,0.067195,0.000000,0.067195,2.16e-05
2628,22,0.024996,0.000000,0.024996,2.15e-05
2629,22,0.040367,0.000000,0.040367,2.15e-05
2630,22,0.092759,0.000000,0.092759,2.15e-05
2631,22,0.121615,0.000000,0.121615,2.14e-05
2632,22,0.055281,0.000000,0.055281,2.14e-05
2633,22,0.035957,0.000000,0.035957,2.13e-05
2634,22,0.048664,0.000000,0.048664,2.13e-05
2635,22,0.038275,0.000000,0.038275,2.13e-05
2636,22,0.029478,0.000000,0.029478,2.12e-05
2637,22,0.021745,0.000000,0.021745,2.12e-05
2638,22,0.044810,0.000000,0.044810,2.12e-05
2639,22,0.057323,0.000000,0.057323,2.11e-05
2640,22,0.047876,0.009558,0.050744,2.11e-05
2641,22,0.034055,0.000000,0.034055,2.11e-05
2642,22,0.050927,0.000000,0.050927,2.10e-05
2643,22,0.022817,0.000000,0.022817,2.10e-05
2644,22,0.026097,0.000000,0.026097,2.10e-05
2645,22,0.029720,0.000000,0.029720,2.09e-05
2646,22,0.045741,0.000000,0.045741,2.09e-05
2647,22,0.019898,0.000000,0.019898,2.09e-05
2648,22,0.130365,0.000000,0.130365,2.08e-05
2649,22,0.028363,0.000000,0.028363,2.08e-05
2650,22,0.008280,0.000000,0.008280,2.08e-05
2651,22,0.033698,0.000000,0.033698,2.07e-05
2652,22,0.045443,0.000000,0.045443,2.07e-05
2653,22,0.045412,0.000000,0.045412,2.06e-05
2654,22,0.014308,0.000000,0.014308,2.06e-05
2655,22,0.055624,0.000000,0.055624,2.06e-05
2656,22,0.022722,0.053850,0.038877,2.05e-05
2657,22,0.022874,0.000000,0.022874,2.05e-05
2658,22,0.072233,0.000000,0.072233,2.05e-05
2659,22,0.085048,0.000000,0.085048,2.04e-05
2660,22,0.039372,0.000000,0.039372,2.04e-05
2661,22,0.066956,0.000000,0.066956,2.04e-05
2662,22,0.015863,0.000000,0.015863,2.03e-05
2663,22,0.048069,0.000000,0.048069,2.03e-05
2664,22,0.031923,0.000000,0.031923,2.03e-05
2665,22,0.037202,0.000000,0.037202,2.02e-05
2666,22,0.116924,0.000000,0.116924,2.02e-05
2667,22,0.133831,0.000000,0.133831,2.02e-05
2668,22,0.029291,0.000000,0.029291,2.01e-05
2669,22,0.028753,0.000000,0.028753,2.01e-05
2670,22,0.014548,0.000000,0.014548,2.01e-05
2671,22,0.018672,0.000000,0.018672,2.00e-05
2672,22,0.004078,0.060741,0.022300,2.00e-05
2673,22,0.100119,0.000000,0.100119,2.00e-05
2674,22,0.017060,0.000000,0.017060,1.99e-05
2675,22,0.161361,0.000000,0.161361,1.99e-05
2676,22,0.016192,0.000000,0.016192,1.99e-05
2677,22,0.004675,0.000000,0.004675,1.98e-05
2678,22,0.029906,0.000000,0.029906,1.98e-05
2679,22,0.067067,0.000000,0.067067,1.97e-05
2680,22,0.038837,0.000000,0.038837,1.97e-05
2681,22,0.019852,0.000000,0.019852,1.97e-05
2682,22,0.006353,0.000000,0.006353,1.96e-05
2683,22,0.057825,0.000000,0.057825,1.96e-05
2684,22,0.140174,0.000000,0.140174,1.96e-05
2685,22,0.002884,0.000000,0.002884,1.95e-05
2686,22,0.060893,0.000000,0.060893,1.95e-05
2687,22,0.003226,0.000000,0.003226,1.95e-05
2688,22,0.048058,0.025812,0.055802,1.94e-05
2689,22,0.065434,0.000000,0.065434,1.94e-05
2690,22,0.039404,0.000000,0.039404,1.94e-05
2691,22,0.032698,0.000000,0.032698,1.93e-05
2692,22,0.070648,0.000000,0.070648,1.93e-05
2693,22,0.041599,0.000000,0.041599,1.93e-05
2694,22,0.063682,0.000000,0.063682,1.92e-05
2695,22,0.044346,0.000000,0.044346,1.92e-05
2696,22,0.027290,0.000000,0.027290,1.92e-05
2697,22,0.013225,0.000000,0.013225,1.91e-05
2698,22,0.037152,0.000000,0.037152,1.91e-05
2699,22,0.045130,0.000000,0.045130,1.91e-05
2700,22,0.028509,0.000000,0.028509,1.90e-05
2701,22,0.009276,0.000000,0.009276,1.90e-05
2702,22,0.126928,0.000000,0.126928,1.90e-05
2703,22,0.051997,0.000000,0.051997,1.89e-05
2704,22,0.009965,0.036947,0.021049,1.89e-05
2705,22,0.051235,0.000000,0.051235,1.89e-05
2706,22,0.059975,0.000000,0.059975,1.88e-05
2707,22,0.080665,0.000000,0.080665,1.88e-05
2708,22,0.024106,0.000000,0.024106,1.88e-05
2709,22,0.047171,0.000000,0.047171,1.87e-05
2710,22,0.008620,0.000000,0.008620,1.87e-05
2711,22,0.027188,0.000000,0.027188,1.87e-05
2712,22,0.099561,0.000000,0.099561,1.86e-05
2713,22,0.041567,0.000000,0.041567,1.86e-05
2714,22,0.037820,0.000000,0.037820,1.86e-05
2715,22,0.044938,0.000000,0.044938,1.85e-05
2716,22,0.101090,0.000000,0.101090,1.85e-05
2717,22,0.067252,0.000000,0.067252,1.85e-05
2718,22,0.044566,0.000000,0.044566,1.84e-05
2719,22,0.042693,0.000000,0.042693,1.84e-05
2720,22,0.047166,0.028316,0.055661,1.84e-05
2721,22,0.078634,0.000000,0.078634,1.83e-05
2722,22,0.012679,0.000000,0.012679,1.83e-05
2723,22,0.080754,0.000000,0.080754,1.83e-05
2724,22,0.031107,0.000000,0.031107,1.82e-05
2725,22,0.125698,0.000000,0.125698,1.82e-05
2726,22,0.083718,0.000000,0.083718,1.82e-05
2727,22,0.024460,0.000000,0.024460,1.81e-05
2728,22,0.007298,0.000000,0.007298,1.81e-05
2729,22,0.062877,0.000000,0.062877,1.81e-05
2730,22,0.027740,0.000000,0.027740,1.80e-05
2731,22,0.036926,0.000000,0.036926,1.80e-05
2732,22,0.056951,0.000000,0.056951,1.80e-05
2733,22,0.163616,0.000000,0.163616,1.79e-05
2734,22,0.028372,0.000000,0.028372,1.79e-05
2735,22,0.030374,0.000000,0.030374,1.79e-05
2736,22,0.031875,0.078455,0.055412,1.78e-05
2737,22,0.038260,0.000000,0.038260,1.78e-05
2738,22,0.070228,0.000000,0.070228,1.78e-05
2739,22,0.028428,0.000000,0.028428,1.77e-05
2740,22,0.073082,0.000000,0.073082,1.77e-05
2741,22,0.091199,0.000000,0.091199,1.77e-05
2742,22,0.053711,0.000000,0.053711,1.76e-05
2743,22,0.043465,0.000000,0.043465,1.76e-05
2744,22,0.015955,0.000000,0.015955,1.76e-05
2745,22,0.050155,0.000000,0.050155,1.75e-05
2746,22,0.031507,0.000000,0.031507,1.75e-05
2747,22,0.048466,0.000000,0.048466,1.75e-05
2748,22,0.009290,0.000000,0.009290,1.74e-05
2749,22,0.073119,0.000000,0.073119,1.74e-05
2750,23,0.058768,0.000000,0.058768,1.74e-05
2751,23,0.040859,0.000000,0.040859,1.73e-05
2752,23,0.101913,0.052558,0.117681,1.73e-05
2753,23,0.090390,0.000000,0.090390,1.73e-05
2754,23,0.039649,0.000000,0.039649,1.72e-05
2755,23,0.064991,0.000000,0.064991,1.72e-05
2756,23,0.085609,0.000000,0.085609,1.72e-05
2757,23,0.010431,0.000000,0.010431,1.71e-05
2758,23,0.008416,0.000000,0.008416,1.71e-05
2759,23,0.036172,0.000000,0.036172,1.71e-05
2760,23,0.054647,0.000000,0.054647,1.70e-05
2761,23,0.003841,0.000000,0.003841,1.70e-05
2762,23,0.023630,0.000000,0.023630,1.70e-05
2763,23,0.012562,0.000000,0.012562,1.70e-05
2764,23,0.021659,0.000000,0.021659,1.69e-05
2765,23,0.082596,0.000000,0.082596,1.69e-05
2766,23,0.029973,0.000000,0.029973,1.69e-05
2767,23,0.016603,0.000000,0.016603,1.68e-05
2768,23,0.011050,0.013256,0.015027,1.68e-05
2769,23,0.077090,0.000000,0.077090,1.68e-05
2770,23,0.055086,0.000000,0.055086,1.67e-05
2771,23,0.033717,0.000000,0.033717,1.67e-05
2772,23,0.046694,0.000000,0.046694,1.67e-05
2773,23,0.016945,0.000000,0.016945,1.66e-05
2774,23,0.030755,0.000000,0.030755,1.66e-05
2775,23,0.073140,0.000000,0.073140,1.66e-05
2776,23,0.030239,0.000000,0.030239,1.65e-05
2777,23,0.155639,0.000000,0.155639,1.65e-05
2778,23,0.014662,0.000000,0.014662,1.65e-05
2779,23,0.063193,0.000000,0.063193,1.64e-05
2780,23,0.016769,0.000000,0.016769,1.64e-05
2781,23,0.044916,0.000000,0.044916,1.64e-05
2782,23,0.073889,0.000000,0.073889,1.63e-05
2783,23,0.007839,0.000000,0.007839,1.63e-05
2784,23,0.070817,0.023563,0.077885,1.63e-05
2785,23,0.027289,0.000000,0.027289,1.62e-05
2786,23,0.037936,0.000000,0.037936,1.62e-05
2787,23,0.039543,0.000000,0.039543,1.62e-05
2788,23,0.007397,0.000000,0.007397,1.62e-05
2789,23,0.010043,0.000000,0.010043,1.61e-05
2790,23,0.045394,0.000000,0.045394,1.61e-05
2791,23,0.049372,0.000000,0.049372,1.61e-05
2792,23,0.074010,0.000000,0.074010,1.60e-05
2793,23,0.044164,0.000000,0.044164,1.60e-05
2794,23,0.020516,0.000000,0.020516,1.60e-05
2795,23,0.054780,0.000000,0.054780,1.59e-05
2796,23,0.083055,0.000000,0.083055,1.59e-05
2797,23,0.087428,0.000000,0.087428,1.59e-05
2798,23,0.023743,0.000000,0.023743,1.58e-05
2799,23,0.042162,0.000000,0.042162,1.58e-05
2800,23,0.052248,0.035577,0.062921,1.58e-05
2801,23,0.091888,0.000000,0.091888,1.57e-05
2802,23,0.043089,0.000000,0.043089,1.57e-05
2803,23,0.009240,0.000000,0.009240,1.57e-05
2804,23,0.080893,0.000000,0.080893,1.56e-05
2805,23,0.035698,0.000000,0.035698,1.56e-05
2806,23,0.054313,0.000000,0.054313,1.56e-05
2807,23,0.020216,0.000000,0.020216,1.56e-05
2808,23,0.089074,0.000000,0.089074,1.55e-05
2809,23,0.012909,0.000000,0.012909,1.55e-05
2810,23,0.069572,0.000000,0.069572,1.55e-05
2811,23,0.054098,0.000000,0.054098,1.54e-05
2812,23,0.066055,0.000000,0.066055,1.54e-05
2813,23,0.043876,0.000000,0.043876,1.54e-05
2814,23,0.030100,0.000000,0.030100,1.53e-05
2815,23,0.076782,0.000000,0.076782,1.53e-05
2816,23,0.032795,0.009473,0.035637,1.53e-05
2817,23,0.029049,0.000000,0.029049,1.52e-05
2818,23,0.036738,0.000000,0.036738,1.52e-05
2819,23,0.014873,0.000000,0.014873,1.52e-05
2820,23,0.045776,0.000000,0.045776,1.52e-05
2821,23,0.017604,0.000000,0.017604,1.51e-05
2822,23,0.085741,0.000000,0.085741,1.51e-05
2823,23,0.061714,0.000000,0.061714,1.51e-05
2824,23,0.014275,0.000000,0.014275,1.50e-05
2825,23,0.115282,0.000000,0.115282,1.50e-05
2826,23,0.022449,0.000000,0.022449,1.50e-05
2827,23,0.022254,0.000000,0.022254,1.49e-05
2828,23,0.065975,0.000000,0.065975,1.49e-05
2829,23,0.055567,0.000000,0.055567,1.49e-05
2830,23,0.031256,0.000000,0.031256,1.48e-05
2831,23,0.030355,0.000000,0.030355,1.48e-05
2832,23,0.064802,0.019004,0.070503,1.48e-05
2833,23,0.040961,0.000000,0.040961,1.48e-05
2834,23,0.062058,0.000000,0.062058,1.47e-05
2835,23,0.040407,0.000000,0.040407,1.47e-05
2836,23,0.067171,0.000000,0.067171,1.47e-05
2837,23,0.065843,0.000000,0.065843,1.46e-05
2838,23,0.104309,0.000000,0.104309,1.46e-05
2839,23,0.051470,0.000000,0.051470,1.46e-05
2840,23,0.052505,0.000000,0.052505,1.45e-05
2841,23,0.028487,0.000000,0.028487,1.45e-05
2842,23,0.092376,0.000000,0.092376,1.45e-05
2843,23,0.116416,0.000000,0.116416,1.44e-05
2844,23,0.052184,0.000000,0.052184,1.44e-05
2845,23,0.007360,0.000000,0.007360,1.44e-05
2846,23,0.063199,0.000000,0.063199,1.44e-05
2847,23,0.006506,0.000000,0.006506,1.43e-05
2848,23,0.074314,0.009832,0.077264,1.43e-05
2849,23,0.055107,0.000000,0.055107,1.43e-05
2850,23,0.065852,0.000000,0.065852,1.42e-05
2851,23,0.027809,0.000000,0.027809,1.42e-05
2852,23,0.071425,0.000000,0.071425,1.42e-05
2853,23,0.075913,0.000000,0.075913,1.41e-05
2854,23,0.093222,0.000000,0.093222,1.41e-05
2855,23,0.075628,0.000000,0.075628,1.41e-05
2856,23,0.010984,0.000000,0.010984,1.41e-05
2857,23,0.061613,0.000000,0.061613,1.40e-05
2858,23,0.012813,0.000000,0.012813,1.40e-05
2859,23,0.003602,0.000000,0.003602,1.40e-05
2860,23,0.136377,0.000000,0.136377,1.39e-05
2861,23,0.029032,0.000000,0.029032,1.39e-05
2862,23,0.025439,0.000000,0.025439,1.39e-05
2863,23,0.093694,0.000000,0.093694,1.38e-05
2864,23,0.031035,0.011761,0.034564,1.38e-05
2865,23,0.055050,0.000000,0.055050,1.38e-05
2866,23,0.004305,0.000000,0.004305,1.38e-05
2867,23,0.015633,0.000000,0.015633,1.37e-05
2868,23,0.030293,0.000000,0.030293,1.37e-05
2869,23,0.017840,0.000000,0.017840,1.37e-05
2870,23,0.023276,0.000000,0.023276,1.36e-05
2871,23,0.035158,0.000000,0.035158,1.36e-05
2872,23,0.036245,0.000000,0.036245,1.36e-05
2873,23,0.114081,0.000000,0.114081,1.36e-05
2874,23,0.028971,0.000000,0.028971,1.35e-05
2875,24,0.054053,0.000000,0.054053,1.35e-05
2876,24,0.008487,0.000000,0.008487,1.35e-05
2877,24,0.033676,0.000000,0.033676,1.34e-05
2878,24,0.058194,0.000000,0.058194,1.34e-05
2879,24,0.020782,0.000000,0.020782,1.34e-05
2880,24,0.121170,0.013464,0.125209,1.33e-05
2881,24,0.074400,0.000000,0.074400,1.33e-05
2882,24,0.053724,0.000000,0.053724,1.33e-05
2883,24,0.014020,0.000000,0.014020,1.33e-05
2884,24,0.021670,0.000000,0.021670,1.32e-05
2885,24,0.068475,0.000000,0.068475,1.32e-05
2886,24,0.066338,0.000000,0.066338,1.32e-05
2887,24,0.087933,0.000000,0.087933,1.31e-05
2888,24,0.055058,0.000000,0.055058,1.31e-05
2889,24,0.024642,0.000000,0.024642,1.31e-05
2890,24,0.041357,0.000000,0.041357,1.31e-05
2891,24,0.045914,0.000000,0.045914,1.30e-05
2892,24,0.085513,0.000000,0.085513,1.30e-05
2893,24,0.031110,0.000000,0.031110,1.30e-05
2894,24,0.008382,0.000000,0.008382,1.29e-05
2895,24,0.019909,0.000000,0.019909,1.29e-05
2896,24,0.063448,0.067437,0.083679,1.29e-05
2897,24,0.059728,0.000000,0.059728,1.29e-05
2898,24,0.004947,0.000000,0.004947,1.28e-05
2899,24,0.020792,0.000000,0.020792,1.28e-05
2900,24,0.003688,0.000000,0.003688,1.28e-05
2901,24,0.091384,0.000000,0.091384,1.27e-05
2902,24,0.100628,0.000000,0.100628,1.27e-05
2903,24,0.054904,0.000000,0.054904,1.27e-05
2904,24,0.027297,0.000000,0.027297,1.27e-05
2905,24,0.046792,0.000000,0.046792,1.26e-05
2906,24,0.010533,0.000000,0.010533,1.26e-05
2907,24,0.050717,0.000000,0.050717,1.26e-05
2908,24,0.039223,0.000000,0.039223,1.25e-05
2909,24,0.051211,0.000000,0.051211,1.25e-05
2910,24,0.048244,0.000000,0.048244,1.25e-05
2911,24,0.085315,0.000000,0.085315,1.25e-05
2912,24,0.026878,0.093874,0.055040,1.24e-05
2913,24,0.027735,0.000000,0.027735,1.24e-05
2914,24,0.040975,0.000000,0.040975,1.24e-05
2915,24,0.048297,0.000000,0.048297,1.23e-05
2916,24,0.046738,0.000000,0.046738,1.23e-05
2917,24,0.007006,0.000000,0.007006,1.23e-05
2918,24,0.059118,0.000000,0.059118,1.23e-05
2919,24,0.039213,0.000000,0.039213,1.22e-05
2920,24,0.058511,0.000000,0.058511,1.22e-05
2921,24,0.043153,0.000000,0.043153,1.22e-05
2922,24,0.064209,0.000000,0.064209,1.21e-05
2923,24,0.076544,0.000000,0.076544,1.21e-05
2924,24,0.044810,0.000000,0.044810,1.21e-05
2925,24,0.076079,0.000000,0.076079,1.21e-05
2926,24,0.057220,0.000000,0.057220,1.20e-05
2927,24,0.069165,0.000000,0.069165,1.20e-05
2928,24,0.067052,0.013333,0.071052,1.20e-05
2929,24,0.046228,0.000000,0.046228,1.19e-05
2930,24,0.017874,0.000000,0.017874,1.19e-05
2931,24,0.004303,0.000000,0.004303,1.19e-05
2932,24,0.075053,0.000000,0.075053,1.19e-05
2933,24,0.089641,0.000000,0.089641,1.18e-05
2934,24,0.024718,0.000000,0.024718,1.18e-05
2935,24,0.014483,0.000000,0.014483,1.18e-05
2936,24,0.040993,0.000000,0.040993,1.18e-05
2937,24,0.031755,0.000000,0.031755,1.17e-05
2938,24,0.033889,0.000000,0.033889,1.17e-05
2939,24,0.061007,0.000000,0.061007,1.17e-05
2940,24,0.080696,0.000000,0.080696,1.16e-05
2941,24,0.021696,0.000000,0.021696,1.16e-05
2942,24,0.021613,0.000000,0.021613,1.16e-05
2943,24,0.052428,0.000000,0.052428,1.16e-05
2944,24,0.044748,0.071613,0.066232,1.15e-05
2945,24,0.144906,0.000000,0.144906,1.15e-05
2946,24,0.040382,0.000000,0.040382,1.15e-05
2947,24,0.013024,0.000000,0.013024,1.14e-05
2948,24,0.041659,0.000000,0.041659,1.14e-05
2949,24,0.068507,0.000000,0.068507,1.14e-05
2950,24,0.002842,0.000000,0.002842,1.14e-05
2951,24,0.023461,0.000000,0.023461,1.13e-05
2952,24,0.165854,0.000000,0.165854,1.13e-05
2953,24,0.032236,0.000000,0.032236,1.13e-05
2954,24,0.087590,0.000000,0.087590,1.13e-05
2955,24,0.026951,0.000000,0.026951,1.12e-05
2956,24,0.026448,0.000000,0.026448,1.12e-05
2957,24,0.035096,0.000000,0.035096,1.12e-05
2958,24,0.038708,0.000000,0.038708,1.11e-05
2959,24,0.032162,0.000000,0.032162,1.11e-05
2960,24,0.045427,0.022427,0.052156,1.11e-05
2961,24,0.036214,0.000000,0.036214,1.11e-05
2962,24,0.054152,0.000000,0.054152,1.10e-05
2963,24,0.126588,0.000000,0.126588,1.10e-05
2964,24,0.040073,0.000000,0.040073,1.10e-05
2965,24,0.064909,0.000000,0.064909,1.10e-05
2966,24,0.041469,0.000000,0.041469,1.09e-05
2967,24,0.032012,0.000000,0.032012,1.09e-05
2968,24,0.094509,0.000000,0.094509,1.09e-05
2969,24,0.030191,0.000000,0.030191,1.09e-05
2970,24,0.035385,0.000000,0.035385,1.08e-05
2971,24,0.038240,0.000000,0.038240,1.08e-05
2972,24,0.094209,0.000000,0.094209,1.08e-05
2973,24,0.016370,0.000000,0.016370,1.07e-05
2974,24,0.113765,0.000000,0.113765,1.07e-05
2975,24,0.059905,0.000000,0.059905,1.07e-05
2976,24,0.011838,0.016894,0.016906,1.07e-05
2977,24,0.028535,0.000000,0.028535,1.06e-05
2978,24,0.047251,0.000000,0.047251,1.06e-05
2979,24,0.022701,0.000000,0.022701,1.06e-05
2980,24,0.013401,0.000000,0.013401,1.06e-05
2981,24,0.008257,0.000000,0.008257,1.05e-05
2982,24,0.018991,0.000000,0.018991,1.05e-05
2983,24,0.052719,0.000000,0.052719,1.05e-05
2984,24,0.038059,0.000000,0.038059,1.05e-05
2985,24,0.068179,0.000000,0.068179,1.04e-05
2986,24,0.052379,0.000000,0.052379,1.04e-05
2987,24,0.103851,0.000000,0.103851,1.04e-05
2988,24,0.070744,0.000000,0.070744,1.03e-05
2989,24,0.092844,0.000000,0.092844,1.03e-05
2990,24,0.042513,0.000000,0.042513,1.03e-05
2991,24,0.053777,0.000000,0.053777,1.03e-05
2992,24,0.006600,0.025343,0.014203,1.02e-05
2993,24,0.034945,0.000000,0.034945,1.02e-05
2994,24,0.038195,0.000000,0.038195,1.02e-05
2995,24,0.048899,0.000000,0.048899,1.02e-05
2996,24,0.061562,0.000000,0.061562,1.01e-05
2997,24,0.116506,0.000000,0.116506,1.01e-05
2998,24,0.031623,0.000000,0.031623,1.01e-05
2999,24,0.081937,0.000000,0.081937,1.01e-05
3000,25,0.065555,0.000000,0.065555,1.00e-05
3001,25,0.027727,0.000000,0.027727,1.00e-05
3002,25,0.085118,0.000000,0.085118,9.98e-06
3003,25,0.080861,0.000000,0.080861,9.96e-06
3004,25,0.021129,0.000000,0.021129,9.93e-06
3005,25,0.021349,0.000000,0.021349,9.91e-06
3006,25,0.031842,0.000000,0.031842,9.88e-06
3007,25,0.041067,0.000000,0.041067,9.85e-06
3008,25,0.063163,0.013943,0.067346,9.83e-06
3009,25,0.039220,0.000000,0.039220,9.80e-06
3010,25,0.035101,0.000000,0.035101,9.78e-06
3011,25,0.042149,0.000000,0.042149,9.75e-06
3012,25,0.052895,0.000000,0.052895,9.73e-06
3013,25,0.039222,0.000000,0.039222,9.70e-06
3014,25,0.027236,0.000000,0.027236,9.68e-06
3015,25,0.023972,0.000000,0.023972,9.65e-06
3016,25,0.039185,0.000000,0.039185,9.63e-06
3017,25,0.044655,0.000000,0.044655,9.60e-06
3018,25,0.025709,0.000000,0.025709,9.57e-06
3019,25,0.051523,0.000000,0.051523,9.55e-06
3020,25,0.065793,0.000000,0.065793,9.52e-06
3021,25,0.020908,0.000000,0.020908,9.50e-06
3022,25,0.016872,0.000000,0.016872,9.47e-06
3023,25,0.018678,0.000000,0.018678,9.45e-06
3024,25,0.041322,0.011597,0.044801,9.42e-06
3025,25,0.112536,0.000000,0.112536,9.40e-06
3026,25,0.022920,0.000000,0.022920,9.37e-06
3027,25,0.044818,0.000000,0.044818,9.35e-06
3028,25,0.013008,0.000000,0.013008,9.32e-06
3029,25,0.064919,0.000000,0.064919,9.30e-06
3030,25,0.020470,0.000000,0.020470,9.27e-06
3031,25,0.043622,0.000000,0.043622,9.25e-06
3032,25,0.044897,0.000000,0.044897,9.22e-06
3033,25,0.037256,0.000000,0.037256,9.20e-06
3034,25,0.132706,0.000000,0.132706,9.17e-06
3035,25,0.069246,0.000000,0.069246,9.15e-06
3036,25,0.055753,0.000000,0.055753,9.12e-06
3037,25,0.046344,0.000000,0.046344,9.10e-06
3038,25,0.037310,0.000000,0.037310,9.07e-06
3039,25,0.041059,0.000000,0.041059,9.05e-06
3040,25,0.012405,0.009561,0.015273,9.02e-06
3041,25,0.033933,0.000000,0.033933,9.00e-06
3042,25,0.041981,0.000000,0.041981,8.98e-06
3043,25,0.048207,0.000000,0.048207,8.95e-06
3044,25,0.006066,0.000000,0.006066,8.93e-06
3045,25,0.067316,0.000000,0.067316,8.90e-06
3046,25,0.025679,0.000000,0.025679,8.88e-06
3047,25,0.099346,0.000000,0.099346,8.85e-06
3048,25,0.009784,0.000000,0.009784,8.83e-06
3049,25,0.013223,0.000000,0.013223,8.80e-06
3050,25,0.033551,0.000000,0.033551,8.78e-06
3051,25,0.063731,0.000000,0.063731,8.76e-06
3052,25,0.013561,0.000000,0.013561,8.73e-06
3053,25,0.081129,0.000000,0.081129,8.71e-06
3054,25,0.043337,0.000000,0.043337,8.68e-06
3055,25,0.069540,0.000000,0.069540,8.66e-06
3056,25,0.035199,0.005643,0.036892,8.63e-06
3057,25,0.059091,0.000000,0.059091,8.61e-06
3058,25,0.019768,0.000000,0.019768,8.59e-06
3059,25,0.025310,0.000000,0.025310,8.56e-06
3060,25,0.026353,0.000000,0.026353,8.54e-06
3061,25,0.062146,0.000000,0.062146,8.51e-06
3062,25,0.024081,0.000000,0.024081,8.49e-06
3063,25,0.050232,0.000000,0.050232,8.47e-06
3064,25,0.106506,0.000000,0.106506,8.44e-06
3065,25,0.061648,0.000000,0.061648,8.42e-06
3066,25,0.043755,0.000000,0.043755,8.39e-06
3067,25,0.032706,0.000000,0.032706,8.37e-06
3068,25,0.114970,0.000000,0.114970,8.35e-06
3069,25,0.012936,0.000000,0.012936,8.32e-06
3070,25,0.042992,0.000000,0.042992,8.30e-06
3071,25,0.029524,0.000000,0.029524,8.27e-06
3072,25,0.025832,0.075645,0.048525,8.25e-06
3073,25,0.050156,0.000000,0.050156,8.23e-06
3074,25,0.092971,0.000000,0.092971,8.20e-06
3075,25,0.077463,0.000000,0.077463,8.18e-06
3076,25,0.013484,0.000000,0.013484,8.16e-06
3077,25,0.027355,0.000000,0.027355,8.13e-06
3078,25,0.092297,0.000000,0.092297,8.11e-06
3079,25,0.014760,0.000000,0.014760,8.09e-06
3080,25,0.015209,0.000000,0.015209,8.06e-06
3081,25,0.060214,0.000000,0.060214,8.04e-06
3082,25,0.022219,0.000000,0.022219,8.02e-06
3083,25,0.009563,0.000000,0.009563,7.99e-06
3084,25,0.044595,0.000000,0.044595,7.97e-06
3085,25,0.037060,0.000000,0.037060,7.95e-06
3086,25,0.066658,0.000000,0.066658,7.92e-06
3087,25,0.027366,0.000000,0.027366,7.90e-06
3088,25,0.063050,0.006873,0.065112,7.88e-06
3089,25,0.017970,0.000000,0.017970,7.85e-06
3090,25,0.045956,0.000000,0.045956,7.83e-06
3091,25,0.074189,0.000000,0.074189,7.81e-06
3092,25,0.037829,0.000000,0.037829,7.78e-06
3093,25,0.015165,0.000000,0.015165,7.76e-06
3094,25,0.012515,0.000000,0.012515,7.74e-06
3095,25,0.085490,0.000000,0.085490,7.71e-06
3096,25,0.023286,0.000000,0.023286,7.69e-06
3097,25,0.062487,0.000000,0.062487,7.67e-06
3098,25,0.056068,0.000000,0.056068,7.65e-06
3099,25,0.024785,0.000000,0.024785,7.62e-06
3100,25,0.033612,0.000000,0.033612,7.60e-06
3101,25,0.110888,0.000000,0.110888,7.58e-06
3102,25,0.055796,0.000000,0.055796,7.55e-06
3103,25,0.060824,0.000000,0.060824,7.53e-06
3104,25,0.041932,0.018891,0.047599,7.51e-06
3105,25,0.084598,0.000000,0.084598,7.49e-06
3106,25,0.028737,0.000000,0.028737,7.46e-06
3107,25,0.007095,0.000000,0.007095,7.44e-06
3108,25,0.027780,0.000000,0.027780,7.42e-06
3109,25,0.087541,0.000000,0.087541,7.40e-06
3110,25,0.051793,0.000000,0.051793,7.37e-06
3111,25,0.104637,0.000000,0.104637,7.35e-06
3112,25,0.005286,0.000000,0.005286,7.33e-06
3113,25,0.047569,0.000000,0.047569,7.31e-06
3114,25,0.003168,0.000000,0.003168,7.28e-06
3115,25,0.100065,0.000000,0.100065,7.26e-06
3116,25,0.033080,0.000000,0.033080,7.24e-06
3117,25,0.015664,0.000000,0.015664,7.22e-06
3118,25,0.073728,0.000000,0.073728,7.19e-06
3119,25,0.028638,0.000000,0.028638,7.17e-06
3120,25,0.015262,0.008983,0.017956,7.15e-06
3121,25,0.013251,0.000000,0.013251,7.13e-06
3122,25,0.074373,0.000000,0.074373,7.11e-06
3123,25,0.059735,0.000000,0.059735,7.08e-06
3124,25,0.008577,0.000000,0.008577,7.06e-06
3125,26,0.033143,0.000000,0.033143,7.04e-06
3126,26,0.099616,0.000000,0.099616,7.02e-06
3127,26,0.076380,0.000000,0.076380,7.00e-06
3128,26,0.043816,0.000000,0.043816,6.97e-06
3129,26,0.038311,0.000000,0.038311,6.95e-06
3130,26,0.032785,0.000000,0.032785,6.93e-06
3131,26,0.079338,0.000000,0.079338,6.91e-06
3132,26,0.079369,0.000000,0.079369,6.89e-06
3133,26,0.055151,0.000000,0.055151,6.86e-06
3134,26,0.033850,0.000000,0.033850,6.84e-06
3135,26,0.055999,0.000000,0.055999,6.82e-06
3136,26,0.050918,0.068341,0.071420,6.80e-06
3137,26,0.009630,0.000000,0.009630,6.78e-06
3138,26,0.054052,0.000000,0.054052,6.76e-06
3139,26,0.036852,0.000000,0.036852,6.73e-06
3140,26,0.075677,0.000000,0.075677,6.71e-06
3141,26,0.046921,0.000000,0.046921,6.69e-06
3142,26,0.048549,0.000000,0.048549,6.67e-06
3143,26,0.050320,0.000000,0.050320,6.65e-06
3144,26,0.086337,0.000000,0.086337,6.63e-06
3145,26,0.047302,0.000000,0.047302,6.61e-06
3146,26,0.028001,0.000000,0.028001,6.58e-06
3147,26,0.033036,0.000000,0.033036,6.56e-06
3148,26,0.126520,0.000000,0.126520,6.54e-06
3149,26,0.057120,0.000000,0.057120,6.52e-06
3150,26,0.042638,0.000000,0.042638,6.50e-06
3151,26,0.036624,0.000000,0.036624,6.48e-06
3152,26,0.052116,0.063347,0.071121,6.46e-06
3153,26,0.062192,0.000000,0.062192,6.44e-06
3154,26,0.049649,0.000000,0.049649,6.41e-06
3155,26,0.110077,0.000000,0.110077,6.39e-06
3156,26,0.036658,0.000000,0.036658,6.37e-06
3157,26,0.082483,0.000000,0.082483,6.35e-06
3158,26,0.039692,0.000000,0.039692,6.33e-06
3159,26,0.059261,0.000000,0.059261,6.31e-06
3160,26,0.020521,0.000000,0.020521,6.29e-06
3161,26,0.096433,0.000000,0.096433,6.27e-06
3162,26,0.018584,0.000000,0.018584,6.25e-06
3163,26,0.110518,0.000000,0.110518,6.23e-06
3164,26,0.042861,0.000000,0.042861,6.21e-06
3165,26,0.042436,0.000000,0.042436,6.18e-06
3166,26,0.072674,0.000000,0.072674,6.16e-06
3167,26,0.029853,0.000000,0.029853,6.14e-06
3168,26,0.030263,0.028580,0.038837,6.12e-06
3169,26,0.013244,0.000000,0.013244,6.10e-06
3170,26,0.117723,0.000000,0.117723,6.08e-06
3171,26,0.098347,0.000000,0.098347,6.06e-06
3172,26,0.052540,0.000000,0.052540,6.04e-06
3173,26,0.022989,0.000000,0.022989,6.02e-06
3174,26,0.057079,0.000000,0.057079,6.00e-06
3175,26,0.015112,0.000000,0.015112,5.98e-06
3176,26,0.041502,0.000000,0.041502,5.96e-06
3177,26,0.023328,0.000000,0.023328,5.94e-06
3178,26,0.031443,0.000000,0.031443,5.92e-06
3179,26,0.035885,0.000000,0.035885,5.90e-06
3180,26,0.041217,0.000000,0.041217,5.88e-06
3181,26,0.013603,0.000000,0.013603,5.86e-06
3182,26,0.050278,0.000000,0.050278,5.84e-06
3183,26,0.029093,0.000000,0.029093,5.82e-06
3184,26,0.026333,0.005295,0.027922,5.80e-06
3185,26,0.042775,0.000000,0.042775,5.78e-06
3186,26,0.039522,0.000000,0.039522,5.76e-06
3187,26,0.098115,0.000000,0.098115,5.74e-06
3188,26,0.033916,0.000000,0.033916,5.72e-06
3189,26,0.073510,0.000000,0.073510,5.70e-06
3190,26,0.053406,0.000000,0.053406,5.68e-06
3191,26,0.059281,0.000000,0.059281,5.66e-06
3192,26,0.018638,0.000000,0.018638,5.64e-06
3193,26,0.047621,0.000000,0.047621,5.62e-06
3194,26,0.059677,0.000000,0.059677,5.60e-06
3195,26,0.069489,0.000000,0.069489,5.58e-06
3196,26,0.039256,0.000000,0.039256,5.56e-06
3197,26,0.020682,0.000000,0.020682,5.54e-06
3198,26,0.075491,0.000000,0.075491,5.52e-06
3199,26,0.032143,0.000000,0.032143,5.50e-06
3200,26,0.041064,0.004744,0.042487,5.48e-06
3201,26,0.092217,0.000000,0.092217,5.46e-06
3202,26,0.010939,0.000000,0.010939,5.44e-06
3203,26,0.064874,0.000000,0.064874,5.42e-06
3204,26,0.033802,0.000000,0.033802,5.40e-06
3205,26,0.057175,0.000000,0.057175,5.38e-06
3206,26,0.046127,0.000000,0.046127,5.36e-06
3207,26,0.025787,0.000000,0.025787,5.34e-06
3208,26,0.031994,0.000000,0.031994,5.32e-06
3209,26,0.042056,0.000000,0.042056,5.30e-06
3210,26,0.075834,0.000000,0.075834,5.28e-06
3211,26,0.049343,0.000000,0.049343,5.27e-06
3212,26,0.021092,0.000000,0.021092,5.25e-06
3213,26,0.053603,0.000000,0.053603,5.23e-06
3214,26,0.022880,0.000000,0.022880,5.21e-06
3215,26,0.043360,0.000000,0.043360,5.19e-06
3216,26,0.026715,0.016587,0.031691,5.17e-06
3217,26,0.108163,0.000000,0.108163,5.15e-06
3218,26,0.058639,0.000000,0.058639,5.13e-06
3219,26,0.065647,0.000000,0.065647,5.11e-06
3220,26,0.034947,0.000000,0.034947,5.09e-06
3221,26,0.038563,0.000000,0.038563,5.07e-06
3222,26,0.029717,0.000000,0.029717,5.06e-06
3223,26,0.040101,0.000000,0.040101,5.04e-06
3224,26,0.053372,0.000000,0.053372,5.02e-06
3225,26,0.016014,0.000000,0.016014,5.00e-06
3226,26,0.061818,0.000000,0.061818,4.98e-06
3227,26,0.085032,0.000000,0.085032,4.96e-06
3228,26,0.065959,0.000000,0.065959,4.94e-06
3229,26,0.059279,0.000000,0.059279,4.92e-06
3230,26,0.012291,0.000000,0.012291,4.91e-06
3231,26,0.032720,0.000000,0.032720,4.89e-06
3232,26,0.090452,0.064559,0.109820,4.87e-06
3233,26,0.065875,0.000000,0.065875,4.85e-06
3234,26,0.060863,0.000000,0.060863,4.83e-06
3235,26,0.025624,0.000000,0.025624,4.81e-06
3236,26,0.006383,0.000000,0.006383,4.80e-06
3237,26,0.019222,0.000000,0.019222,4.78e-06
3238,26,0.040749,0.000000,0.040749,4.76e-06
3239,26,0.046332,0.000000,0.046332,4.74e-06
3240,26,0.072300,0.000000,0.072300,4.72e-06
3241,26,0.056038,0.000000,0.056038,4.70e-06
3242,26,0.052044,0.000000,0.052044,4.69e-06
3243,26,0.032052,0.000000,0.032052,4.67e-06
3244,26,0.027636,0.000000,0.027636,4.65e-06
3245,26,0.034857,0.000000,0.034857,4.63e-06
3246,26,0.023177,0.000000,0.023177,4.61e-06
3247,26,0.088832,0.000000,0.088832,4.60e-06
3248,26,0.059828,0.110001,0.092828,4.58e-06
3249,26,0.033820,0.000000,0.033820,4.56e-06
3250,27,0.029710,0.000000,0.029710,4.54e-06
3251,27,0.023808,0.000000,0.023808,4.52e-06
3252,27,0.006264,0.000000,0.006264,4.51e-06
3253,27,0.045295,0.000000,0.045295,4.49e-06
3254,27,0.023095,0.000000,0.023095,4.47e-06
3255,27,0.024975,0.000000,0.024975,4.45e-06
3256,27,0.006733,0.000000,0.006733,4.43e-06
3257,27,0.055517,0.000000,0.055517,4.42e-06
3258,27,0.076068,0.000000,0.076068,4.40e-06
3259,27,0.089066,0.000000,0.089066,4.38e-06
3260,27,0.035073,0.000000,0.035073,4.36e-06
3261,27,0.051870,0.000000,0.051870,4.35e-06
3262,27,0.015968,0.000000,0.015968,4.33e-06
3263,27,0.070943,0.000000,0.070943,4.31e-06
3264,27,0.006792,0.007764,0.009121,4.29e-06
3265,27,0.060312,0.000000,0.060312,4.28e-06
3266,27,0.062965,0.000000,0.062965,4.26e-06
3267,27,0.085474,0.000000,0.085474,4.24e-06
3268,27,0.106306,0.000000,0.106306,4.22e-06
3269,27,0.046114,0.000000,0.046114,4.21e-06
3270,27,0.041310,0.000000,0.041310,4.19e-06
3271,27,0.021111,0.000000,0.021111,4.17e-06
3272,27,0.045791,0.000000,0.045791,4.16e-06
3273,27,0.071136,0.000000,0.071136,4.14e-06
3274,27,0.011741,0.000000,0.011741,4.12e-06
3275,27,0.068262,0.000000,0.068262,4.10e-06
3276,27,0.043131,0.000000,0.043131,4.09e-06
3277,27,0.049615,0.000000,0.049615,4.07e-06
3278,27,0.008625,0.000000,0.008625,4.05e-06
3279,27,0.062961,0.000000,0.062961,4.04e-06
3280,27,0.010642,0.006369,0.012553,4.02e-06
3281,27,0.036125,0.000000,0.036125,4.00e-06
3282,27,0.086844,0.000000,0.086844,3.99e-06
3283,27,0.041758,0.000000,0.041758,3.97e-06
3284,27,0.066584,0.000000,0.066584,3.95e-06
3285,27,0.030660,0.000000,0.030660,3.93e-06
3286,27,0.039932,0.000000,0.039932,3.92e-06
3287,27,0.100287,0.000000,0.100287,3.90e-06
3288,27,0.037287,0.000000,0.037287,3.88e-06
3289,27,0.037033,0.000000,0.037033,3.87e-06
3290,27,0.024278,0.000000,0.024278,3.85e-06
3291,27,0.008448,0.000000,0.008448,3.83e-06
3292,27,0.003017,0.000000,0.003017,3.82e-06
3293,27,0.091616,0.000000,0.091616,3.80e-06
3294,27,0.029135,0.000000,0.029135,3.79e-06
3295,27,0.011320,0.000000,0.011320,3.77e-06
3296,27,0.015945,0.014030,0.020154,3.75e-06
3297,27,0.003925,0.000000,0.003925,3.74e-06
3298,27,0.043258,0.000000,0.043258,3.72e-06
3299,27,0.053114,0.000000,0.053114,3.70e-06
3300,27,0.021795,0.000000,0.021795,3.69e-06
3301,27,0.044079,0.000000,0.044079,3.67e-06
3302,27,0.070458,0.000000,0.070458,3.66e-06
3303,27,0.066806,0.000000,0.066806,3.64e-06
3304,27,0.077086,0.000000,0.077086,3.62e-06
3305,27,0.053297,0.000000,0.053297,3.61e-06
3306,27,0.036695,0.000000,0.036695,3.59e-06
3307,27,0.045547,0.000000,0.045547,3.57e-06
3308,27,0.029019,0.000000,0.029019,3.56e-06
3309,27,0.015126,0.000000,0.015126,3.54e-06
3310,27,0.037721,0.000000,0.037721,3.53e-06
3311,27,0.029399,0.000000,0.029399,3.51e-06
3312,27,0.070254,0.005849,0.072009,3.50e-06
3313,27,0.059805,0.000000,0.059805,3.48e-06
3314,27,0.060428,0.000000,0.060428,3.46e-06
3315,27,0.008189,0.000000,0.008189,3.45e-06
3316,27,0.044980,0.000000,0.044980,3.43e-06
3317,27,0.050912,0.000000,0.050912,3.42e-06
3318,27,0.086011,0.000000,0.086011,3.40e-06
3319,27,0.059273,0.000000,0.059273,3.39e-06
3320,27,0.050164,0.000000,0.050164,3.37e-06
3321,27,0.075143,0.000000,0.075143,3.35e-06
3322,27,0.067119,0.000000,0.067119,3.34e-06
3323,27,0.017306,0.000000,0.017306,3.32e-06
3324,27,0.005319,0.000000,0.005319,3.31e-06
3325,27,0.039672,0.000000,0.039672,3.29e-06
3326,27,0.038468,0.000000,0.038468,3.28e-06
3327,27,0.014761,0.000000,0.014761,3.26e-06
3328,27,0.016964,0.013976,0.021157,3.25e-06
3329,27,0.029674,0.000000,0.029674,3.23e-06
3330,27,0.011991,0.000000,0.011991,3.22e-06
3331,27,0.057245,0.000000,0.057245,3.20e-06
3332,27,0.028134,0.000000,0.028134,3.19e-06
3333,27,0.055821,0.000000,0.055821,3.17e-06
3334,27,0.061922,0.000000,0.061922,3.16e-06
3335,27,0.051187,0.000000,0.051187,3.14e-06
3336,27,0.046598,0.000000,0.046598,3.13e-06
3337,27,0.007100,0.000000,0.007100,3.11e-06
3338,27,0.033409,0.000000,0.033409,3.10e-06
3339,27,0.023462,0.000000,0.023462,3.08e-06
3340,27,0.074838,0.000000,0.074838,3.07e-06
3341,27,0.051486,0.000000,0.051486,3.05e-06
3342,27,0.193766,0.000000,0.193766,3.04e-06
3343,27,0.039880,0.000000,0.039880,3.02e-06
3344,27,0.016989,0.013233,0.020959,3.01e-06
3345,27,0.031678,0.000000,0.031678,2.99e-06
3346,27,0.092169,0.000000,0.092169,2.98e-06
3347,27,0.062437,0.000000,0.062437,2.96e-06
3348,27,0.086603,0.000000,0.086603,2.95e-06
3349,27,0.045377,0.000000,0.045377,2.93e-06
3350,27,0.073966,0.000000,0.073966,2.92e-06
3351,27,0.020817,0.000000,0.020817,2.91e-06
3352,27,0.058356,0.000000,0.058356,2.89e-06
3353,27,0.050443,0.000000,0.050443,2.88e-06
3354,27,0.055401,0.000000,0.055401,2.86e-06
3355,27,0.074866,0.000000,0.074866,2.85e-06
3356,27,0.068492,0.000000,0.068492,2.83e-06
3357,27,0.016731,0.000000,0.016731,2.82e-06
3358,27,0.032304,0.000000,0.032304,2.80e-06
3359,27,0.094571,0.000000,0.094571,2.79e-06
3360,27,0.015739,0.033119,0.025675,2.78e-06
3361,27,0.043524,0.000000,0.043524,2.76e-06
3362,27,0.017100,0.000000,0.017100,2.75e-06
3363,27,0.053769,0.000000,0.053769,2.73e-06
3364,27,0.023917,0.000000,0.023917,2.72e-06
3365,27,0.030512,0.000000,0.030512,2.71e-06
3366,27,0.084991,0.000000,0.084991,2.69e-06
3367,27,0.044882,0.000000,0.044882,2.68e-06
3368,27,0.026887,0.000000,0.026887,2.66e-06
3369,27,0.041627,0.000000,0.041627,2.65e-06
3370,27,0.100136,0.000000,0.100136,2.64e-06
3371,27,0.113397,0.000000,0.113397,2.62e-06
3372,27,0.052789,0.000000,0.052789,2.61e-06
3373,27,0.023725,0.000000,0.023725,2.60e-06
3374,27,0.015724,0.000000,0.015724,2.58e-06
3375,28,0.046405,0.000000,0.046405,2.57e-06
3376,28,0.029152,0.049471,0.043993,2.55e-06
3377,28,0.045260,0.000000,0.045260,2.54e-06
3378,28,0.070211,0.000000,0.070211,2.53e-06
3379,28,0.033213,0.000000,0.033213,2.51e-06
3380,28,0.055254,0.000000,0.055254,2.50e-06
3381,28,0.039155,0.000000,0.039155,2.49e-06
3382,28,0.005675,0.000000,0.005675,2.47e-06
3383,28,0.061361,0.000000,0.061361,2.46e-06
3384,28,0.045014,0.000000,0.045014,2.45e-06
3385,28,0.039117,0.000000,0.039117,2.43e-06
3386,28,0.072373,0.000000,0.072373,2.42e-06
3387,28,0.044416,0.000000,0.044416,2.41e-06
3388,28,0.033613,0.000000,0.033613,2.39e-06
3389,28,0.009453,0.000000,0.009453,2.38e-06
3390,28,0.044285,0.000000,0.044285,2.37e-06
3391,28,0.037591,0.000000,0.037591,2.35e-06
3392,28,0.061572,0.035962,0.072361,2.34e-06
3393,28,0.066435,0.000000,0.066435,2.33e-06
3394,28,0.040304,0.000000,0.040304,2.32e-06
3395,28,0.072630,0.000000,0.072630,2.30e-06
3396,28,0.054759,0.000000,0.054759,2.29e-06
3397,28,0.013926,0.000000,0.013926,2.28e-06
3398,28,0.073036,0.000000,0.073036,2.26e-06
3399,28,0.073420,0.000000,0.073420,2.25e-06
3400,28,0.121020,0.000000,0.121020,2.24e-06
3401,28,0.041774,0.000000,0.041774,2.23e-06
3402,28,0.085156,0.000000,0.085156,2.21e-06
3403,28,0.043430,0.000000,0.043430,2.20e-06
3404,28,0.035372,0.000000,0.035372,2.19e-06
3405,28,0.013080,0.000000,0.013080,2.18e-06
3406,28,0.093264,0.000000,0.093264,2.16e-06
3407,28,0.067976,0.000000,0.067976,2.15e-06
3408,28,0.088559,0.014505,0.092910,2.14e-06
3409,28,0.058895,0.000000,0.058895,2.13e-06
3410,28,0.087906,0.000000,0.087906,2.11e-06
3411,28,0.071988,0.000000,0.071988,2.10e-06
3412,28,0.023843,0.000000,0.023843,2.09e-06
3413,28,0.028189,0.000000,0.028189,2.08e-06
3414,28,0.043183,0.000000,0.043183,2.06e-06
3415,28,0.088194,0.000000,0.088194,2.05e-06
3416,28,0.080433,0.000000,0.080433,2.04e-06
3417,28,0.022526,0.000000,0.022526,2.03e-06
3418,28,0.033359,0.000000,0.033359,2.02e-06
3419,28,0.017643,0.000000,0.017643,2.00e-06
3420,28,0.074925,0.000000,0.074925,1.99e-06
3421,28,0.030623,0.000000,0.030623,1.98e-06
3422,28,0.028705,0.000000,0.028705,1.97e-06
3423,28,0.052185,0.000000,0.052185,1.96e-06
3424,28,0.055971,0.041714,0.068485,1.94e-06
3425,28,0.032400,0.000000,0.032400,1.93e-06
3426,28,0.073295,0.000000,0.073295,1.92e-06
3427,28,0.039091,0.000000,0.039091,1.91e-06
3428,28,0.033413,0.000000,0.033413,1.90e-06
3429,28,0.029284,0.000000,0.029284,1.88e-06
3430,28,0.043625,0.000000,0.043625,1.87e-06
3431,28,0.037795,0.000000,0.037795,1.86e-06
3432,28,0.036381,0.000000,0.036381,1.85e-06
3433,28,0.006331,0.000000,0.006331,1.84e-06
3434,28,0.109829,0.000000,0.109829,1.83e-06
3435,28,0.044463,0.000000,0.044463,1.81e-06
3436,28,0.023279,0.000000,0.023279,1.80e-06
3437,28,0.048248,0.000000,0.048248,1.79e-06
3438,28,0.036597,0.000000,0.036597,1.78e-06
3439,28,0.067914,0.000000,0.067914,1.77e-06
3440,28,0.023187,0.049552,0.038053,1.76e-06
3441,28,0.034744,0.000000,0.034744,1.75e-06
3442,28,0.013605,0.000000,0.013605,1.74e-06
3443,28,0.080401,0.000000,0.080401,1.72e-06
3444,28,0.109872,0.000000,0.109872,1.71e-06
3445,28,0.016220,0.000000,0.016220,1.70e-06
3446,28,0.081162,0.000000,0.081162,1.69e-06
3447,28,0.026169,0.000000,0.026169,1.68e-06
3448,28,0.034414,0.000000,0.034414,1.67e-06
3449,28,0.030213,0.000000,0.030213,1.66e-06
3450,28,0.018243,0.000000,0.018243,1.65e-06
3451,28,0.061223,0.000000,0.061223,1.64e-06
3452,28,0.028137,0.000000,0.028137,1.62e-06
3453,28,0.015078,0.000000,0.015078,1.61e-06
3454,28,0.030658,0.000000,0.030658,1.60e-06
3455,28,0.024858,0.000000,0.024858,1.59e-06
3456,28,0.058079,0.012461,0.061818,1.58e-06
3457,28,0.055516,0.000000,0.055516,1.57e-06
3458,28,0.032429,0.000000,0.032429,1.56e-06
3459,28,0.077610,0.000000,0.077610,1.55e-06
3460,28,0.054794,0.000000,0.054794,1.54e-06
3461,28,0.060338,0.000000,0.060338,1.53e-06
3462,28,0.081235,0.000000,0.081235,1.52e-06
3463,28,0.038559,0.000000,0.038559,1.51e-06
3464,28,0.081099,0.000000,0.081099,1.50e-06
3465,28,0.087884,0.000000,0.087884,1.49e-06
3466,28,0.047035,0.000000,0.047035,1.48e-06
3467,28,0.095005,0.000000,0.095005,1.47e-06
3468,28,0.047954,0.000000,0.047954,1.46e-06
3469,28,0.046783,0.000000,0.046783,1.44e-06
3470,28,0.028542,0.000000,0.028542,1.43e-06
3471,28,0.065824,0.000000,0.065824,1.42e-06
3472,28,0.023734,0.002043,0.024347,1.41e-06
3473,28,0.060244,0.000000,0.060244,1.40e-06
3474,28,0.002269,0.000000,0.002269,1.39e-06
3475,28,0.050345,0.000000,0.050345,1.38e-06
3476,28,0.029791,0.000000,0.029791,1.37e-06
3477,28,0.037354,0.000000,0.037354,1.36e-06
3478,28,0.083953,0.000000,0.083953,1.35e-06
3479,28,0.023242,0.000000,0.023242,1.34e-06
3480,28,0.035330,0.000000,0.035330,1.33e-06
3481,28,0.080839,0.000000,0.080839,1.32e-06
3482,28,0.033044,0.000000,0.033044,1.31e-06
3483,28,0.030320,0.000000,0.030320,1.30e-06
3484,28,0.031814,0.000000,0.031814,1.29e-06
3485,28,0.042831,0.000000,0.042831,1.29e-06
3486,28,0.078110,0.000000,0.078110,1.28e-06
3487,28,0.035359,0.000000,0.035359,1.27e-06
3488,28,0.043840,0.002418,0.044565,1.26e-06
3489,28,0.071493,0.000000,0.071493,1.25e-06
3490,28,0.020362,0.000000,0.020362,1.24e-06
3491,28,0.065630,0.000000,0.065630,1.23e-06
3492,28,0.058154,0.000000,0.058154,1.22e-06
3493,28,0.026871,0.000000,0.026871,1.21e-06
3494,28,0.044883,0.000000,0.044883,1.20e-06
3495,28,0.063860,0.000000,0.063860,1.19e-06
3496,28,0.045590,0.000000,0.045590,1.18e-06
3497,28,0.060913,0.000000,0.060913,1.17e-06
3498,28,0.061550,0.000000,0.061550,1.16e-06
3499,28,0.046914,0.000000,0.046914,1.15e-06
3500,29,0.035533,0.000000,0.035533,1.14e-06
3501,29,0.022209,0.000000,0.022209,1.13e-06
3502,29,0.040849,0.000000,0.040849,1.13e-06
3503,29,0.067641,0.000000,0.067641,1.12e-06
3504,29,0.054639,0.019642,0.060531,1.11e-06
3505,29,0.041139,0.000000,0.041139,1.10e-06
3506,29,0.081979,0.000000,0.081979,1.09e-06
3507,29,0.062441,0.000000,0.062441,1.08e-06
3508,29,0.004544,0.000000,0.004544,1.07e-06
3509,29,0.078675,0.000000,0.078675,1.06e-06
3510,29,0.090227,0.000000,0.090227,1.05e-06
3511,29,0.078130,0.000000,0.078130,1.05e-06
3512,29,0.016828,0.000000,0.016828,1.04e-06
3513,29,0.050031,0.000000,0.050031,1.03e-06
3514,29,0.006336,0.000000,0.006336,1.02e-06
3515,29,0.058507,0.000000,0.058507,1.01e-06
3516,29,0.051127,0.000000,0.051127,1.00e-06
3517,29,0.007387,0.000000,0.007387,9.94e-07
3518,29,0.060570,0.000000,0.060570,9.85e-07
3519,29,0.033851,0.000000,0.033851,9.77e-07
3520,29,0.078437,0.020065,0.084456,9.68e-07
3521,29,0.071275,0.000000,0.071275,9.60e-07
3522,29,0.036244,0.000000,0.036244,9.51e-07
3523,29,0.045825,0.000000,0.045825,9.43e-07
3524,29,0.024710,0.000000,0.024710,9.35e-07
3525,29,0.071021,0.000000,0.071021,9.26e-07
3526,29,0.114482,0.000000,0.114482,9.18e-07
3527,29,0.031483,0.000000,0.031483,9.10e-07
3528,29,0.014498,0.000000,0.014498,9.02e-07
3529,29,0.011457,0.000000,0.011457,8.94e-07
3530,29,0.044723,0.000000,0.044723,8.86e-07
3531,29,0.006736,0.000000,0.006736,8.78e-07
3532,29,0.057652,0.000000,0.057652,8.70e-07
3533,29,0.010253,0.000000,0.010253,8.62e-07
3534,29,0.015314,0.000000,0.015314,8.54e-07
3535,29,0.039214,0.000000,0.039214,8.46e-07
3536,29,0.137954,0.077927,0.161332,8.38e-07
3537,29,0.006745,0.000000,0.006745,8.30e-07
3538,29,0.068040,0.000000,0.068040,8.22e-07
3539,29,0.029159,0.000000,0.029159,8.15e-07
3540,29,0.041633,0.000000,0.041633,8.07e-07
3541,29,0.009713,0.000000,0.009713,7.99e-07
3542,29,0.044716,0.000000,0.044716,7.91e-07
3543,29,0.054527,0.000000,0.054527,7.84e-07
3544,29,0.098392,0.000000,0.098392,7.76e-07
3545,29,0.032565,0.000000,0.032565,7.69e-07
3546,29,0.079462,0.000000,0.079462,7.61e-07
3547,29,0.030532,0.000000,0.030532,7.54e-07
3548,29,0.006379,0.000000,0.006379,7.46e-07
3549,29,0.025223,0.000000,0.025223,7.39e-07
3550,29,0.039834,0.000000,0.039834,7.32e-07
3551,29,0.065477,0.000000,0.065477,7.24e-07
3552,29,0.011061,0.134162,0.051310,7.17e-07
3553,29,0.087733,0.000000,0.087733,7.10e-07
3554,29,0.034320,0.000000,0.034320,7.03e-07
3555,29,0.060848,0.000000,0.060848,6.95e-07
3556,29,0.008209,0.000000,0.008209,6.88e-07
3557,29,0.084321,0.000000,0.084321,6.81e-07
3558,29,0.037899,0.000000,0.037899,6.74e-07
3559,29,0.028515,0.000000,0.028515,6.67e-07
3560,29,0.060576,0.000000,0.060576,6.60e-07
3561,29,0.045521,0.000000,0.045521,6.53e-07
3562,29,0.032642,0.000000,0.032642,6.46e-07
3563,29,0.035213,0.000000,0.035213,6.39e-07
3564,29,0.057536,0.000000,0.057536,6.33e-07
3565,29,0.056433,0.000000,0.056433,6.26e-07
3566,29,0.039487,0.000000,0.039487,6.19e-07
3567,29,0.062356,0.000000,0.062356,6.12e-07
3568,29,0.047261,0.039650,0.059156,6.06e-07
3569,29,0.024933,0.000000,0.024933,5.99e-07
3570,29,0.071260,0.000000,0.071260,5.92e-07
3571,29,0.015008,0.000000,0.015008,5.86e-07
3572,29,0.071568,0.000000,0.071568,5.79e-07
3573,29,0.060141,0.000000,0.060141,5.73e-07
3574,29,0.023831,0.000000,0.023831,5.66e-07
3575,29,0.020930,0.000000,0.020930,5.60e-07
3576,29,0.059220,0.000000,0.059220,5.53e-07
3577,29,0.041128,0.000000,0.041128,5.47e-07
3578,29,0.027222,0.000000,0.027222,5.41e-07
3579,29,0.047964,0.000000,0.047964,5.34e-07
3580,29,0.039843,0.000000,0.039843,5.28e-07
3581,29,0.038240,0.000000,0.038240,5.22e-07
3582,29,0.026938,0.000000,0.026938,5.16e-07
3583,29,0.023975,0.000000,0.023975,5.09e-07
3584,29,0.003141,0.016533,0.008101,5.03e-07
3585,29,0.078713,0.000000,0.078713,4.97e-07
3586,29,0.029126,0.000000,0.029126,4.91e-07
3587,29,0.016779,0.000000,0.016779,4.85e-07
3588,29,0.087084,0.000000,0.087084,4.79e-07
3589,29,0.102024,0.000000,0.102024,4.73e-07
3590,29,0.011617,0.000000,0.011617,4.67e-07
3591,29,0.075001,0.000000,0.075001,4.62e-07
3592,29,0.038788,0.000000,0.038788,4.56e-07
3593,29,0.044088,0.000000,0.044088,4.50e-07
3594,29,0.025781,0.000000,0.025781,4.44e-07
3595,29,0.036197,0.000000,0.036197,4.39e-07
3596,29,0.059085,0.000000,0.059085,4.33e-07
3597,29,0.086832,0.000000,0.086832,4.27e-07
3598,29,0.034678,0.000000,0.034678,4.22e-07
3599,29,0.022320,0.000000,0.022320,4.16e-07
3600,29,0.104613,0.004073,0.105835,4.11e-07
3601,29,0.100200,0.000000,0.100200,4.05e-07
3602,29,0.052543,0.000000,0.052543,4.00e-07
3603,29,0.042775,0.000000,0.042775,3.94e-07
3604,29,0.027941,0.000000,0.027941,3.89e-07
3605,29,0.035480,0.000000,0.035480,3.84e-07
3606,29,0.061689,0.000000,0.061689,3.78e-07
3607,29,0.020180,0.000000,0.020180,3.73e-07
3608,29,0.070782,0.000000,0.070782,3.68e-07
3609,29,0.012688,0.000000,0.012688,3.63e-07
3610,29,0.080075,0.000000,0.080075,3.57e-07
3611,29,0.021604,0.000000,0.021604,3.52e-07
3612,29,0.017451,0.000000,0.017451,3.47e-07
3613,29,0.025494,0.000000,0.025494,3.42e-07
3614,29,0.033583,0.000000,0.033583,3.37e-07
3615,29,0.072859,0.000000,0.072859,3.32e-07
3616,29,0.040282,0.024929,0.047760,3.27e-07
3617,29,0.079196,0.000000,0.079196,3.22e-07
3618,29,0.076517,0.000000,0.076517,3.17e-07
3619,29,0.110126,0.000000,0.110126,3.13e-07
3620,29,0.039978,0.000000,0.039978,3.08e-07
3621,29,0.032362,0.000000,0.032362,3.03e-07
3622,29,0.103099,0.000000,0.103099,2.98e-07
3623,29,0.036826,0.000000,0.036826,2.94e-07
3624,29,0.053341,0.000000,0.053341,2.89e-07
3625,30,0.048203,0.000000,0.048203,2.85e-07
3626,30,0.073743,0.000000,0.073743,2.80e-07
3627,30,0.037336,0.000000,0.037336,2.75e-07
3628,30,0.023339,0.000000,0.023339,2.71e-07
3629,30,0.073017,0.000000,0.073017,2.66e-07
3630,30,0.031366,0.000000,0.031366,2.62e-07
3631,30,0.073320,0.000000,0.073320,2.58e-07
3632,30,0.040131,0.102518,0.070887,2.53e-07
3633,30,0.075562,0.000000,0.075562,2.49e-07
3634,30,0.021286,0.000000,0.021286,2.45e-07
3635,30,0.091647,0.000000,0.091647,2.41e-07
3636,30,0.038339,0.000000,0.038339,2.36e-07
3637,30,0.036234,0.000000,0.036234,2.32e-07
3638,30,0.040517,0.000000,0.040517,2.28e-07
3639,30,0.072015,0.000000,0.072015,2.24e-07
3640,30,0.028822,0.000000,0.028822,2.20e-07
3641,30,0.020871,0.000000,0.020871,2.16e-07
3642,30,0.079107,0.000000,0.079107,2.12e-07
3643,30,0.048598,0.000000,0.048598,2.08e-07
3644,30,0.045056,0.000000,0.045056,2.04e-07
3645,30,0.048899,0.000000,0.048899,2.00e-07
3646,30,0.094608,0.000000,0.094608,1.96e-07
3647,30,0.063534,0.000000,0.063534,1.93e-07
3648,30,0.022484,0.038976,0.034177,1.89e-07
3649,30,0.024528,0.000000,0.024528,1.85e-07
3650,30,0.025416,0.000000,0.025416,1.81e-07
3651,30,0.104353,0.000000,0.104353,1.78e-07
3652,30,0.028760,0.000000,0.028760,1.74e-07
3653,30,0.035472,0.000000,0.035472,1.71e-07
3654,30,0.045027,0.000000,0.045027,1.67e-07
3655,30,0.006831,0.000000,0.006831,1.64e-07
3656,30,0.016191,0.000000,0.016191,1.60e-07
3657,30,0.038749,0.000000,0.038749,1.57e-07
3658,30,0.053180,0.000000,0.053180,1.53e-07
3659,30,0.035242,0.000000,0.035242,1.50e-07
3660,30,0.047876,0.000000,0.047876,1.47e-07
3661,30,0.026688,0.000000,0.026688,1.43e-07
3662,30,0.040660,0.000000,0.040660,1.40e-07
3663,30,0.064412,0.000000,0.064412,1.37e-07
3664,30,0.049058,0.016815,0.054102,1.34e-07
3665,30,0.011335,0.000000,0.011335,1.31e-07
3666,30,0.067972,0.000000,0.067972,1.28e-07
3667,30,0.013938,0.000000,0.013938,1.24e-07
3668,30,0.047969,0.000000,0.047969,1.21e-07
3669,30,0.104011,0.000000,0.104011,1.18e-07
3670,30,0.079840,0.000000,0.079840,1.16e-07
3671,30,0.048984,0.000000,0.048984,1.13e-07
3672,30,0.087617,0.000000,0.087617,1.10e-07
3673,30,0.064277,0.000000,0.064277,1.07e-07
3674,30,0.068690,0.000000,0.068690,1.04e-07
3675,30,0.107607,0.000000,0.107607,1.01e-07
3676,30,0.054471,0.000000,0.054471,9.87e-08
3677,30,0.017167,0.000000,0.017167,9.60e-08
3678,30,0.101548,0.000000,0.101548,9.33e-08
3679,30,0.068666,0.000000,0.068666,9.07e-08
3680,30,0.043372,0.028723,0.051989,8.82e-08
3681,30,0.106520,0.000000,0.106520,8.56e-08
3682,30,0.078728,0.000000,0.078728,8.31e-08
3683,30,0.033693,0.000000,0.033693,8.07e-08
3684,30,0.045380,0.000000,0.045380,7.82e-08
3685,30,0.106361,0.000000,0.106361,7.58e-08
3686,30,0.070257,0.000000,0.070257,7.35e-08
3687,30,0.048419,0.000000,0.048419,7.12e-08
3688,30,0.022775,0.000000,0.022775,6.89e-08
3689,30,0.052645,0.000000,0.052645,6.67e-08
3690,30,0.039086,0.000000,0.039086,6.45e-08
3691,30,0.032540,0.000000,0.032540,6.23e-08
3692,30,0.062722,0.000000,0.062722,6.02e-08
3693,30,0.026956,0.000000,0.026956,5.81e-08
3694,30,0.022662,0.000000,0.022662,5.60e-08
3695,30,0.016215,0.000000,0.016215,5.40e-08
3696,30,0.018118,0.023581,0.025192,5.20e-08
3697,30,0.091438,0.000000,0.091438,5.01e-08
3698,30,0.070235,0.000000,0.070235,4.82e-08
3699,30,0.062467,0.000000,0.062467,4.63e-08
3700,30,0.055960,0.000000,0.055960,4.45e-08
3701,30,0.045900,0.000000,0.045900,4.27e-08
3702,30,0.110393,0.000000,0.110393,4.09e-08
3703,30,0.077946,0.000000,0.077946,3.92e-08
3704,30,0.027325,0.000000,0.027325,3.75e-08
3705,30,0.069969,0.000000,0.069969,3.59e-08
3706,30,0.034779,0.000000,0.034779,3.42e-08
3707,30,0.019178,0.000000,0.019178,3.27e-08
3708,30,0.012213,0.000000,0.012213,3.11e-08
3709,30,0.081011,0.000000,0.081011,2.96e-08
3710,30,0.061526,0.000000,0.061526,2.82e-08
3711,30,0.099955,0.000000,0.099955,2.67e-08
3712,30,0.045681,0.031448,0.055116,2.54e-08
3713,30,0.027254,0.000000,0.027254,2.40e-08
3714,30,0.022214,0.000000,0.022214,2.27e-08
3715,30,0.043975,0.000000,0.043975,2.14e-08
3716,30,0.004942,0.000000,0.004942,2.02e-08
3717,30,0.011792,0.000000,0.011792,1.90e-08
3718,30,0.047343,0.000000,0.047343,1.78e-08
3719,30,0.049345,0.000000,0.049345,1.67e-08
3720,30,0.044207,0.000000,0.044207,1.56e-08
3721,30,0.093806,0.000000,0.093806,1.45e-08
3722,30,0.052495,0.000000,0.052495,1.35e-08
3723,30,0.049951,0.000000,0.049951,1.25e-08
3724,30,0.045153,0.000000,0.045153,1.16e-08
3725,30,0.023622,0.000000,0.023622,1.07e-08
3726,30,0.032635,0.000000,0.032635,9.80e-09
3727,30,0.050875,0.000000,0.050875,8.96e-09
3728,30,0.030255,0.007954,0.032641,8.17e-09
3729,30,0.025584,0.000000,0.025584,7.41e-09
3730,30,0.029582,0.000000,0.029582,6.69e-09
3731,30,0.062685,0.000000,0.062685,6.00e-09
3732,30,0.019349,0.000000,0.019349,5.35e-09
3733,30,0.033228,0.000000,0.033228,4.74e-09
3734,30,0.012770,0.000000,0.012770,4.17e-09
3735,30,0.014798,0.000000,0.014798,3.63e-09
3736,30,0.025949,0.000000,0.025949,3.13e-09
3737,30,0.084503,0.000000,0.084503,2.67e-09
3738,30,0.074562,0.000000,0.074562,2.24e-09
3739,30,0.017694,0.000000,0.017694,1.85e-09
3740,30,0.006766,0.000000,0.006766,1.50e-09
3741,30,0.088069,0.000000,0.088069,1.19e-09
3742,30,0.021152,0.000000,0.021152,9.08e-10
3743,30,0.095285,0.000000,0.095285,6.67e-10
3744,30,0.017976,0.039430,0.029805,4.63e-10
3745,30,0.060383,0.000000,0.060383,2.96e-10
3746,30,0.082684,0.000000,0.082684,1.67e-10
3747,30,0.038639,0.000000,0.038639,7.41e-11
3748,30,0.058962,0.000000,0.058962,1.85e-11
3749,30,0.045366,0.000000,0.045366,0.00e+00
